label,contour_area,perimeter,texture_0,texture_1,texture_2,texture_3,texture_4,texture_5,texture_6,texture_7,texture_8,vein_structure,size,hue,saturation,value
300px-Tereler,22.0,21.656854152679443,0,93,0,1947,0,3509,0,2072,42555,149.8714524872449,50176,0.0,0.0,125.64502949617346
Aashaalim  (1),6.5,11.41421353816986,2,35,0,1479,0,3041,0,1662,43957,118.95697146045919,50176,0.0,0.0,141.88745615433675
Aashaalim  (24),0.0,2.0,1,48,0,1137,0,2199,0,1287,45504,85.0440449617347,50176,0.0,0.0,74.78834502551021
Aashaalim  (25),6.0,10.828427076339722,0,82,0,1568,0,3078,0,1546,43902,120.00896843112245,50176,0.0,0.0,81.7203443877551
Aashaalim  (26),49729.0,892.0,0,19,0,296,0,1461,0,297,48103,25.385144292091837,50176,0.0,0.0,136.0481106505102
Aashaalim  (27),3.0,8.0,4,111,0,2151,0,3828,0,2305,41777,153.57631138392858,50176,0.0,0.0,112.54334741709184
Aashaalim  (28),1.5,7.414213538169861,0,94,0,1570,0,3317,0,1611,43584,129.04496173469389,50176,0.0,0.0,91.85407366071429
Aashaalim  (29),0.0,0.0,2,60,0,745,0,1539,0,722,47108,59.125279017857146,50176,0.0,0.0,41.52084661989796
Aashaalim  (30),5.0,15.656854152679443,0,136,0,2294,0,4224,0,2532,40990,163.09002311862244,50176,0.0,0.0,116.40066964285714
Aashaalim  (31),0.0,4.0,0,42,0,757,0,1426,0,730,47221,58.56624681122449,50176,0.0,0.0,53.077566964285715
Aashaalim  (32),1.0,4.828427076339722,1,121,0,2074,0,4696,0,2751,40533,159.97468909438774,50176,0.0,0.0,150.92344945790816
Aashaalim  (33),0.0,4.0,0,58,0,1151,0,2188,0,1237,45542,82.43183992346938,50176,0.0,0.0,116.11607142857143
Aashaalim  (34),32.0,30.97056245803833,0,15,0,181,0,577,0,178,49225,14.031708386479592,50176,0.0,0.0,29.801498724489797
Aashaalim  (35),3.5,9.41421353816986,0,40,0,1178,0,2189,0,1191,45578,92.33687420280613,50176,0.0,0.0,98.20671237244898
Aashaalim  (36),271.0,116.22539556026459,0,25,0,826,0,1699,0,802,46824,65.79809072066327,50176,0.0,0.0,73.7109375
Aashaalim  (37),2.5,7.414213538169861,0,29,0,1273,0,2500,0,1411,44963,98.79623724489795,50176,0.0,0.0,149.4953762755102
Aashaalim  (38),1.0,4.0,0,16,0,612,0,1437,0,579,47532,48.661212531887756,50176,0.0,0.0,58.312141262755105
Aashaalim  (39),0.0,2.0,0,36,0,769,0,1230,0,716,47425,57.47359295280612,50176,0.0,0.0,44.798808195153065
Aashaalim  (40),3345.0,476.0,0,24,0,574,0,1915,0,610,47053,51.29374601403061,50176,0.0,0.0,63.20621412627551
Aashaalim  (41),3.0,8.0,4,111,0,2151,0,3828,0,2305,41777,153.57631138392858,50176,0.0,0.0,112.54334741709184
Aashaalim  (42),11326.5,574.0416300296783,0,27,0,63,0,1066,0,45,48975,14.936324139030612,50176,0.0,0.0,119.35337611607143
Aashaalim  (43),9.0,12.828427076339722,0,45,0,1337,0,2303,0,1353,45138,101.40844228316327,50176,0.0,0.0,108.18797831632654
Aashaalim  (44),59.5,33.55634891986847,0,9,0,1127,0,2398,0,1296,45346,92.62655452806122,50176,0.0,0.0,164.2792370854592
Aashaalim  (45),20.0,17.656854152679443,1,116,0,2489,0,5129,0,2988,39453,189.61864237882654,50176,0.0,0.0,167.0540696747449
Aashaalim  (46),0.0,2.0,1,57,0,2229,0,4135,0,2571,41183,163.99463887117346,50176,0.0,0.0,178.40750558035714
Aashaalim  (47),49729.0,892.0,0,21,0,650,0,1804,0,657,47044,49.87075494260204,50176,0.0,0.0,162.63771524234693
Aashaalim  (48),49729.0,892.0,0,9,0,342,0,1632,0,393,47800,30.90431680484694,50176,0.0,0.0,152.04659598214286
Aashaalim  (49),0.5,3.414213538169861,0,25,0,597,0,1104,0,561,47889,47.62954400510204,50176,0.0,0.0,43.40630978954081
Aashaalim  (50),0.0,0.0,1,160,0,2162,0,4033,0,2382,41438,154.30305325255102,50176,0.0,0.0,111.10002790178571
Aashaalim  (52),57.0,43.79898929595947,0,40,0,939,0,2022,0,899,46276,75.21016023596938,50176,0.0,0.0,78.58468191964286
Aashaalim  (53),0.0,0.0,1,46,0,938,0,2066,0,919,46206,80.95294563137755,50176,0.0,0.0,77.55301339285714
Aashaalim  (54),0.0,2.0,0,36,0,769,0,1230,0,716,47425,57.47359295280612,50176,0.0,0.0,44.798808195153065
Aashaalim  (55),0.0,0.0,1,171,0,2291,0,4262,0,2500,40951,165.2194276147959,50176,0.0,0.0,114.23060825892857
Aashaalim  (56),5.0,11.656854152679443,0,82,0,1715,0,3636,0,2166,42577,132.0281608737245,50176,0.0,0.0,144.83508051658163
Acacia jacquemontii Benth (1),3454.5,533.0121924877167,0,2,0,64,0,597,0,99,49414,10.57079081632653,50176,0.0,0.0,18.1380540497449
Acacia jacquemontii Benth (11),7.5,21.41421353816986,0,51,0,1275,0,2869,0,1512,44469,102.17584103954081,50176,0.0,0.0,138.60949457908163
Acacia jacquemontii Benth (12),0.0,2.0,0,80,0,1492,0,3234,0,1812,43558,118.11842315051021,50176,0.0,0.0,128.65363919005102
Acacia jacquemontii Benth (13),112.5,46.72792184352875,0,26,0,997,0,2509,0,1074,45570,86.21801259566327,50176,0.0,0.0,169.31560905612244
Acacia jacquemontii Benth (14),0.0,2.0,2,60,0,605,0,1150,0,631,47728,43.863699776785715,50176,0.0,0.0,58.94740513392857
Acacia jacquemontii Benth (15),3415.0,484.2842707633972,0,24,0,518,0,1551,0,554,47529,47.1467434630102,50176,0.0,0.0,92.14883609693878
Acacia jacquemontii Benth (17),8.0,12.828427076339722,0,66,0,1435,0,3056,0,1670,43949,113.73256138392857,50176,0.0,0.0,126.48357780612245
Acacia jacquemontii Benth (18),692.5,146.12489008903503,0,25,0,751,0,1964,0,798,46638,67.58699378188776,50176,0.0,0.0,74.97638313137755
Acacia jacquemontii Benth (19),49729.0,892.0,0,35,0,655,0,2021,0,645,46820,53.758569834183675,50176,0.0,0.0,216.56399473852042
Acacia jacquemontii Benth (20),12147.0,895.3523744344711,0,54,0,1174,0,2369,0,1212,45367,81.27311862244898,50176,0.0,0.0,158.27726403061226
Acacia jacquemontii Benth (21),1.5,5.414213538169861,0,27,0,1001,0,2237,0,979,45932,70.54478236607143,50176,0.0,0.0,198.12609614158163
Acacia jacquemontii Benth (22),49729.0,892.0,0,7,0,509,0,1591,0,523,47546,38.125996492346935,50176,0.0,0.0,201.80554448341837
Acacia jacquemontii Benth (23),49687.5,905.07106757164,0,5,0,529,0,1776,0,536,47330,45.32734773596939,50176,0.0,0.0,168.78706951530611
Acacia jacquemontii Benth (24),49729.0,892.0,0,13,0,575,0,1824,0,572,47192,41.03296396683673,50176,0.0,0.0,217.84468670280611
Acacia jacquemontii Benth (25),3.0,8.828427076339722,1,32,0,1125,0,2040,0,1156,45822,87.51903300382654,50176,0.0,0.0,106.84630102040816
Acacia jacquemontii Benth (26),195.5,73.69848418235779,0,61,0,1406,0,2298,0,1516,44895,104.86935985331633,50176,0.0,0.0,94.41545758928571
Acacia jacquemontii Benth (27),3.0,8.828427076339722,1,32,0,1125,0,2040,0,1156,45822,87.51903300382654,50176,0.0,0.0,106.84630102040816
Acacia jacquemontii Benth (28),195.5,73.69848418235779,0,61,0,1406,0,2298,0,1516,44895,104.86935985331633,50176,0.0,0.0,94.41545758928571
Acacia jacquemontii Benth (29),0.0,4.0,0,78,0,2065,0,4274,0,2378,41381,159.0802375637755,50176,0.0,0.0,147.8030333227041
Acacia jacquemontii Benth (30),49729.0,892.0,0,7,0,509,0,1591,0,523,47546,38.125996492346935,50176,0.0,0.0,201.80554448341837
Acacia jacquemontii Benth (31),49729.0,892.0,0,5,0,389,0,1620,0,390,47772,34.62950414540816,50176,0.0,0.0,175.00249123086735
Acacia jacquemontii Benth (32),49729.0,892.0,0,7,0,337,0,1572,0,340,47920,31.234654017857142,50176,0.0,0.0,160.46257174744898
Acacia jacquemontii Benth (33),3.0,8.828427076339722,1,32,0,1125,0,1991,0,1162,45865,86.60933514030613,50176,0.0,0.0,106.64301658163265
Acacia jacquemontii Benth (34),6860.0,780.6173108816147,1,29,0,621,0,1488,0,672,47365,47.64987244897959,50176,0.0,0.0,64.52248086734694
Acacia jacquemontii Benth (35),38530.5,1117.8893901109695,0,9,0,541,0,1789,0,535,47302,45.916872608418366,50176,0.0,0.0,168.90904017857142
Acacia jacquemontii Benth (36),49729.0,892.0,0,2,0,332,0,1558,0,372,47912,30.899234693877553,50176,0.0,0.0,222.15939891581633
Acacia jacquemontii Benth (37),49729.0,892.0,0,2,0,491,0,2100,0,487,47096,50.91766980229592,50176,0.0,0.0,167.0540696747449
Acacia jacquemontii Benth (38),49729.0,892.0,0,6,0,479,0,1632,0,499,47560,39.01028380102041,50176,0.0,0.0,210.66366390306123
Acacia jacquemontii Benth (39),3.5,9.41421353816986,0,111,0,1599,0,2935,0,1618,43913,120.55275430484694,50176,0.0,0.0,129.9495774872449
Acacia jacquemontii Benth (40),2.5,10.242640614509583,0,15,0,879,0,1803,0,947,46532,67.50568000637755,50176,0.0,0.0,111.25249123086735
Acacia jacquemontii Benth (41),12121.5,891.9381601810455,0,52,0,1140,0,2374,0,1187,45423,79.98734454719387,50176,0.0,0.0,156.45786830357142
Acacia jacquemontii Benth (42),22.5,25.899494647979736,0,117,0,1519,0,3199,0,1596,43745,110.27164381377551,50176,0.0,0.0,133.0191725127551
Acacia jacquemontii Benth (43),49729.0,892.0,0,12,0,486,0,1760,0,496,47422,43.76205755739796,50176,0.0,0.0,168.15688775510205
Akarkara  (1),498.5,117.0121921300888,1,11,0,348,0,671,0,366,48779,27.504384566326532,50176,0.0,0.0,45.413743622448976
Akarkara  (10),242.0,81.25483298301697,2,46,0,792,0,1286,0,768,47282,55.0341796875,50176,0.0,0.0,59.28282445790816
Akarkara  (11),0.0,0.0,1,13,0,349,0,670,0,366,48777,27.79914700255102,50176,0.0,0.0,45.37816884566327
Akarkara  (12),967.0,144.9116872549057,0,8,0,105,0,270,0,97,49696,7.953503667091836,50176,0.0,0.0,15.495356345663266
Akarkara  (13),498.5,117.0121921300888,1,11,0,348,0,671,0,366,48779,27.504384566326532,50176,0.0,0.0,45.413743622448976
Akarkara  (14),242.0,81.25483298301697,2,46,0,792,0,1286,0,768,47282,55.0341796875,50176,0.0,0.0,59.28282445790816
Akarkara  (15),20.0,20.485281109809875,0,14,0,223,0,443,0,188,49308,17.568857621173468,50176,0.0,0.0,22.457848373724488
Akarkara  (16),134.5,79.21320307254791,0,17,0,744,0,1306,0,765,47344,57.83442283163265,50176,0.0,0.0,85.62848772321429
Akarkara  (17),1150.5,178.12488973140717,1,24,0,664,0,1476,0,760,47251,58.64247847576531,50176,0.0,0.0,77.66990194515306
Akarkara  (18),0.0,0.0,1,13,0,349,0,670,0,366,48777,27.79914700255102,50176,0.0,0.0,45.37816884566327
Akarkara  (19),0.0,0.0,0,0,0,0,0,0,0,0,50176,0.0,50176,0.0,0.0,0.0
Akarkara  (2),0.0,0.0,3,88,0,1267,0,2408,0,1320,45090,88.92169563137755,50176,0.0,0.0,74.31062659438776
Akarkara  (20),243.5,79.8406195640564,1,45,0,772,0,1305,0,755,47298,54.62252869897959,50176,0.0,0.0,59.308235012755105
Akarkara  (21),24.0,38.97056245803833,0,25,0,432,0,685,0,413,48621,33.87226961096939,50176,0.0,0.0,39.54390545280612
Akarkara  (22),497.5,117.0121922492981,0,15,0,342,0,679,0,364,48776,27.880460778061224,50176,0.0,0.0,45.36800462372449
Akarkara  (23),0.0,2.0,0,17,0,352,0,631,0,366,48810,27.382413903061224,50176,0.0,0.0,46.460658482142854
Akarkara  (24),3.0,8.0,0,48,0,1402,0,2658,0,1494,44574,109.04685507015306,50176,0.0,0.0,96.73798230229592
Akarkara  (25),0.0,2.0,0,14,0,356,0,665,0,374,48767,27.646683673469386,50176,0.0,0.0,45.545878507653065
Akarkara  (26),967.0,144.9116872549057,0,8,0,105,0,270,0,97,49696,7.953503667091836,50176,0.0,0.0,15.495356345663266
Akarkara  (27),0.0,4.0,0,23,0,586,0,2201,0,686,46680,54.27694515306123,50176,0.0,0.0,109.64654416454081
Akarkara  (28),242.0,81.25483298301697,2,46,0,792,0,1286,0,768,47282,55.0341796875,50176,0.0,0.0,59.28282445790816
Akarkara  (29),20.0,20.485281109809875,0,14,0,223,0,443,0,188,49308,17.568857621173468,50176,0.0,0.0,22.457848373724488
Akarkara  (3),3.0,8.828427076339722,0,14,0,348,0,654,0,353,48807,27.346839126275512,50176,0.0,0.0,46.68427136479592
Akarkara  (30),498.5,117.0121921300888,1,11,0,348,0,671,0,366,48779,27.504384566326532,50176,0.0,0.0,45.413743622448976
Akarkara  (31),134.5,79.21320307254791,0,17,0,744,0,1306,0,765,47344,57.83442283163265,50176,0.0,0.0,85.62848772321429
Akarkara  (32),20.0,20.485281109809875,0,14,0,223,0,443,0,188,49308,17.568857621173468,50176,0.0,0.0,22.457848373724488
Akarkara  (33),11.5,14.242640614509583,0,15,0,180,0,301,0,173,49507,13.869080835459183,50176,0.0,0.0,12.781509088010203
Akarkara  (34),49729.0,892.0,0,29,0,489,0,2311,0,527,46820,52.945432079081634,50176,0.0,0.0,127.55082110969387
Akarkara  (4),0.0,6.0,0,9,0,95,0,198,0,66,49808,7.26741868622449,50176,0.0,0.0,6.474609375
Akarkara  (5),11.5,14.242640614509583,0,15,0,180,0,301,0,173,49507,13.869080835459183,50176,0.0,0.0,12.781509088010203
Akarkara  (6),0.0,2.0,0,61,0,1152,0,2067,0,1165,45731,87.79854910714286,50176,0.0,0.0,92.28097098214286
Akarkara  (7),1.5,5.414213538169861,1,22,0,210,0,365,0,139,49439,14.631397480867347,50176,0.0,0.0,9.14779974489796
Akarkara  (8),0.0,0.0,1,14,0,203,0,335,0,187,49436,14.860092474489797,50176,0.0,0.0,12.893315529336734
Akarkara  (9),0.0,2.0,1,21,0,393,0,693,0,390,48678,31.951231664540817,50176,0.0,0.0,40.245236766581634
Akarkara,0.0,0.0,3,86,0,1223,0,2375,0,1288,45201,87.60542889030613,50176,0.0,0.0,73.59913105867346
Arka (24),14.5,18.242640614509583,0,9,0,295,0,1075,0,273,48524,33.216677295918366,50176,0.0,0.0,140.7744738520408
Arka (35),17.0,32.97056245803833,0,7,0,319,0,853,0,309,48688,25.202188297193878,50176,0.0,0.0,205.96271125637756
Alethi  (1),0.5,3.414213538169861,0,90,0,1781,0,3752,0,2140,42413,138.3299784757653,50176,0.0,0.0,132.51096141581633
Alethi  (10),1.0,4.828427076339722,0,89,0,1338,0,2434,0,1371,44944,101.50500239158163,50176,0.0,0.0,84.5459980867347
Alethi  (11),39.5,27.071067690849304,1,25,0,1235,0,2463,0,1373,45079,97.67309072066327,50176,0.0,0.0,133.2275390625
Alethi  (12),5.0,11.656854152679443,0,21,0,598,0,1853,0,864,46840,52.41689253826531,50176,0.0,0.0,215.1511678890306
Alethi  (13),0.0,0.0,1,187,0,2483,0,5037,0,2970,39498,184.83129384566325,50176,0.0,0.0,141.30301339285714
Alethi  (14),13.0,14.828427076339722,0,44,0,940,0,2040,0,927,46225,73.8735650510204,50176,0.0,0.0,158.55678013392858
Alethi  (15),39.5,27.071067690849304,0,36,0,1238,0,2503,0,1367,45032,99.10116390306122,50176,0.0,0.0,133.62394371811226
Alethi  (16),1.0,4.828427076339722,0,48,0,1192,0,2045,0,1152,45739,87.66133211096938,50176,0.0,0.0,62.103396045918366
Alethi  (17),13.0,14.828427076339722,0,44,0,940,0,2040,0,927,46225,73.8735650510204,50176,0.0,0.0,158.55678013392858
Alethi  (18),5.5,9.41421353816986,0,54,0,1543,0,3117,0,1756,43706,122.37723214285714,50176,0.0,0.0,130.42729591836735
Alethi  (19),7.0,17.656854152679443,1,78,0,1692,0,3168,0,1857,43380,129.89875637755102,50176,0.0,0.0,121.07112962372449
Alethi  (2),11.5,29.41421353816986,0,71,0,1570,0,2674,0,1569,44292,114.3424147002551,50176,0.0,0.0,99.88889110331633
Alethi  (20),0.0,2.0,0,69,0,1786,0,3330,0,1907,43084,136.92731584821428,50176,0.0,0.0,120.04962531887755
Alethi  (21),19.0,26.82842707633972,1,24,0,1219,0,2280,0,1250,45402,96.9920878507653,50176,0.0,0.0,118.23531170280613
Alethi  (22),19.0,26.82842707633972,1,24,0,1219,0,2280,0,1250,45402,96.9920878507653,50176,0.0,0.0,118.23531170280613
Alethi  (23),11.5,29.41421353816986,0,71,0,1570,0,2674,0,1569,44292,114.3424147002551,50176,0.0,0.0,99.88889110331633
Alethi  (24),5.5,10.242640614509583,1,62,0,1658,0,3129,0,1834,43492,124.56762197066327,50176,0.0,0.0,131.6927415497449
Alethi  (25),0.0,0.0,1,62,0,1321,0,2692,0,1371,44729,102.18092315051021,50176,0.0,0.0,96.51436941964286
Alethi  (26),0.0,0.0,4,106,0,1821,0,3297,0,1891,43057,136.06335698341837,50176,0.0,0.0,106.2110371492347
Alethi  (27),19.0,26.82842707633972,1,24,0,1219,0,2280,0,1250,45402,96.9920878507653,50176,0.0,0.0,118.23531170280613
Alethi  (28),7.0,11.656854152679443,0,139,0,2397,0,4327,0,2580,40733,171.76010443239795,50176,0.0,0.0,122.66183035714286
Alethi  (29),5.0,8.828427076339722,1,56,0,1409,0,3027,0,1589,44094,113.87994260204081,50176,0.0,0.0,124.21695631377551
Alethi  (3),48368.0,1218.333040714264,0,40,0,1083,0,2960,0,1369,44724,90.5225605867347,50176,0.0,0.0,200.57567362882654
Alethi  (30),27.5,33.55634891986847,0,107,0,1765,0,3455,0,1962,42887,134.96053890306123,50176,0.0,0.0,108.81816007653062
Alethi  (31),6.0,10.828427076339722,1,40,0,1280,0,2547,0,1359,44949,98.87755102040816,50176,0.0,0.0,112.91434151785714
Alethi  (32),0.0,2.0,3,43,0,690,0,1288,0,658,47494,46.33868781887755,50176,0.0,0.0,41.41412228954081
Alethi  (34),48119.5,1326.7422016859055,0,51,0,1237,0,3362,0,1747,43779,105.03706951530613,50176,0.0,0.0,193.5318678252551
Alethi  (35),5.0,8.828427076339722,1,56,0,1409,0,3027,0,1589,44094,113.87994260204081,50176,0.0,0.0,124.21695631377551
Alethi  (4),9.0,12.828427076339722,0,44,0,1333,0,2653,0,1402,44744,102.69929846938776,50176,0.0,0.0,116.37017697704081
Alethi  (5),2.0,6.828427076339722,1,46,0,1153,0,1977,0,1170,45829,88.12888632015306,50176,0.0,0.0,74.5850605867347
Alethi  (6),5.5,10.242640614509583,1,62,0,1658,0,3129,0,1834,43492,124.56762197066327,50176,0.0,0.0,131.6927415497449
Alethi  (7),2.5,7.414213538169861,0,47,0,1299,0,2262,0,1382,45186,98.4506536989796,50176,0.0,0.0,107.44090800382654
Alethi  (8),5.5,10.242640614509583,1,62,0,1658,0,3129,0,1834,43492,124.56762197066327,50176,0.0,0.0,131.6927415497449
Alethi  (9),7.0,17.656854152679443,1,78,0,1692,0,3168,0,1857,43380,129.89875637755102,50176,0.0,0.0,121.07112962372449
Aloevera (1),49729.0,892.0,0,1,0,293,0,1266,0,294,48322,22.564572704081634,50176,0.0,0.0,197.57214604591837
Aloevera (11),14047.5,980.7422018051147,0,7,0,518,0,1806,0,511,47334,46.69951769770408,50176,0.0,0.0,187.0216836734694
Aloevera (12),49729.0,892.0,0,0,0,267,0,1040,0,267,48602,15.693558673469388,50176,0.0,0.0,224.619140625
Aloevera (13),49729.0,892.0,0,2,0,265,0,1274,0,265,48370,21.421097735969386,50176,0.0,0.0,189.02911750637756
Aloevera (14),49729.0,892.0,0,0,0,102,0,1294,0,102,48678,13.904655612244898,50176,0.0,0.0,239.66218909438774
Aloevera (15),49729.0,892.0,0,1,0,87,0,1255,0,87,48746,13.025450414540817,50176,0.0,0.0,222.84040178571428
Aloevera (16),49729.0,892.0,0,1,0,260,0,1151,0,296,48468,17.767059948979593,50176,0.0,0.0,223.60780054209184
Aloevera (17),49729.0,892.0,0,1,0,87,0,1255,0,87,48746,13.025450414540817,50176,0.0,0.0,222.84040178571428
Aloevera (18),44600.0,846.0,0,2,0,321,0,1259,0,322,48272,30.045440051020407,50176,0.0,0.0,176.45597496811226
Aloevera (19),49729.0,892.0,0,1,0,90,0,1209,0,90,48786,11.81590800382653,50176,0.0,0.0,240.69893973214286
Aloevera (20),49729.0,892.0,0,0,0,246,0,1096,0,246,48588,16.222098214285715,50176,0.0,0.0,223.18598533163265
Aloevera (21),49729.0,892.0,0,2,0,265,0,1276,0,265,48368,21.410933514030614,50176,0.0,0.0,189.0850207270408
Aloevera (22),49729.0,892.0,0,0,0,150,0,1264,0,144,48618,16.1458665497449,50176,0.0,0.0,219.29817044005102
Aloevera (23),49729.0,892.0,0,0,0,247,0,1094,0,247,48588,16.2271803252551,50176,0.0,0.0,222.9928651147959
Aloevera (24),35424.0,1799.969689130783,0,3,0,418,0,1203,0,416,48136,28.017677774234695,50176,0.0,0.0,184.16553730867346
Aloevera (25),49729.0,892.0,0,1,0,305,0,1247,0,305,48318,22.59506536989796,50176,0.0,0.0,197.94314014668367
Aloevera (26),7405.0,464.7350639104843,0,5,0,504,0,1359,0,498,47810,36.72841597576531,50176,0.0,0.0,140.3679049744898
Aloevera (27),14047.5,980.7422018051147,0,7,0,518,0,1806,0,511,47334,46.69951769770408,50176,0.0,0.0,187.0216836734694
Aloevera (28),49729.0,892.0,0,7,0,356,0,1583,0,360,47870,32.022381218112244,50176,0.0,0.0,213.1691446109694
Aloevera (29),49729.0,892.0,0,5,0,279,0,1279,0,279,48334,22.117346938775512,50176,0.0,0.0,172.2073301977041
Aloevera (30),49729.0,892.0,0,3,0,225,0,1224,0,226,48498,18.692004145408163,50176,0.0,0.0,179.28162866709184
Aloevera (31),49729.0,892.0,0,0,0,102,0,1294,0,102,48678,13.904655612244898,50176,0.0,0.0,239.66218909438774
Aloevera (32),49729.0,892.0,0,0,0,28,0,1218,0,28,48902,9.335837850765307,50176,0.0,0.0,241.08518016581633
Aloevera (33),49729.0,892.0,0,1,0,90,0,1209,0,90,48786,11.81590800382653,50176,0.0,0.0,240.69893973214286
Aloevera (34),49729.0,892.0,0,3,0,462,0,1627,0,462,47622,37.998943718112244,50176,0.0,0.0,182.31056680484693
Aloevera (35),49729.0,892.0,0,0,0,250,0,1020,0,250,48656,14.402702487244898,50176,0.0,0.0,224.92406728316325
Aloevera (36),49729.0,892.0,0,0,0,204,0,1140,0,208,48624,15.205676020408163,50176,0.0,0.0,226.06246014030611
Aloevera (37),49729.0,892.0,0,0,0,305,0,1248,0,305,48318,22.554408482142858,50176,0.0,0.0,197.82116948341837
Aloevera (38),49729.0,892.0,0,1,0,260,0,1151,0,296,48468,17.767059948979593,50176,0.0,0.0,223.60780054209184
Aloevera (39),49729.0,892.0,0,1,0,218,0,1085,0,218,48654,14.595822704081632,50176,0.0,0.0,234.9968112244898
Aloevera (40),0.5,3.414213538169861,0,31,0,491,0,1221,0,575,47858,45.05799585459184,50176,0.0,0.0,133.98477359693877
Aloevera (41),1.5,9.41421353816986,0,31,0,464,0,1681,0,690,47310,45.32734773596939,50176,0.0,0.0,167.07439811862244
Aloevera (42),49729.0,892.0,0,2,0,228,0,1107,0,227,48612,15.703722895408163,50176,0.0,0.0,217.1433553890306
Aloevera (43),49729.0,892.0,0,0,0,222,0,1116,0,222,48616,15.444535235969388,50176,0.0,0.0,218.0174784757653
Aloevera (44),2385.0,582.6173108816147,0,14,0,438,0,965,0,445,48314,38.66978236607143,50176,0.0,0.0,43.421556122448976
Amaranthus viridis  (1),101.0,95.94112491607666,0,11,0,654,0,1476,0,691,47344,49.50992506377551,50176,0.0,0.0,183.12878667091837
Amaranthus viridis  (10),49729.0,892.0,0,4,0,249,0,1355,0,260,48308,22.671297034438776,50176,0.0,0.0,207.8888313137755
Amaranthus viridis  (11),49729.0,892.0,0,8,0,286,0,1419,0,303,48160,25.273337850765305,50176,0.0,0.0,195.87980309311226
Amaranthus viridis  (12),15230.0,1231.6366437673569,0,9,0,525,0,1639,0,521,47482,42.867606026785715,50176,0.0,0.0,137.51684072066325
Amaranthus viridis  (13),154.5,89.69848430156708,0,38,0,1032,0,2278,0,1150,45678,88.82005341198979,50176,0.0,0.0,150.908203125
Amaranthus viridis  (14),0.0,2.0,0,23,0,774,0,1800,0,891,46688,67.45994100765306,50176,0.0,0.0,162.18032525510205
Amaranthus viridis  (15),154.5,89.69848430156708,0,38,0,1032,0,2278,0,1150,45678,88.82005341198979,50176,0.0,0.0,150.908203125
Amaranthus viridis  (16),349.0,112.42640590667725,0,38,0,978,0,2081,0,1095,45984,83.05693957270408,50176,0.0,0.0,112.86352040816327
Amaranthus viridis  (17),6.5,10.242640614509583,0,19,0,742,0,2036,0,759,46620,67.31764190051021,50176,0.0,0.0,168.5431281887755
Amaranthus viridis  (18),1.0,4.0,0,35,0,862,0,1734,0,891,46654,68.46619897959184,50176,0.0,0.0,98.71492346938776
Amaranthus viridis  (19),0.0,0.0,1,27,0,1066,0,2061,0,1128,45893,84.15467554209184,50176,0.0,0.0,135.6415417729592
Amaranthus viridis  (2),0.0,0.0,1,27,0,1066,0,2061,0,1128,45893,84.15467554209184,50176,0.0,0.0,135.6415417729592
Amaranthus viridis  (20),3.5,9.41421353816986,0,8,0,712,0,1422,0,752,47282,52.03065210459184,50176,0.0,0.0,185.11589205994898
Amaranthus viridis  (21),49729.0,892.0,0,5,0,342,0,1452,0,349,48028,28.327686543367346,50176,0.0,0.0,206.25747369260205
Amaranthus viridis  (22),33761.5,1770.2224305868149,0,2,0,285,0,1367,0,282,48240,25.339405293367346,50176,0.0,0.0,175.78005420918367
Amaranthus viridis  (23),101.0,98.76955187320709,0,13,0,614,0,1452,0,659,47438,49.647142059948976,50176,0.0,0.0,185.80197704081633
Amaranthus viridis  (24),5.5,10.242640614509583,0,18,0,768,0,1644,0,798,46948,64.79691485969387,50176,0.0,0.0,146.3038105867347
Amaranthus viridis  (25),0.0,0.0,1,81,0,1674,0,2949,0,1724,43747,120.66964285714286,50176,0.0,0.0,129.10086495535714
Amaranthus viridis  (26),49729.0,892.0,0,2,0,191,0,1154,0,191,48638,15.205676020408163,50176,0.0,0.0,172.66472018494898
Amaranthus viridis  (27),49729.0,892.0,0,0,0,251,0,1106,0,251,48568,16.608338647959183,50176,0.0,0.0,161.60604671556123
Amaranthus viridis  (28),49729.0,892.0,0,0,0,193,0,1126,0,193,48664,14.453523596938776,50176,0.0,0.0,181.22299505739795
Amaranthus viridis  (29),49729.0,892.0,0,0,0,209,0,1122,0,209,48636,15.231086575255102,50176,0.0,0.0,179.0071946747449
Amaranthus viridis  (3),91.5,53.55634891986847,0,12,0,543,0,1512,0,548,47561,44.854711415816325,50176,0.0,0.0,208.29540019132654
Amaranthus viridis  (30),49729.0,892.0,0,1,0,218,0,1129,0,218,48610,15.795200892857142,50176,0.0,0.0,165.82419882015307
Amaranthus viridis  (31),49729.0,892.0,0,0,0,245,0,1134,0,245,48552,17.111467633928573,50176,0.0,0.0,164.4012077487245
Amaranthus viridis  (32),49729.0,892.0,0,0,0,213,0,1108,0,213,48642,14.976981026785714,50176,0.0,0.0,179.01227678571428
Amaranthus viridis  (33),49729.0,892.0,0,0,0,232,0,1094,0,232,48618,15.378467793367347,50176,0.0,0.0,176.77614795918367
Amaranthus viridis  (34),49729.0,892.0,0,0,0,209,0,1124,0,209,48634,15.215840242346939,50176,0.0,0.0,172.79177295918367
Amaranthus viridis  (35),2.0,6.0,0,13,0,497,0,1039,0,502,48125,40.443439094387756,50176,0.0,0.0,96.47879464285714
Amaranthus viridis  (4),36.0,34.14213526248932,0,16,0,599,0,1339,0,630,47592,49.50484295280612,50176,0.0,0.0,162.42934869260205
Amaranthus viridis  (5),6.5,10.242640614509583,0,19,0,742,0,2036,0,759,46620,67.31764190051021,50176,0.0,0.0,168.5431281887755
Amaranthus viridis  (6),49729.0,892.0,0,12,0,377,0,1510,0,375,47902,31.580237563775512,50176,0.0,0.0,181.98022959183675
Amaranthus viridis  (7),49268.0,1043.112697482109,0,9,0,392,0,1606,0,392,47777,34.27883848852041,50176,0.0,0.0,202.52212213010205
Amaranthus viridis  (8),49729.0,892.0,0,4,0,401,0,1613,0,410,47748,35.142797353316325,50176,0.0,0.0,196.45408163265307
Amaranthus viridis  (9),56.5,32.72792160511017,0,2,0,270,0,877,0,255,48772,20.465660873724488,50176,0.0,0.0,127.03752790178571
Amlanch  (1),0.0,0.0,1,37,0,796,0,1920,0,857,46565,65.32545440051021,50176,0.0,0.0,137.61340082908163
Amlanch  (10),64.0,61.79898953437805,0,13,0,483,0,807,0,489,48384,38.27845982142857,50176,0.0,0.0,140.9066087372449
Amlanch  (11),169.5,123.35533845424652,0,5,0,247,0,595,0,241,49088,20.719766422193878,50176,0.0,0.0,36.357421875
Amlanch  (12),2.5,7.414213538169861,0,24,0,662,0,1143,0,631,47716,49.0576171875,50176,0.0,0.0,107.1664740114796
Amlanch  (13),1.0,4.0,1,31,0,1157,0,2221,0,1245,45521,93.08394451530613,50176,0.0,0.0,121.70639349489795
Amlanch  (14),64.0,61.79898953437805,0,13,0,483,0,807,0,489,48384,38.27845982142857,50176,0.0,0.0,140.9066087372449
Amlanch  (15),16.0,16.82842707633972,0,5,0,142,0,232,0,121,49676,10.555544483418368,50176,0.0,0.0,8.370236766581632
Amlanch  (16),495.5,115.0121921300888,0,10,0,609,0,1116,0,581,47860,48.158083545918366,50176,0.0,0.0,76.26723931760205
Amlanch  (17),20987.5,1209.442773103714,0,13,0,475,0,914,0,492,48282,41.83085538903061,50176,0.0,0.0,103.27865911989795
Amlanch  (18),328.0,82.2842708826065,0,19,0,744,0,1513,0,743,47157,60.27891820790816,50176,0.0,0.0,124.62860730229592
Amlanch  (19),495.5,115.0121921300888,0,10,0,609,0,1116,0,581,47860,48.158083545918366,50176,0.0,0.0,76.26723931760205
Amlanch  (2),0.5,5.414213538169861,0,7,0,235,0,765,0,217,48952,21.57356106505102,50176,0.0,0.0,37.384008290816325
Amlanch  (20),397.5,101.8406195640564,0,4,0,222,0,521,0,213,49216,17.289341517857142,50176,0.0,0.0,35.452806122448976
Amlanch  (21),20987.5,1209.442773103714,0,13,0,475,0,914,0,492,48282,41.83085538903061,50176,0.0,0.0,103.27865911989795
Amlanch  (22),60.5,35.899494767189026,0,10,0,619,0,1563,0,676,47308,53.682338169642854,50176,0.0,0.0,169.7120137117347
Amlanch  (23),323.5,84.04163014888763,0,26,0,714,0,1507,0,728,47201,59.25741390306123,50176,0.0,0.0,124.45073341836735
Amlanch  (24),22.5,28.242640614509583,0,24,0,1067,0,3034,0,1159,44892,100.32595264668367,50176,0.0,0.0,158.78039301658163
Amlanch  (25),7.0,18.82842707633972,1,8,0,519,0,1035,0,554,48059,43.13187579719388,50176,0.0,0.0,154.8976602359694
Amlanch  (26),0.0,6.0,0,49,0,1249,0,2365,0,1290,45223,99.53314333545919,50176,0.0,0.0,116.65477519132654
Amlanch  (27),0.5,5.414213538169861,0,54,0,1203,0,2195,0,1235,45489,96.30600286989795,50176,0.0,0.0,110.56640625
Amlanch  (28),97.5,50.041630029678345,0,42,0,925,0,1762,0,909,46538,71.64251833545919,50176,0.0,0.0,122.44838169642857
Amlanch  (29),20.5,18.242640614509583,0,44,0,1264,0,2267,0,1335,45266,97.69850127551021,50176,0.0,0.0,122.33657525510205
Amlanch  (3),32.5,35.55634880065918,0,21,0,707,0,1755,0,742,46951,55.61862244897959,50176,0.0,0.0,168.63968829719389
Amlanch  (30),57.0,42.485281229019165,0,32,0,946,0,1619,0,993,46586,73.99045360331633,50176,0.0,0.0,134.63020169005102
Amlanch  (31),19.5,18.242640614509583,0,60,0,1266,0,2325,0,1348,45177,98.34392936862245,50176,0.0,0.0,122.53477758290816
Amlanch  (32),58.0,44.485281229019165,0,26,0,916,0,1657,0,961,46616,72.94862085459184,50176,0.0,0.0,133.86280293367346
Amlanch  (33),0.5,5.414213538169861,0,54,0,1203,0,2195,0,1235,45489,96.30600286989795,50176,0.0,0.0,110.56640625
Amlanch  (34),0.5,5.414213538169861,0,54,0,1203,0,2195,0,1235,45489,96.30600286989795,50176,0.0,0.0,110.56640625
Amlanch  (35),58.0,44.485281229019165,0,26,0,916,0,1657,0,961,46616,72.94862085459184,50176,0.0,0.0,133.86280293367346
Amlanch  (4),3224.5,480.3847759962082,0,1,0,18,0,477,0,22,49658,6.525430484693878,50176,0.0,0.0,17.538364955357142
Amlanch  (5),3488.5,484.3847759962082,0,16,0,341,0,1160,0,351,48308,35.41723134566327,50176,0.0,0.0,45.45948262117347
Amlanch  (6),0.0,0.0,1,37,0,796,0,1920,0,857,46565,65.32545440051021,50176,0.0,0.0,137.61340082908163
Amlanch  (7),0.0,6.0,0,14,0,509,0,1092,0,565,47996,44.84454719387755,50176,0.0,0.0,154.90274234693877
Amlanch  (8),159.5,63.35533881187439,0,11,0,685,0,1408,0,674,47398,55.41533801020408,50176,0.0,0.0,122.78888313137755
Amlanch  (9),1.0,4.828427076339722,0,27,0,820,0,1664,0,793,46872,65.99629304846938,50176,0.0,0.0,145.07902184311226
Amlavetasa  (1),14506.5,634.3401807546616,0,0,0,245,0,748,0,241,48942,23.667390784438776,50176,0.0,0.0,77.34972895408163
Amlavetasa  (10),12.0,15.656854152679443,0,38,0,894,0,1614,0,854,46776,67.00255102040816,50176,0.0,0.0,142.74125079719389
Amlavetasa  (11),371.0,104.76955199241638,0,33,0,792,0,1726,0,800,46825,64.7867506377551,50176,0.0,0.0,105.7485650510204
Amlavetasa  (12),0.0,0.0,1,35,0,1158,0,1832,0,1129,46021,82.91464046556122,50176,0.0,0.0,111.04412468112245
Amlavetasa  (13),49729.0,892.0,0,1,0,27,0,1715,0,27,48406,21.995376275510203,50176,0.0,0.0,25.075135522959183
Amlavetasa  (14),208.5,109.01219260692596,1,17,0,491,0,1266,0,578,47823,39.15258290816327,50176,0.0,0.0,85.63356983418367
Amlavetasa  (15),131.5,50.72792184352875,0,37,0,939,0,2002,0,964,46234,83.07218590561224,50176,0.0,0.0,100.97138073979592
Amlavetasa  (16),0.0,2.0,1,51,0,1086,0,2310,0,1168,45560,83.92598054846938,50176,0.0,0.0,90.87830835459184
Amlavetasa  (17),29.0,24.485281109809875,1,13,0,443,0,659,0,419,48641,31.925821109693878,50176,0.0,0.0,46.57246492346939
Amlavetasa  (18),1968.5,411.9482647180557,0,18,0,522,0,1265,0,506,47865,45.65768494897959,50176,0.0,0.0,50.160435267857146
Amlavetasa  (19),0.0,2.0,1,51,0,1086,0,2310,0,1168,45560,83.92598054846938,50176,0.0,0.0,90.87830835459184
Amlavetasa  (2),11.0,446.8284270763397,0,4,0,233,0,776,0,225,48938,27.966856664540817,50176,0.0,0.0,79.76373166454081
Amlavetasa  (20),22792.0,1412.0142796039581,0,2,0,198,0,1130,0,194,48652,17.187699298469386,50176,0.0,0.0,119.21615911989795
Amlavetasa  (21),371.0,104.76955199241638,0,33,0,792,0,1726,0,800,46825,64.7867506377551,50176,0.0,0.0,105.7485650510204
Amlavetasa  (22),29.0,24.485281109809875,1,13,0,443,0,659,0,419,48641,31.925821109693878,50176,0.0,0.0,46.57246492346939
Amlavetasa  (23),49729.0,892.0,0,1,0,27,0,1715,0,27,48406,21.995376275510203,50176,0.0,0.0,25.075135522959183
Amlavetasa  (24),27.5,23.899494767189026,0,17,0,414,0,676,0,381,48688,32.022381218112244,50176,0.0,0.0,47.416095344387756
Amlavetasa  (25),0.0,0.0,1,9,0,472,0,1098,0,473,48123,44.14829799107143,50176,0.0,0.0,102.02337771045919
Amlavetasa  (26),0.0,0.0,1,9,0,472,0,1098,0,473,48123,44.14829799107143,50176,0.0,0.0,102.02337771045919
Amlavetasa  (27),262.5,68.04163014888763,0,8,0,725,0,1312,0,701,47430,57.249980070153065,50176,0.0,0.0,109.04685507015306
Amlavetasa  (28),22811.5,1414.2569189071655,0,2,0,201,0,1128,0,197,48648,17.202945631377553,50176,0.0,0.0,119.31780133928571
Amlavetasa  (29),955.0,325.5391037464142,0,6,0,87,0,724,0,77,49282,12.623963647959183,50176,0.0,0.0,10.458984375
Amlavetasa  (3),367.5,103.8406194448471,1,8,0,456,0,999,0,449,48263,44.50404575892857,50176,0.0,0.0,97.91194993622449
Amlavetasa  (30),11.0,446.8284270763397,0,4,0,233,0,776,0,225,48938,27.966856664540817,50176,0.0,0.0,79.76373166454081
Amlavetasa  (31),22811.5,1414.2569189071655,0,2,0,201,0,1128,0,197,48648,17.202945631377553,50176,0.0,0.0,119.31780133928571
Amlavetasa  (32),11.0,446.8284270763397,0,4,0,233,0,776,0,225,48938,27.966856664540817,50176,0.0,0.0,79.76373166454081
Amlavetasa  (33),955.0,325.5391037464142,0,6,0,87,0,724,0,77,49282,12.623963647959183,50176,0.0,0.0,10.458984375
Amlavetasa  (34),811.5,301.9827548265457,0,7,0,58,0,691,0,48,49372,10.997688137755102,50176,0.0,0.0,9.35108418367347
Amlavetasa  (35),14506.5,634.3401807546616,0,0,0,245,0,748,0,241,48942,23.667390784438776,50176,0.0,0.0,77.34972895408163
Amlavetasa  (4),22.0,19.656854152679443,0,7,0,637,0,908,0,612,48012,50.587332589285715,50176,0.0,0.0,54.47006536989796
Amlavetasa  (5),7.0,56.82842707633972,0,12,0,449,0,1490,0,449,47776,49.5556640625,50176,0.0,0.0,100.59022241709184
Amlavetasa  (6),0.0,0.0,1,35,0,1158,0,1832,0,1129,46021,82.91464046556122,50176,0.0,0.0,111.04412468112245
Amlavetasa  (7),438.5,507.0121924877167,0,11,0,504,0,1467,0,484,47710,49.662388392857146,50176,0.0,0.0,112.85335618622449
Amlavetasa  (8),3.0,15.656854152679443,0,8,0,350,0,651,0,347,48820,25.837452168367346,50176,0.0,0.0,42.20184948979592
Amlavetasa  (9),0.0,0.0,1,5,0,33,0,116,0,20,50001,4.172413105867347,50176,0.0,0.0,1.8346420599489797
Amldandi  (1),1.0,4.0,0,26,0,1229,0,2727,0,1244,44950,108.4471659757653,50176,0.0,0.0,145.07902184311226
Amldandi  (10),49729.0,892.0,0,9,0,408,0,1549,0,443,47767,33.079460299744895,50176,0.0,0.0,225.79310825892858
Amldandi  (11),49729.0,892.0,0,3,0,248,0,1260,0,247,48418,20.55205676020408,50176,0.0,0.0,217.9005899234694
Amldandi  (12),49729.0,892.0,0,2,0,313,0,1453,0,312,48096,27.819475446428573,50176,0.0,0.0,170.97745934311226
Amldandi  (13),49729.0,892.0,0,2,0,265,0,1279,0,266,48364,21.202566964285715,50176,0.0,0.0,210.2215202487245
Amldandi  (14),49729.0,892.0,0,3,0,302,0,1337,0,308,48226,24.353475765306122,50176,0.0,0.0,215.13592155612244
Amldandi  (15),49729.0,892.0,0,5,0,269,0,1360,0,270,48272,24.124780771683675,50176,0.0,0.0,211.9646843112245
Amldandi  (16),49729.0,892.0,0,4,0,268,0,1240,0,262,48402,20.765505420918366,50176,0.0,0.0,228.04956552933675
Amldandi  (17),49729.0,892.0,0,12,0,552,0,1711,0,555,47346,44.12288743622449,50176,0.0,0.0,193.37940449617346
Amldandi  (18),49729.0,892.0,0,3,0,445,0,1574,0,454,47700,36.08806999362245,50176,0.0,0.0,202.9083625637755
Amldandi  (19),49729.0,892.0,0,7,0,420,0,1468,0,427,47854,31.478595344387756,50176,0.0,0.0,176.5169602997449
Amldandi  (2),9.0,12.828427076339722,0,22,0,860,0,1877,0,841,46576,66.59598214285714,50176,0.0,0.0,111.59299266581633
Amldandi  (20),49729.0,892.0,0,3,0,248,0,1260,0,247,48418,20.55205676020408,50176,0.0,0.0,217.9005899234694
Amldandi  (21),49729.0,892.0,0,7,0,283,0,1360,0,287,48239,23.911332110969386,50176,0.0,0.0,230.0163424744898
Amldandi  (22),49729.0,892.0,0,3,0,280,0,1278,0,323,48292,22.549326371173468,50176,0.0,0.0,233.14184072066325
Amldandi  (23),49729.0,892.0,0,9,0,303,0,1463,0,335,48066,27.23503268494898,50176,0.0,0.0,213.85014748086735
Amldandi  (24),49729.0,892.0,0,5,0,304,0,1381,0,340,48146,24.683812978316325,50176,0.0,0.0,206.74027423469389
Amldandi  (25),49729.0,892.0,0,5,0,304,0,1381,0,340,48146,24.683812978316325,50176,0.0,0.0,206.74027423469389
Amldandi  (26),49729.0,892.0,0,3,0,326,0,1472,0,395,47980,28.54621731505102,50176,0.0,0.0,226.83494100765307
Amldandi  (27),49700.0,890.8284270763397,0,4,0,280,0,1552,0,322,48018,28.00751355229592,50176,0.0,0.0,205.59171715561226
Amldandi  (28),49729.0,892.0,0,4,0,251,0,1281,0,252,48388,20.613042091836736,50176,0.0,0.0,209.2203443877551
Amldandi  (29),49715.5,891.4142135381699,0,10,0,287,0,1541,0,306,48032,28.012595663265305,50176,0.0,0.0,205.00219228316325
Amldandi  (3),49729.0,892.0,0,2,0,347,0,1393,0,362,48072,26.071229272959183,50176,0.0,0.0,218.29699457908163
Amldandi  (30),49729.0,892.0,0,3,0,280,0,1278,0,323,48292,22.549326371173468,50176,0.0,0.0,233.14184072066325
Amldandi  (31),49715.5,891.4142135381699,0,10,0,287,0,1541,0,306,48032,28.012595663265305,50176,0.0,0.0,205.00219228316325
Amldandi  (32),49729.0,892.0,0,9,0,308,0,1357,0,334,48168,24.572006536989797,50176,0.0,0.0,206.67420679209184
Amldandi  (33),1002.0,216.65180099010468,0,23,0,947,0,2025,0,999,46182,75.95723054846938,50176,0.0,0.0,139.19393734056123
Amldandi  (34),49729.0,892.0,0,2,0,347,0,1393,0,362,48072,26.071229272959183,50176,0.0,0.0,218.29699457908163
Amldandi  (35),2.5,11.41421353816986,0,26,0,1050,0,2302,0,1108,45690,85.86734693877551,50176,0.0,0.0,161.13341039540816
Amldandi  (4),49729.0,892.0,0,9,0,408,0,1549,0,443,47767,33.079460299744895,50176,0.0,0.0,225.79310825892858
Amldandi  (5),16630.0,1522.940247297287,0,10,0,465,0,1039,0,485,48177,44.12288743622449,50176,0.0,0.0,86.0757134885204
Amldandi  (6),49729.0,892.0,0,7,0,335,0,1493,0,410,47931,28.586874202806122,50176,0.0,0.0,227.30757732780611
Amldandi  (7),49727.0,892.8284270763397,0,7,0,441,0,1538,0,478,47712,34.55835459183673,50176,0.0,0.0,143.09191645408163
Amldandi  (8),49729.0,892.0,0,9,0,243,0,1406,0,264,48254,23.1998365752551,50176,0.0,0.0,209.51510682397958
Amldandi  (9),49729.0,892.0,0,3,0,416,0,1501,0,430,47826,33.29290896045919,50176,0.0,0.0,169.81873804209184
Amlika Imli  (1),49729.0,892.0,0,22,0,451,0,1837,0,488,47378,41.063456632653065,50176,0.0,0.0,195.0615832270408
Amlika Imli  (10),49729.0,892.0,0,31,0,511,0,1742,0,532,47360,40.81951530612245,50176,0.0,0.0,167.5927734375
Amlika Imli  (11),49729.0,892.0,0,4,0,218,0,1276,0,210,48468,19.05791613520408,50176,0.0,0.0,221.56479193239795
Amlika Imli  (12),15.0,20.485281229019165,1,32,0,1126,0,2017,0,1129,45871,89.48072783801021,50176,0.0,0.0,99.8990553252551
Amlika Imli  (13),161.0,51.79898941516876,0,19,0,1198,0,2216,0,1248,45495,91.48816167091837,50176,0.0,0.0,127.0883490114796
Amlika Imli  (14),49729.0,892.0,0,28,0,416,0,1601,0,421,47710,33.592753507653065,50176,0.0,0.0,177.2589485012755
Amlika Imli  (15),1522.5,364.4924211502075,3,52,0,1326,0,2217,0,1424,45154,94.11053093112245,50176,0.0,0.0,143.72209821428572
Amlika Imli  (16),49729.0,892.0,0,8,0,534,0,1519,0,525,47590,39.20848612882653,50176,0.0,0.0,154.11501514668367
Amlika Imli  (17),6.5,14.242640614509583,0,6,0,551,0,882,0,575,48162,41.96807238520408,50176,0.0,0.0,104.44754464285714
Amlika Imli  (18),49729.0,892.0,0,34,0,804,0,2161,0,779,46398,57.748026945153065,50176,0.0,0.0,211.83254942602042
Amlika Imli  (19),49729.0,892.0,0,13,0,476,0,1418,0,475,47794,34.20260682397959,50176,0.0,0.0,203.22853555484693
Amlika Imli  (2),26324.5,4469.339303016663,0,15,0,754,0,4065,0,717,44625,107.25286989795919,50176,0.0,0.0,123.49021444515306
Amlika Imli  (20),49729.0,892.0,0,14,0,483,0,1405,0,480,47794,33.74521683673469,50176,0.0,0.0,203.4572305484694
Amlika Imli  (21),49729.0,892.0,0,70,0,1054,0,2821,0,1051,45180,87.62067522321429,50176,0.0,0.0,155.0653698979592
Amlika Imli  (22),49729.0,892.0,0,17,0,418,0,1967,0,420,47354,44.41256776147959,50176,0.0,0.0,200.28599330357142
Amlika Imli  (23),49729.0,892.0,0,5,0,234,0,1232,0,245,48460,18.437898596938776,50176,0.0,0.0,221.48856026785714
Amlika Imli  (24),49729.0,892.0,0,10,0,487,0,1409,0,456,47814,32.18500876913265,50176,0.0,0.0,221.9561144770408
Amlika Imli  (25),82.5,37.899494647979736,0,15,0,1001,0,1987,0,1099,46074,77.93417171556122,50176,0.0,0.0,112.30448820153062
Amlika Imli  (26),6.5,14.242640614509583,0,6,0,551,0,882,0,575,48162,41.96807238520408,50176,0.0,0.0,104.44754464285714
Amlika Imli  (27),49729.0,892.0,0,23,0,559,0,1676,0,512,47406,40.03178810586735,50176,0.0,0.0,212.44240274234693
Amlika Imli  (28),45046.0,850.0,0,7,0,363,0,1398,0,360,48048,34.970005580357146,50176,0.0,0.0,154.8976602359694
Amlika Imli  (29),80.0,39.3137081861496,0,16,0,637,0,1231,0,691,47601,50.50093670280612,50176,0.0,0.0,83.0518574617347
Amlika Imli  (3),49729.0,892.0,0,11,0,336,0,1371,0,340,48118,26.559111926020407,50176,0.0,0.0,119.75994499362245
Amlika Imli  (30),49729.0,892.0,0,5,0,574,0,2137,0,584,46876,54.317602040816325,50176,0.0,0.0,189.15108816964286
Amlika Imli  (31),49729.0,892.0,0,23,0,559,0,1676,0,512,47406,40.03178810586735,50176,0.0,0.0,212.44240274234693
Amlika Imli  (32),49729.0,892.0,0,17,0,371,0,1740,0,374,47674,37.23154496173469,50176,0.0,0.0,182.94074856505102
Amlika Imli  (33),49729.0,892.0,0,27,0,773,0,2168,0,760,46448,56.83832908163265,50176,0.0,0.0,210.08430325255102
Amlika Imli  (34),49729.0,892.0,0,21,0,467,0,1795,0,477,47416,41.35821906887755,50176,0.0,0.0,180.4251036352041
Amlika Imli  (35),49729.0,892.0,0,41,0,520,0,1919,0,560,47136,45.32734773596939,50176,0.0,0.0,197.73985570790816
Amlika Imli  (4),93.0,38.485281109809875,0,30,0,1145,0,2045,0,1164,45792,86.12653459821429,50176,0.0,0.0,89.34351084183673
Amlika Imli  (5),49729.0,892.0,0,28,0,633,0,1999,0,614,46902,52.13229432397959,50176,0.0,0.0,206.8978196747449
Amlika Imli  (6),3365.0,477.65685415267944,0,13,0,376,0,1013,0,348,48426,32.35271843112245,50176,0.0,0.0,58.063117825255105
Amlika Imli  (7),49729.0,892.0,0,17,0,366,0,1750,0,367,47676,37.03842474489796,50176,0.0,0.0,182.8594347895408
Amlika Imli  (8),49729.0,892.0,0,42,0,724,0,2050,0,750,46610,57.59048150510204,50176,0.0,0.0,177.9348692602041
Amlika Imli  (9),49729.0,892.0,0,12,0,353,0,1559,0,335,47917,31.178750797193878,50176,0.0,0.0,197.17574139030611
Amlu  (1),15.0,16.82842707633972,2,69,0,1127,0,2307,0,1135,45536,89.83139349489795,50176,0.0,0.0,90.84781568877551
Amlu  (10),3.0,10.828427076339722,0,26,0,835,0,1951,0,824,46540,67.07878268494898,50176,0.0,0.0,136.97305484693877
Amlu  (11),2.0,6.0,1,46,0,770,0,1845,0,896,46618,61.407146843112244,50176,0.0,0.0,106.67350924744898
Amlu  (12),303.0,71.79898929595947,0,73,0,1440,0,2867,0,1544,44252,113.02614795918367,50176,0.0,0.0,155.62440210459184
Amlu  (13),0.5,3.414213538169861,0,51,0,955,0,1764,0,961,46445,72.82665019132654,50176,0.0,0.0,105.06756218112245
Amlu  (14),3.0,10.828427076339722,0,26,0,835,0,1951,0,824,46540,67.07878268494898,50176,0.0,0.0,136.97305484693877
Amlu  (15),0.0,0.0,1,60,0,1344,0,2805,0,1468,44498,102.89241868622449,50176,0.0,0.0,122.80412946428571
Amlu  (16),18.5,20.242640614509583,1,81,0,1174,0,2444,0,1292,45184,98.36933992346938,50176,0.0,0.0,114.85062579719387
Amlu  (17),0.5,3.414213538169861,2,85,0,1057,0,1847,0,1105,46080,81.22737962372449,50176,0.0,0.0,104.26967075892857
Amlu  (18),25.5,35.899494767189026,2,74,0,1120,0,2229,0,1162,45589,87.42247289540816,50176,0.0,0.0,88.33725286989795
Amlu  (19),124.0,50.14213538169861,0,59,0,1220,0,2519,0,1275,45103,96.54486208545919,50176,0.0,0.0,130.4831991390306
Amlu  (2),15.0,16.82842707633972,2,69,0,1127,0,2307,0,1135,45536,89.83139349489795,50176,0.0,0.0,90.84781568877551
Amlu  (20),9.5,12.242640614509583,0,45,0,918,0,1988,0,1055,46170,70.5142897002551,50176,0.0,0.0,110.41394292091837
Amlu  (21),6.0,14.828427076339722,0,77,0,1466,0,2761,0,1524,44348,111.40495455994898,50176,0.0,0.0,156.2190090880102
Amlu  (22),0.0,2.0,0,30,0,587,0,1667,0,723,47169,50.699139030612244,50176,0.0,0.0,95.5030293367347
Amlu  (23),0.0,6.0,0,25,0,597,0,1085,0,559,47910,47.29920679209184,50176,0.0,0.0,57.08227040816327
Amlu  (24),1.5,5.414213538169861,0,25,0,544,0,1372,0,548,47687,42.53218670280612,50176,0.0,0.0,102.32830436862245
Amlu  (25),4.0,10.0,2,59,0,955,0,2213,0,1012,45935,78.05106026785714,50176,0.0,0.0,149.62751116071428
Amlu  (26),0.0,6.0,0,50,0,1219,0,2672,0,1304,44931,97.76965082908163,50176,0.0,0.0,131.99766820790816
Amlu  (27),64.0,52.485281229019165,3,97,0,1845,0,3691,0,1972,42568,142.21271125637756,50176,0.0,0.0,132.90736607142858
Amlu  (28),1.5,5.414213538169861,1,62,0,971,0,2148,0,1042,45952,75.30163823341837,50176,0.0,0.0,151.1521444515306
Amlu  (29),0.5,3.414213538169861,2,85,0,1057,0,1847,0,1105,46080,81.22737962372449,50176,0.0,0.0,104.26967075892857
Amlu  (3),27.5,31.899494767189026,1,17,0,720,0,1743,0,744,46951,57.89540816326531,50176,0.0,0.0,84.81026785714286
Amlu  (30),124.0,50.14213538169861,0,59,0,1220,0,2519,0,1275,45103,96.54486208545919,50176,0.0,0.0,130.4831991390306
Amlu  (31),5.0,12.828427076339722,2,85,0,1644,0,3019,0,1751,43675,124.65909996811224,50176,0.0,0.0,143.7271803252551
Amlu  (32),5.0,12.828427076339722,2,85,0,1644,0,3019,0,1751,43675,124.65909996811224,50176,0.0,0.0,143.7271803252551
Amlu  (33),586.0,225.7401144504547,2,115,0,1862,0,3585,0,1946,42666,141.64351482780611,50176,0.0,0.0,130.9914102359694
Amlu  (34),20194.0,934.8670922517776,0,1,0,297,0,600,0,282,48996,25.476622289540817,50176,0.0,0.0,105.89594626913265
Amlu  (35),0.0,0.0,1,28,0,536,0,1131,0,544,47936,41.96299027423469,50176,0.0,0.0,112.26383131377551
Amlu  (4),70.5,37.071067690849304,0,24,0,664,0,1273,0,672,47543,51.080297353316325,50176,0.0,0.0,105.07264429209184
Amlu  (5),3.0,10.828427076339722,0,26,0,835,0,1951,0,824,46540,67.07878268494898,50176,0.0,0.0,136.97305484693877
Amlu  (6),64.0,52.485281229019165,3,97,0,1845,0,3691,0,1972,42568,142.21271125637756,50176,0.0,0.0,132.90736607142858
Amlu  (7),3.5,8.242640614509583,0,28,0,562,0,1773,0,713,47100,52.13229432397959,50176,0.0,0.0,95.8333665497449
Amlu  (8),0.0,2.0,2,87,0,1326,0,2422,0,1400,44939,99.31461256377551,50176,0.0,0.0,118.8705755739796
Amlu  (9),167.5,52.38477599620819,0,23,0,860,0,2055,0,941,46297,68.62882653061224,50176,0.0,0.0,206.17107780612244
Anisool (1),49729.0,892.0,0,13,0,417,0,1589,0,457,47700,33.6181640625,50176,0.0,0.0,221.46823182397958
Anisool (11),4.0,13.656854152679443,0,48,0,846,0,1638,0,878,46766,65.46775350765306,50176,0.0,0.0,87.64608577806122
Anisool (12),20.5,18.242640614509583,0,19,0,885,0,1417,0,921,46934,67.3582987882653,50176,0.0,0.0,136.1700813137755
Anisool (13),35653.5,2272.8641282320023,0,29,0,517,0,1705,0,523,47402,42.176438934948976,50176,0.0,0.0,177.51813616071428
Anisool (14),5.0,9.656854152679443,0,5,0,18,0,72,0,4,50077,2.5817123724489797,50176,0.0,0.0,2.0023517219387754
Anisool (15),20.5,18.242640614509583,0,19,0,885,0,1417,0,921,46934,67.3582987882653,50176,0.0,0.0,136.1700813137755
Anisool (16),0.0,2.0,1,38,0,737,0,1395,0,717,47288,57.626056281887756,50176,0.0,0.0,103.84785554846938
Anisool (17),0.0,0.0,2,20,0,677,0,1241,0,674,47562,50.37896603954081,50176,0.0,0.0,93.19575095663265
Anisool (18),142.5,62.87005698680878,0,9,0,746,0,1459,0,758,47204,57.45326450892857,50176,0.0,0.0,114.73373724489795
Anisool (19),49729.0,892.0,0,4,0,159,0,1184,0,167,48662,13.574318399234693,50176,0.0,0.0,232.8775709502551
Anisool (20),49729.0,892.0,0,16,0,409,0,1613,0,472,47666,34.146703603316325,50176,0.0,0.0,221.19379783163265
Anisool (21),49729.0,892.0,0,7,0,212,0,1232,0,239,48486,16.1865234375,50176,0.0,0.0,243.13835299744898
Anisool (22),49729.0,892.0,0,15,0,408,0,1547,0,428,47778,33.23700573979592,50176,0.0,0.0,209.95725047831633
Anisool (23),49729.0,892.0,0,18,0,520,0,1610,0,540,47488,40.47901387117347,50176,0.0,0.0,160.77258051658163
Anisool (24),26785.0,2283.650923848152,0,24,0,436,0,1606,0,444,47666,37.6025390625,50176,0.0,0.0,141.42498405612244
Anisool (25),49729.0,892.0,0,15,0,408,0,1547,0,428,47778,33.23700573979592,50176,0.0,0.0,209.95725047831633
Anisool (26),1641.5,223.78174459934235,0,24,0,627,0,1875,0,620,47030,50.29257015306123,50176,0.0,0.0,158.7549824617347
Anisool (27),26785.0,2283.650923848152,0,24,0,436,0,1606,0,444,47666,37.6025390625,50176,0.0,0.0,141.42498405612244
Anisool (28),49729.0,892.0,0,22,0,384,0,1560,0,396,47814,32.718630420918366,50176,0.0,0.0,174.26558514030611
Anisool (29),45492.0,854.0,0,16,0,358,0,1517,0,381,47904,36.02200255102041,50176,0.0,0.0,164.1826769770408
Anisool (30),26785.0,2283.650923848152,0,24,0,436,0,1606,0,444,47666,37.6025390625,50176,0.0,0.0,141.42498405612244
Anisool (31),20.5,18.242640614509583,0,19,0,885,0,1417,0,921,46934,67.3582987882653,50176,0.0,0.0,136.1700813137755
Anisool (32),49729.0,892.0,0,8,0,413,0,1501,0,438,47816,32.01221699617347,50176,0.0,0.0,209.95725047831633
Anisool (33),20.5,18.242640614509583,0,19,0,885,0,1417,0,921,46934,67.3582987882653,50176,0.0,0.0,136.1700813137755
Anisool (34),0.0,2.0,0,19,0,368,0,1399,0,370,48020,30.85349569515306,50176,0.0,0.0,144.32178730867346
Anisool (35),5.0,9.656854152679443,0,5,0,18,0,72,0,4,50077,2.5817123724489797,50176,0.0,0.0,2.0023517219387754
Anisool (36),0.0,2.0,0,41,0,712,0,1391,0,701,47331,56.45208864795919,50176,0.0,0.0,103.16685267857143
Anisool (37),49729.0,892.0,0,6,0,266,0,1302,0,268,48334,22.025868941326532,50176,0.0,0.0,154.12517936862244
Anisool (38),49729.0,892.0,0,9,0,397,0,1599,0,441,47730,32.911750637755105,50176,0.0,0.0,221.44282126913265
Anisool (39),49729.0,892.0,0,15,0,408,0,1547,0,428,47778,33.23700573979592,50176,0.0,0.0,209.95725047831633
Anisool (40),49729.0,892.0,0,16,0,337,0,1520,0,346,47957,29.969208386479593,50176,0.0,0.0,173.73196348852042
Anisool (41),27666.0,2538.469245314598,0,23,0,571,0,1655,0,563,47364,44.70733019770408,50176,0.0,0.0,146.40037069515307
Anisool (42),49729.0,892.0,0,26,0,398,0,1544,0,408,47800,33.29799107142857,50176,0.0,0.0,174.61625079719389
Anisool (43),49729.0,892.0,0,19,0,527,0,1582,0,544,47504,38.64437181122449,50176,0.0,0.0,160.8742227359694
Anisool (44),49729.0,892.0,0,14,0,320,0,1387,0,319,48136,26.076311383928573,50176,0.0,0.0,214.12458147321428
100608824-fig-ficus-carica-common-fig-leaf-isolated-on-white-background,49729.0,892.0,0,3,0,400,0,1498,0,397,47878,33.36405851403061,50176,0.0,0.0,139.9918287627551
51QV6i69TRL,38980.5,1580.1391701698303,0,19,0,533,0,1627,0,524,47473,40.71787308673469,50176,0.0,0.0,177.96536192602042
Anjeer (1),428.5,454.3847759962082,0,6,0,352,0,1688,0,346,47784,37.49073262117347,50176,0.0,0.0,143.09699856505102
Anjeer (10),47596.5,1320.384775876999,0,3,0,271,0,1808,0,274,47820,34.80229591836735,50176,0.0,0.0,149.4953762755102
Anjeer (2),49729.0,892.0,0,2,0,420,0,1473,0,425,47856,33.18618463010204,50176,0.0,0.0,144.25063775510205
Anjeer (3),47596.5,1320.384775876999,0,3,0,271,0,1808,0,274,47820,34.80229591836735,50176,0.0,0.0,149.4953762755102
Anjeer (4),49729.0,892.0,0,3,0,412,0,1491,0,416,47854,33.28274473852041,50176,0.0,0.0,144.02702487244898
Anjeer (5),0.5,3.414213538169861,2,94,0,1022,0,1888,0,919,46251,80.99868463010205,50176,0.0,0.0,69.74689094387755
Anjeer (6),49729.0,892.0,0,2,0,302,0,1484,0,302,48086,28.104073660714285,50176,0.0,0.0,140.19003109056123
Anjeer (7),47596.5,1320.384775876999,0,3,0,271,0,1808,0,274,47820,34.80229591836735,50176,0.0,0.0,149.4953762755102
Anjeer (8),49729.0,892.0,0,5,0,378,0,1538,0,381,47874,32.281568877551024,50176,0.0,0.0,140.4898756377551
Anjeer (9),49729.0,892.0,0,2,0,302,0,1484,0,302,48086,28.104073660714285,50176,0.0,0.0,140.19003109056123
common-fig-leaf,49729.0,892.0,0,3,0,169,0,1167,0,175,48662,13.35578762755102,50176,0.0,0.0,212.69650829081633
images (1),27.5,27.899494767189026,0,16,0,404,0,2263,0,387,47106,50.97357302295919,50176,0.0,0.0,104.88968829719387
images (10),49729.0,892.0,0,0,0,412,0,1536,0,414,47814,34.573600924744895,50176,0.0,0.0,156.06654575892858
images (11),49729.0,892.0,0,0,0,333,0,1470,0,333,48040,29.013771524234695,50176,0.0,0.0,172.0701132015306
images (12),45938.0,858.0,0,4,0,423,0,1565,0,438,47746,41.40395806760204,50176,0.0,0.0,150.27293925382654
images (13),49729.0,892.0,0,6,0,337,0,1418,0,337,48078,27.804229113520407,50176,0.0,0.0,159.28352200255102
images (14),49729.0,892.0,0,1,0,300,0,1465,0,308,48102,26.925023915816325,50176,0.0,0.0,114.66258769132654
images (15),49729.0,892.0,0,2,0,405,0,1484,0,407,47878,32.53567442602041,50176,0.0,0.0,164.0657884247449
images (16),49729.0,892.0,0,3,0,300,0,1395,0,292,48186,25.6494140625,50176,0.0,0.0,165.3973014987245
images (17),49729.0,892.0,0,1,0,268,0,1355,0,268,48284,24.079041772959183,50176,0.0,0.0,146.71037946428572
images (18),19.5,78.72792184352875,0,4,0,407,0,772,0,386,48607,32.00205277423469,50176,0.0,0.0,74.4173509247449
images (19),49729.0,892.0,0,6,0,406,0,1487,0,405,47872,32.398457429846935,50176,0.0,0.0,197.9278938137755
images (2),49729.0,892.0,0,2,0,302,0,1484,0,302,48086,28.104073660714285,50176,0.0,0.0,140.19003109056123
images (20),3622.0,465.22034227848053,1,5,0,589,0,1585,0,573,47423,48.94581074617347,50176,0.0,0.0,127.05277423469387
images (21),49729.0,892.0,0,3,0,300,0,1395,0,292,48186,25.6494140625,50176,0.0,0.0,165.3973014987245
images (3),49729.0,892.0,0,0,0,271,0,1316,0,271,48318,22.13767538265306,50176,0.0,0.0,170.73860012755102
images (4),760.5,160.46803605556488,0,6,0,642,0,1375,0,695,47458,52.34574298469388,50176,0.0,0.0,179.8355787627551
images (5),14.0,16.485281229019165,0,26,0,730,0,1512,0,688,47220,56.426678093112244,50176,0.0,0.0,112.78728874362245
images (6),50.0,35.31370830535889,0,14,0,647,0,1128,0,707,47680,50.68389269770408,50176,0.0,0.0,139.47345344387756
images (7),0.5,3.414213538169861,2,94,0,1022,0,1888,0,919,46251,80.99868463010205,50176,0.0,0.0,69.74689094387755
images (8),49729.0,892.0,0,6,0,437,0,1464,0,451,47818,34.507533482142854,50176,0.0,0.0,158.67875079719389
images (9),49729.0,892.0,0,2,0,302,0,1484,0,302,48086,28.104073660714285,50176,0.0,0.0,140.19003109056123
images,4205.5,472.0660148859024,0,4,0,324,0,1340,0,316,48192,27.362085459183675,50176,0.0,0.0,79.12338568239795
Aragwadha (1),49729.0,892.0,0,9,0,408,0,1652,0,409,47698,36.29135443239796,50176,0.0,0.0,182.9000916772959
Aragwadha (11),60.0,56.97056221961975,2,32,0,581,0,1127,0,567,47867,46.87739158163265,50176,0.0,0.0,43.59434789540816
Aragwadha (12),38.5,33.899494767189026,0,15,0,416,0,1586,0,449,47710,37.77533083545919,50176,0.0,0.0,174.74330357142858
Aragwadha (13),0.0,2.0,0,47,0,1085,0,2006,0,1127,45911,85.62848772321429,50176,0.0,0.0,134.0203483737245
Aragwadha (14),4226.0,340.65180146694183,0,21,0,588,0,1264,0,576,47727,49.42861128826531,50176,0.0,0.0,149.64275749362244
Aragwadha (15),225.5,104.18376553058624,0,40,0,1104,0,2342,0,1148,45542,90.9799505739796,50176,0.0,0.0,137.74553571428572
Aragwadha (16),4226.0,340.65180146694183,0,21,0,588,0,1264,0,576,47727,49.42861128826531,50176,0.0,0.0,149.64275749362244
Aragwadha (17),49729.0,892.0,0,4,0,465,0,1846,0,483,47378,43.726482780612244,50176,0.0,0.0,151.13181600765307
Aragwadha (18),49729.0,892.0,0,3,0,355,0,1593,0,379,47846,32.718630420918366,50176,0.0,0.0,208.2649075255102
Aragwadha (19),49729.0,892.0,0,11,0,473,0,1561,0,469,47662,36.001674107142854,50176,0.0,0.0,214.50065768494898
Aragwadha (20),49704.0,905.6568541526794,0,7,0,537,0,1961,0,571,47100,50.73471380739796,50176,0.0,0.0,143.5594706632653
Aragwadha (21),12.0,30.82842707633972,0,23,0,785,0,1500,0,796,47072,63.907545440051024,50176,0.0,0.0,134.90971779336735
Aragwadha (22),49729.0,892.0,0,9,0,408,0,1652,0,409,47698,36.29135443239796,50176,0.0,0.0,182.9000916772959
Aragwadha (23),1.5,5.414213538169861,0,67,0,1165,0,2425,0,1361,45158,93.27706473214286,50176,0.0,0.0,144.3065409757653
Aragwadha (24),0.0,2.0,0,47,0,1085,0,2006,0,1127,45911,85.62848772321429,50176,0.0,0.0,134.0203483737245
Aragwadha (25),0.0,2.0,0,47,0,1085,0,2006,0,1127,45911,85.62848772321429,50176,0.0,0.0,134.0203483737245
Aragwadha (26),49695.5,907.899494767189,0,3,0,559,0,1908,0,594,47112,50.41454081632653,50176,0.0,0.0,143.89997209821428
Aragwadha (27),340.0,116.0832599401474,0,35,0,801,0,1645,0,804,46891,67.22616390306122,50176,0.0,0.0,80.45998086734694
Aragwadha (28),45938.0,858.0,0,2,0,343,0,1507,0,362,47962,36.891043526785715,50176,0.0,0.0,192.70856584821428
Aragwadha (29),0.0,4.0,0,21,0,1036,0,2035,0,1156,45928,84.68321508290816,50176,0.0,0.0,129.31431361607142
Aragwadha (30),0.0,20.0,0,15,0,776,0,1450,0,767,47168,62.408322704081634,50176,0.0,0.0,134.47265625
Aragwadha (31),0.0,2.0,1,58,0,1050,0,1912,0,1078,46077,83.7989277742347,50176,0.0,0.0,134.6810227997449
Aragwadha (32),7.0,10.828427076339722,0,37,0,1008,0,1850,0,1031,46250,75.75902822066327,50176,0.0,0.0,131.51994977678572
Aragwadha (33),22.5,29.899494767189026,0,20,0,622,0,1346,0,595,47593,52.81329719387755,50176,0.0,0.0,96.10780054209184
Aragwadha (34),49729.0,892.0,0,6,0,399,0,1572,0,399,47800,34.80737802933673,50176,0.0,0.0,152.88514429209184
Aragwadha (35),187.0,74.97056245803833,0,7,0,640,0,1618,0,659,47252,54.46498325892857,50176,0.0,0.0,104.92018096301021
Aragwadha (36),49729.0,892.0,0,12,0,300,0,1531,0,317,48016,28.6783522002551,50176,0.0,0.0,196.09325175382654
Aragwadha (37),49729.0,892.0,0,6,0,326,0,1554,0,392,47898,30.31479193239796,50176,0.0,0.0,207.5178372130102
Aragwadha (38),3396.0,478.48528122901917,0,9,0,459,0,1356,0,462,47890,43.78238600127551,50176,0.0,0.0,71.95760921556122
Aragwadha (39),49690.0,910.9705621004105,0,4,0,346,0,1386,0,340,48100,26.6048509247449,50176,0.0,0.0,210.89744100765307
Aragwadha (40),49729.0,892.0,0,5,0,270,0,1426,0,337,48138,24.958246970663264,50176,0.0,0.0,174.7687141262755
Aragwadha (41),49729.0,892.0,0,6,0,399,0,1572,0,399,47800,34.80737802933673,50176,0.0,0.0,152.88514429209184
Aragwadha (42),100.5,65.21320307254791,0,15,0,568,0,1497,0,536,47560,46.62836814413265,50176,0.0,0.0,78.55927136479592
Aragwadha (43),143.5,61.21320307254791,0,14,0,520,0,1362,0,558,47722,43.792550223214285,50176,0.0,0.0,156.02588887117346
Aragwadha (44),26853.0,1845.8275518417358,0,6,0,483,0,1527,0,474,47686,45.81523038903061,50176,0.0,0.0,147.64040577168367
Arka (1),62.0,61.254833579063416,0,41,0,801,0,1381,0,771,47182,61.74256616709184,50176,0.0,0.0,85.90800382653062
Arka (11),3.5,10.242640614509583,1,30,0,1059,0,2118,0,1031,45937,86.10112404336735,50176,0.0,0.0,113.66649394132654
Arka (12),33.0,39.79898953437805,0,39,0,866,0,2202,0,952,46117,73.48224250637755,50176,0.0,0.0,174.7331393494898
Arka (13),18.5,23.899494647979736,0,57,0,900,0,1963,0,983,46273,75.39311623086735,50176,0.0,0.0,125.57896205357143
Arka (14),47.0,43.31370830535889,0,12,0,461,0,1078,0,466,48159,40.53999920280612,50176,0.0,0.0,114.50504225127551
Arka (15),36885.0,1171.6122587919235,0,8,0,332,0,1096,0,374,48366,29.45083306760204,50176,0.0,0.0,185.78673070790816
Arka (16),1.0,4.828427076339722,0,32,0,837,0,1666,0,836,46805,64.2887037627551,50176,0.0,0.0,151.17247289540816
Arka (17),15.5,29.55634891986847,0,4,0,326,0,842,0,308,48696,24.948082748724488,50176,0.0,0.0,206.59797512755102
Arka (18),0.0,0.0,1,21,0,902,0,1542,0,894,46816,67.92241310586735,50176,0.0,0.0,117.95579559948979
Arka (19),33.0,39.79898953437805,0,39,0,866,0,2202,0,952,46117,73.48224250637755,50176,0.0,0.0,174.7331393494898
Arka (20),0.0,2.0,1,93,0,1389,0,2951,0,1509,44233,108.4522480867347,50176,0.0,0.0,115.58244977678571
Arka (21),14146.0,1209.4600180387497,0,13,0,446,0,856,0,441,48420,38.84257413903061,50176,0.0,0.0,65.12725207270408
Arka (22),8.0,17.656854152679443,1,10,0,347,0,913,0,378,48527,28.043088329081634,50176,0.0,0.0,181.3297193877551
Arka (23),107.0,46.14213514328003,0,9,0,437,0,899,0,409,48422,34.70065369897959,50176,0.0,0.0,170.27612802933675
Arka (24),14.5,18.242640614509583,0,9,0,295,0,1075,0,273,48524,33.216677295918366,50176,0.0,0.0,140.7744738520408
Arka (25),24770.0,1576.2640626430511,0,8,0,373,0,1305,0,368,48122,33.526686065051024,50176,0.0,0.0,128.21657764668367
Arka (26),44.0,84.22539532184601,0,9,0,329,0,898,0,262,48678,28.185387436224488,50176,0.0,0.0,156.15294164540816
Arka (27),3244.5,482.87005722522736,0,7,0,27,0,476,0,25,49641,7.1098732461734695,50176,0.0,0.0,17.792470503826532
Arka (28),181.5,63.21320307254791,0,21,0,643,0,1492,0,663,47357,53.76873405612245,50176,0.0,0.0,153.41876594387756
Arka (29),0.0,0.0,1,70,0,1172,0,2029,0,1177,45727,91.00536112882654,50176,0.0,0.0,103.32948022959184
Arka (30),0.0,2.0,1,93,0,1389,0,2951,0,1509,44233,108.4522480867347,50176,0.0,0.0,115.58244977678571
Arka (31),34.0,37.79898941516876,0,26,0,711,0,1800,0,737,46902,52.02556999362245,50176,0.0,0.0,90.67502391581633
Arka (32),33.5,39.21320295333862,0,30,0,870,0,2197,0,949,46130,73.0045240752551,50176,0.0,0.0,174.53493702168367
Arka (33),1.0,4.828427076339722,0,32,0,837,0,1666,0,836,46805,64.2887037627551,50176,0.0,0.0,151.17247289540816
Arka (34),18.5,23.899494647979736,0,57,0,900,0,1963,0,983,46273,75.39311623086735,50176,0.0,0.0,125.57896205357143
Arka (35),17.0,32.97056245803833,0,7,0,319,0,853,0,309,48688,25.202188297193878,50176,0.0,0.0,205.96271125637756
Arka (36),1.5,5.414213538169861,2,37,0,567,0,984,0,554,48032,45.40866151147959,50176,0.0,0.0,93.21607940051021
Arka (37),1730.5,272.8355680704117,0,29,0,827,0,1653,0,881,46786,69.74689094387755,50176,0.0,0.0,104.85919563137755
Arka (38),17.5,17.071067690849304,0,5,0,369,0,973,0,359,48470,29.394929846938776,50176,0.0,0.0,105.34707828443878
Arka (39),14537.0,1307.7686759233475,0,17,0,541,0,869,0,527,48222,42.81678491709184,50176,0.0,0.0,66.47401147959184
Arka (40),3502.5,537.9238797426224,0,77,0,980,0,1952,0,924,46243,75.84542410714286,50176,0.0,0.0,109.13325095663265
Arka (41),1.5,5.414213538169861,0,51,0,766,0,1663,0,813,46883,63.88213488520408,50176,0.0,0.0,146.12593670280611
Arka (42),0.0,0.0,3,18,0,405,0,1126,0,413,48211,35.41723134566327,50176,0.0,0.0,206.47600446428572
Arka (43),18.5,23.899494647979736,0,57,0,900,0,1963,0,983,46273,75.39311623086735,50176,0.0,0.0,125.57896205357143
Arka (44),3.5,10.242640614509583,1,30,0,1059,0,2118,0,1031,45937,86.10112404336735,50176,0.0,0.0,113.66649394132654
Aruka  (1),0.0,4.0,0,34,0,976,0,1799,0,1039,46328,79.16404257015306,50176,0.0,0.0,119.89207987882654
Aruka  (10),119.0,50.627416491508484,0,42,0,1142,0,2103,0,1206,45683,89.91270727040816,50176,0.0,0.0,147.10678411989795
Aruka  (11),28834.5,867.394003033638,0,6,0,295,0,518,0,305,49052,23.459024234693878,50176,0.0,0.0,148.1689453125
Aruka  (12),49729.0,892.0,0,2,0,273,0,1233,0,300,48368,20.831572863520407,50176,0.0,0.0,155.05012356505102
Aruka  (13),49729.0,892.0,0,2,0,266,0,1225,0,289,48394,20.4605787627551,50176,0.0,0.0,162.50049824617346
Aruka  (14),49631.5,958.3847759962082,0,7,0,428,0,1550,0,445,47746,34.68540736607143,50176,0.0,0.0,146.85267857142858
Aruka  (15),49729.0,892.0,0,1,0,259,0,1152,0,268,48496,18.254942602040817,50176,0.0,0.0,156.57475685586735
Aruka  (16),49729.0,892.0,0,4,0,259,0,1242,0,259,48412,20.094666772959183,50176,0.0,0.0,128.0793606505102
Aruka  (17),49729.0,892.0,0,4,0,217,0,1150,0,217,48588,15.815529336734693,50176,0.0,0.0,168.31951530612244
Aruka  (18),49729.0,892.0,0,3,0,428,0,1553,0,458,47734,35.04115513392857,50176,0.0,0.0,191.59558354591837
Aruka  (19),49729.0,892.0,0,5,0,196,0,1182,0,205,48588,15.500438456632653,50176,0.0,0.0,169.19363839285714
Aruka  (2),49729.0,892.0,0,4,0,217,0,1150,0,217,48588,15.815529336734693,50176,0.0,0.0,168.31951530612244
Aruka  (20),49729.0,892.0,0,7,0,262,0,1255,0,262,48390,20.607959980867346,50176,0.0,0.0,114.86587213010205
Aruka  (21),49729.0,892.0,0,3,0,472,0,1649,0,498,47554,39.97080277423469,50176,0.0,0.0,183.4540417729592
Aruka  (22),35914.0,1577.4945086240768,0,0,0,293,0,1244,0,293,48346,21.54815051020408,50176,0.0,0.0,185.83246970663265
Aruka  (23),49729.0,892.0,0,2,0,108,0,1094,0,112,48860,9.706831951530612,50176,0.0,0.0,224.1668327487245
Aruka  (24),49729.0,892.0,0,0,0,231,0,1306,0,231,48408,20.841737085459183,50176,0.0,0.0,121.48786272321429
Aruka  (25),49729.0,892.0,0,1,0,145,0,1065,0,149,48816,10.946867028061224,50176,0.0,0.0,225.1578443877551
Aruka  (26),49729.0,892.0,0,4,0,195,0,1337,0,200,48440,19.891382334183675,50176,0.0,0.0,165.83436304209184
Aruka  (27),49729.0,892.0,0,0,0,178,0,1178,0,178,48642,15.159937021683673,50176,0.0,0.0,184.42472496811226
Aruka  (28),49729.0,892.0,0,2,0,232,0,1280,0,266,48396,19.301857461734695,50176,0.0,0.0,171.59239477040816
Aruka  (29),49729.0,892.0,0,9,0,219,0,1232,0,220,48496,17.924605389030614,50176,0.0,0.0,157.7487244897959
Aruka  (3),0.0,0.0,0,0,0,0,0,0,0,0,50176,0.0,50176,0.0,0.0,0.0
Aruka  (30),49729.0,892.0,0,0,0,271,0,1246,0,271,48388,20.623206313775512,50176,0.0,0.0,133.7713249362245
Aruka  (31),35137.5,1437.9726502895355,0,1,0,183,0,1179,0,179,48634,15.967992665816327,50176,0.0,0.0,182.0412149234694
Aruka  (32),49729.0,892.0,0,2,0,140,0,1066,0,140,48828,10.626694036989797,50176,0.0,0.0,217.79894770408163
Aruka  (33),49729.0,892.0,0,0,0,225,0,1152,0,225,48574,17.324916294642858,50176,0.0,0.0,157.35740194515307
Aruka  (34),49729.0,892.0,0,1,0,284,0,1179,0,304,48408,19.937121332908163,50176,0.0,0.0,160.5438855229592
Aruka  (35),49729.0,892.0,0,1,0,234,0,1183,0,234,48524,17.751813616071427,50176,0.0,0.0,146.2936463647959
Aruka  (4),0.0,4.0,4,13,0,326,0,769,0,276,48788,24.58725286989796,50176,0.0,0.0,34.48720503826531
Aruka  (5),119.0,50.627416491508484,0,42,0,1142,0,2103,0,1206,45683,89.91270727040816,50176,0.0,0.0,147.10678411989795
Aruka  (6),0.0,4.0,0,34,0,976,0,1799,0,1039,46328,79.16404257015306,50176,0.0,0.0,119.89207987882654
Aruka  (7),0.0,8.0,0,50,0,958,0,1674,0,954,46540,75.79968510841837,50176,0.0,0.0,106.61252391581633
Aruka  (8),49729.0,892.0,0,1,0,213,0,1093,0,217,48652,14.524673150510203,50176,0.0,0.0,184.3230827487245
Aruka  (9),49729.0,892.0,0,2,0,266,0,1225,0,289,48394,20.4605787627551,50176,0.0,0.0,162.50049824617346
Arundo donax  (1),0.0,2.0,0,45,0,988,0,2209,0,1021,45913,85.21683673469387,50176,0.0,0.0,134.73184390943877
Arundo donax  (10),442.5,150.66904652118683,0,20,0,953,0,1845,0,986,46372,73.80749760841837,50176,0.0,0.0,132.5973573022959
Arundo donax  (11),44.0,56.14213538169861,0,45,0,994,0,2015,0,945,46177,79.82979910714286,50176,0.0,0.0,99.03509646045919
Arundo donax  (12),1415.5,284.2914105653763,0,15,0,624,0,1305,0,580,47652,51.49703045280612,50176,0.0,0.0,71.10381457270408
Arundo donax  (13),44.0,56.14213538169861,0,45,0,994,0,2015,0,945,46177,79.82979910714286,50176,0.0,0.0,99.03509646045919
Arundo donax  (14),3.5,9.41421353816986,0,18,0,424,0,859,0,397,48478,35.74756855867347,50176,0.0,0.0,39.742107780612244
Arundo donax  (15),0.0,0.0,3,65,0,1153,0,2004,0,1114,45837,84.31730309311224,50176,0.0,0.0,95.82320232780613
Arundo donax  (16),0.0,0.0,1,41,0,826,0,1551,0,788,46969,62.779316804846935,50176,0.0,0.0,52.696408641581634
Arundo donax  (17),417.5,116.32590019702911,0,31,0,1106,0,2287,0,1111,45641,95.37089445153062,50176,0.0,0.0,113.74780771683673
Arundo donax  (18),18250.5,621.0954529047012,0,0,0,67,0,528,0,63,49518,12.7001953125,50176,0.0,0.0,94.26807637117346
Arundo donax  (19),152.0,50.97056233882904,0,7,0,354,0,820,0,358,48637,29.00360730229592,50176,0.0,0.0,146.2987284757653
Arundo donax  (2),88.0,40.14213538169861,0,16,0,670,0,1673,0,647,47170,60.3449856505102,50176,0.0,0.0,120.55783641581633
Arundo donax  (20),0.0,2.0,0,45,0,988,0,2209,0,1021,45913,85.21683673469387,50176,0.0,0.0,134.73184390943877
Arundo donax  (21),0.0,2.0,0,43,0,969,0,2179,0,1000,45985,84.05811543367346,50176,0.0,0.0,134.5997090242347
Arundo donax  (22),20897.5,717.7472543716431,0,3,0,147,0,620,0,162,49244,19.571209343112244,50176,0.0,0.0,107.25286989795919
Arundo donax  (23),8726.0,550.911687374115,0,1,0,104,0,1602,0,93,48376,29.079838966836736,50176,0.0,0.0,105.90102838010205
Arundo donax  (24),33641.0,928.7939373254776,0,0,0,88,0,806,0,84,49198,16.557517538265305,50176,0.0,0.0,173.2440808354592
Arundo donax  (25),18250.5,621.0954529047012,0,0,0,67,0,528,0,63,49518,12.7001953125,50176,0.0,0.0,94.26807637117346
Arundo donax  (26),0.0,2.0,0,11,0,212,0,705,0,230,49018,23.962153220663264,50176,0.0,0.0,108.61995774872449
Arundo donax  (27),0.5,3.414213538169861,1,17,0,579,0,1141,0,549,47889,47.75659677933673,50176,0.0,0.0,104.73214285714286
Arundo donax  (28),89.5,56.870057225227356,0,9,0,174,0,667,0,168,49158,20.03876355229592,50176,0.0,0.0,100.07184709821429
Arundo donax  (29),524.0,160.2253955602646,0,7,0,130,0,612,0,113,49314,17.431640625,50176,0.0,0.0,71.31218112244898
Arundo donax  (3),5410.0,466.9949474334717,0,8,0,397,0,1500,0,383,47888,38.004025829081634,50176,0.0,0.0,147.86910076530611
Arundo donax  (30),3558.0,256.6274166107178,0,1,0,56,0,641,0,44,49434,10.748664700255102,50176,0.0,0.0,56.568977200255105
Arundo donax  (31),20456.0,1051.2203432321548,0,6,0,260,0,1796,0,256,47858,36.54545998086735,50176,0.0,0.0,187.763671875
Arundo donax  (32),0.0,0.0,3,65,0,1153,0,2004,0,1114,45837,84.31730309311224,50176,0.0,0.0,95.82320232780613
Arundo donax  (33),0.0,0.0,1,41,0,826,0,1551,0,788,46969,62.779316804846935,50176,0.0,0.0,52.696408641581634
Arundo donax  (34),44.0,56.14213538169861,0,45,0,994,0,2015,0,945,46177,79.82979910714286,50176,0.0,0.0,99.03509646045919
Arundo donax  (35),207.0,81.5979791879654,0,23,0,652,0,2171,0,656,46674,71.70858577806122,50176,0.0,0.0,106.11447704081633
Arundo donax  (4),44.0,27.313708305358887,0,3,0,266,0,786,0,251,48870,27.971938775510203,50176,0.0,0.0,70.5600286989796
Arundo donax  (5),3.0,8.828427076339722,0,39,0,772,0,1890,0,804,46671,72.01351243622449,50176,0.0,0.0,120.01913265306122
Arundo donax  (6),5.0,21.656854033470154,0,12,0,843,0,1546,0,849,46926,63.23670679209184,50176,0.0,0.0,130.42221380739795
Arundo donax  (7),33703.0,925.6223639249802,0,0,0,90,0,800,0,86,49200,16.65915975765306,50176,0.0,0.0,173.54900749362244
Arundo donax  (8),5410.0,466.9949474334717,0,8,0,397,0,1500,0,383,47888,38.004025829081634,50176,0.0,0.0,147.86910076530611
Arundo donax  (9),86.0,40.14213526248932,0,12,0,665,0,1690,0,643,47166,60.543187978316325,50176,0.0,0.0,120.50193319515306
Ashvathha  (1),23.0,23.656854152679443,0,49,0,1039,0,1996,0,996,46096,85.17617984693878,50176,0.0,0.0,108.70635363520408
Ashvathha  (10),70.5,45.55634891986847,0,7,0,505,0,1050,0,470,48144,42.76088169642857,50176,0.0,0.0,43.84337133290816
Ashvathha  (11),49729.0,892.0,0,0,0,209,0,1212,0,209,48546,17.09113919005102,50176,0.0,0.0,165.19401705994898
Ashvathha  (12),21124.0,1799.2934997081757,0,6,0,278,0,1380,0,274,48238,25.49186862244898,50176,0.0,0.0,111.62856744260205
Ashvathha  (13),529.5,132.87005710601807,0,5,0,312,0,1223,0,304,48332,21.75651705994898,50176,0.0,0.0,184.0740593112245
Ashvathha  (14),0.0,0.0,0,0,0,0,0,0,0,0,50176,0.0,50176,0.0,0.0,0.0
Ashvathha  (15),11.5,14.242640614509583,1,52,0,1234,0,2412,0,1296,45181,97.45964205994898,50176,0.0,0.0,144.77409518494898
Ashvathha  (16),359.5,227.92387974262238,0,18,0,566,0,1372,0,620,47600,49.713209502551024,50176,0.0,0.0,102.75011957908163
Ashvathha  (17),11.5,14.242640614509583,1,52,0,1234,0,2412,0,1296,45181,97.45964205994898,50176,0.0,0.0,144.77409518494898
Ashvathha  (18),11.5,14.242640614509583,1,52,0,1234,0,2412,0,1296,45181,97.45964205994898,50176,0.0,0.0,144.77409518494898
Ashvathha  (19),4.0,8.828427076339722,0,30,0,933,0,1667,0,935,46611,73.19256218112245,50176,0.0,0.0,131.57585299744898
Ashvathha  (2),0.0,4.0,1,16,0,408,0,528,0,383,48840,30.167410714285715,50176,0.0,0.0,104.51361208545919
Ashvathha  (20),2.5,7.414213538169861,1,26,0,716,0,1379,0,667,47387,56.70111208545919,50176,0.0,0.0,100.47333386479592
Ashvathha  (21),3.0,8.828427076339722,0,10,0,542,0,1302,0,516,47806,52.54902742346939,50176,0.0,0.0,112.03005420918367
Ashvathha  (22),9.5,18.242640614509583,0,37,0,946,0,2155,0,1035,46003,76.2875677614796,50176,0.0,0.0,92.82983896683673
Ashvathha  (23),49729.0,892.0,0,0,0,239,0,1158,0,239,48540,17.29950573979592,50176,0.0,0.0,159.43090322066325
Ashvathha  (24),49729.0,892.0,0,0,0,151,0,1156,0,155,48714,13.137256855867347,50176,0.0,0.0,205.6527024872449
Ashvathha  (25),49729.0,892.0,0,1,0,243,0,1203,0,243,48486,19.139229910714285,50176,0.0,0.0,167.10997289540816
Ashvathha  (26),49729.0,892.0,0,1,0,231,0,1239,0,231,48474,18.229532047193878,50176,0.0,0.0,175.17020089285714
Ashvathha  (27),529.5,132.87005710601807,0,5,0,312,0,1223,0,304,48332,21.75651705994898,50176,0.0,0.0,184.0740593112245
Ashvathha  (28),49729.0,892.0,0,0,0,211,0,1244,0,219,48502,18.224449936224488,50176,0.0,0.0,155.1466836734694
Ashvathha  (29),41309.5,1206.918828368187,0,5,0,317,0,1386,0,358,48110,28.998525191326532,50176,0.0,0.0,134.2236328125
Ashvathha  (3),49729.0,892.0,0,0,0,197,0,1206,0,197,48576,16.100127551020407,50176,0.0,0.0,189.9998007015306
Ashvathha  (30),31216.0,1577.4112491607666,0,2,0,240,0,1227,0,233,48474,18.590361926020407,50176,0.0,0.0,162.4039381377551
Ashvathha  (31),13.0,15.656854152679443,0,12,0,693,0,1483,0,676,47312,55.91338488520408,50176,0.0,0.0,84.93732063137755
Ashvathha  (32),11.5,14.242640614509583,1,50,0,1249,0,2429,0,1304,45143,97.87637515943878,50176,0.0,0.0,144.8096699617347
Ashvathha  (33),6346.5,624.7178173065186,0,17,0,626,0,1445,0,555,47533,50.592414700255105,50176,0.0,0.0,69.91968271683673
Ashvathha  (34),6346.5,624.7178173065186,0,17,0,626,0,1445,0,555,47533,50.592414700255105,50176,0.0,0.0,69.91968271683673
Ashvathha  (35),8.5,14.242640614509583,1,29,0,348,0,586,0,287,48925,24.322983099489797,50176,0.0,0.0,18.36166693239796
Ashvathha  (4),49729.0,892.0,0,1,0,148,0,1153,0,152,48722,13.081353635204081,50176,0.0,0.0,205.7390983737245
Ashvathha  (5),66.5,43.21320283412933,0,29,0,701,0,1065,0,694,47687,53.35200095663265,50176,0.0,0.0,71.69842155612245
Ashvathha  (6),49729.0,892.0,0,3,0,335,0,1402,0,378,48058,28.220962213010203,50176,0.0,0.0,198.57840401785714
Ashvathha  (7),31214.5,1575.997036099434,0,3,0,234,0,1229,0,230,48480,19.535634566326532,50176,0.0,0.0,162.39377391581633
Ashvathha  (8),3.5,7.414213538169861,0,21,0,673,0,1372,0,679,47431,51.441127232142854,50176,0.0,0.0,168.35509008290816
Ashvathha  (9),1.0,4.828427076339722,0,17,0,604,0,1578,0,604,47373,55.181560905612244,50176,0.0,0.0,140.5254504145408
Asmania (1),13.5,17.41421353816986,0,30,0,1715,0,2425,0,1725,44281,122.73297991071429,50176,0.0,0.0,142.6853475765306
Asmania (10),0.0,2.0,0,84,0,1450,0,3924,0,1643,43075,126.3768534757653,50176,0.0,0.0,157.52511160714286
Asmania (11),0.0,0.0,1,68,0,1075,0,2398,0,1099,45535,82.23871970663265,50176,0.0,0.0,67.53109056122449
Asmania (12),32.5,22.242640614509583,0,28,0,1291,0,3169,0,1360,44328,116.48706552933673,50176,0.0,0.0,138.72638313137756
Asmania (13),6.0,10.828427076339722,1,145,0,2265,0,4183,0,2478,41104,164.95515784438774,50176,0.0,0.0,106.39907525510205
Asmania (14),0.0,2.0,0,19,0,809,0,1969,0,787,46592,73.71601961096938,50176,0.0,0.0,79.77897799744898
Asmania (15),0.0,2.0,1,76,0,1982,0,3894,0,2203,42020,148.22993064413265,50176,0.0,0.0,133.74083227040816
Asmania (16),0.0,0.0,1,66,0,1650,0,3292,0,1692,43475,132.5262077487245,50176,0.0,0.0,107.29352678571429
Asmania (17),4.5,10.242640614509583,0,23,0,603,0,1803,0,639,47108,56.386021205357146,50176,0.0,0.0,113.93584582270408
Asmania (18),7.0,10.828427076339722,1,38,0,448,0,787,0,357,48545,31.712372448979593,50176,0.0,0.0,16.1458665497449
Asmania (19),0.0,6.0,0,87,0,1486,0,2995,0,1523,44085,114.39323580994898,50176,0.0,0.0,108.47765864158163
Asmania (2),0.0,0.0,3,69,0,1321,0,2388,0,1345,45050,98.29819036989795,50176,0.0,0.0,75.48967633928571
Asmania (20),3733.0,339.4802289009094,0,9,0,347,0,875,0,363,48582,31.326132015306122,50176,0.0,0.0,73.9599609375
Asmania (21),57.5,31.899494767189026,0,28,0,1120,0,2180,0,1104,45744,97.10897640306122,50176,0.0,0.0,82.19298070790816
Asmania (22),14.0,22.82842707633972,0,16,0,321,0,840,0,304,48695,27.890625,50176,0.0,0.0,29.0950852997449
Asmania (23),13.5,14.242640614509583,0,47,0,1560,0,4898,0,1644,42027,156.97116151147958,50176,0.0,0.0,135.37218989158163
Asmania (24),68.0,34.485281229019165,0,20,0,1053,0,2175,0,1080,45848,89.90762515943878,50176,0.0,0.0,90.13632015306122
Asmania (25),4.0,10.0,1,35,0,831,0,1354,0,841,47114,52.04081632653061,50176,0.0,0.0,88.37282764668367
Asmania (26),5.5,12.242640614509583,0,120,0,2224,0,4383,0,2487,40962,164.29956552933675,50176,0.0,0.0,111.18134167729592
Asmania (27),221.0,86.14213538169861,0,28,0,1393,0,3042,0,1553,44160,114.78455835459184,50176,0.0,0.0,141.09972895408163
Asmania (28),0.5,3.414213538169861,0,38,0,962,0,2407,0,935,45834,83.08235012755102,50176,0.0,0.0,84.82043207908163
Asmania (29),0.0,0.0,2,90,0,1828,0,3270,0,1759,43227,138.07079081632654,50176,0.0,0.0,101.10859773596938
Asmania (3),1.0,4.828427076339722,0,37,0,1022,0,1635,0,978,46504,73.69060905612245,50176,0.0,0.0,48.43759964923469
Asmania (30),0.0,6.0,0,87,0,1486,0,2995,0,1523,44085,114.39323580994898,50176,0.0,0.0,108.47765864158163
Asmania (31),3.5,9.41421353816986,0,80,0,1574,0,4851,0,1930,41741,156.33589764030611,50176,0.0,0.0,122.66691246811224
Asmania (32),5.5,15.899494647979736,1,80,0,2029,0,4055,0,2334,41677,152.55988919005102,50176,0.0,0.0,125.46207350127551
Asmania (33),0.0,2.0,0,111,0,2247,0,4421,0,2590,40807,166.12404336734693,50176,0.0,0.0,150.92344945790816
Asmania (34),0.0,2.0,0,111,0,2247,0,4421,0,2590,40807,166.12404336734693,50176,0.0,0.0,150.92344945790816
Asmania (35),3.0,8.828427076339722,1,38,0,981,0,1684,0,990,46482,66.80434869260205,50176,0.0,0.0,72.74533641581633
Asmania (4),1.0,4.828427076339722,1,81,0,1404,0,3630,0,1523,43537,117.9151387117347,50176,0.0,0.0,102.08944515306122
Asmania (5),1.0,6.828427076339722,0,84,0,2251,0,3674,0,2258,41909,162.92231345663265,50176,0.0,0.0,113.50386639030613
Asmania (6),1.0,6.828427076339722,0,84,0,2251,0,3674,0,2258,41909,162.92231345663265,50176,0.0,0.0,113.50386639030613
Asmania (7),4.0,10.828427076339722,1,47,0,980,0,1825,0,1049,46274,70.37199059311224,50176,0.0,0.0,74.75785235969387
Asmania (8),0.0,2.0,0,63,0,1243,0,3327,0,1446,44097,118.93156090561224,50176,0.0,0.0,116.21263153698979
Asmania (9),0.0,4.0,0,54,0,681,0,2678,0,820,45943,80.0991509885204,50176,0.0,0.0,122.6821588010204
 Aspagho (1),45.0,63.65685415267944,0,13,0,408,0,1735,0,484,47536,39.45750956632653,50176,0.0,0.0,148.89568718112244
 Aspagho (10),11.5,14.242640614509583,0,86,0,1250,0,2601,0,1289,44950,103.25324856505102,50176,0.0,0.0,113.70206871811224
 Aspagho (11),13.0,21.313708305358887,0,72,0,1427,0,2932,0,1570,44175,107.43074378188776,50176,0.0,0.0,138.7111367984694
 Aspagho (12),1.5,5.414213538169861,0,47,0,1308,0,2730,0,1455,44636,104.86427774234694,50176,0.0,0.0,141.2420280612245
 Aspagho (13),4.0,10.0,0,46,0,1194,0,2808,0,1198,44930,101.08826929209184,50176,0.0,0.0,133.0242546237245
 Aspagho (14),0.0,4.0,0,68,0,1441,0,2609,0,1519,44539,109.17390784438776,50176,0.0,0.0,123.19545200892857
 Aspagho (15),0.0,2.0,0,53,0,1317,0,2709,0,1457,44640,102.94832190688776,50176,0.0,0.0,141.91286670918367
 Aspagho (16),7.0,10.828427076339722,1,37,0,996,0,1943,0,990,46209,71.98301977040816,50176,0.0,0.0,119.02812101403062
 Aspagho (17),0.0,4.0,0,94,0,1252,0,2615,0,1273,44942,101.82517538265306,50176,0.0,0.0,106.61760602678571
 Aspagho (18),45.0,41.31370830535889,0,28,0,904,0,2226,0,972,46046,79.05223612882654,50176,0.0,0.0,152.49382174744898
 Aspagho (19),0.0,2.0,2,78,0,1219,0,2022,0,1222,45633,91.53898278061224,50176,0.0,0.0,109.85491071428571
 Aspagho (2),49729.0,892.0,0,5,0,317,0,1308,0,320,48226,24.887097417091837,50176,0.0,0.0,166.19519292091837
 Aspagho (20),49729.0,892.0,0,0,0,154,0,1130,0,162,48730,12.547731983418368,50176,0.0,0.0,214.59213568239795
 Aspagho (21),0.5,3.414213538169861,0,71,0,1301,0,2556,0,1323,44925,106.33808992346938,50176,0.0,0.0,138.7009725765306
 Aspagho (22),45.0,41.31370830535889,0,28,0,904,0,2226,0,972,46046,79.05223612882654,50176,0.0,0.0,152.49382174744898
 Aspagho (23),49729.0,892.0,0,5,0,317,0,1308,0,320,48226,24.887097417091837,50176,0.0,0.0,166.19519292091837
 Aspagho (24),49729.0,892.0,0,17,0,449,0,1997,0,465,47248,46.343769929846935,50176,0.0,0.0,199.7574537627551
 Aspagho (25),49729.0,892.0,0,2,0,274,0,1760,0,286,47854,32.830436862244895,50176,0.0,0.0,192.95758928571428
 Aspagho (26),46607.0,864.0,0,0,0,178,0,1218,0,198,48582,22.290138711734695,50176,0.0,0.0,210.72464923469389
 Aspagho (27),76.5,50.38477599620819,0,23,0,428,0,1764,0,477,47484,40.86017219387755,50176,0.0,0.0,126.12274792729592
 Aspagho (28),49729.0,892.0,0,2,0,400,0,1630,0,416,47728,32.78469786352041,50176,0.0,0.0,207.2332389987245
 Aspagho (29),49729.0,892.0,0,2,0,278,0,1756,0,294,47846,33.094706632653065,50176,0.0,0.0,192.55102040816325
 Aspagho (3),2950.5,345.8650047779083,0,18,0,418,0,1806,0,446,47488,41.85118383290816,50176,0.0,0.0,139.98674665178572
 Aspagho (30),49729.0,892.0,0,0,0,247,0,1280,0,267,48382,19.627112563775512,50176,0.0,0.0,226.52493223852042
 Aspagho (31),4435.0,883.2447282075882,0,10,0,813,0,1665,0,830,46858,63.61278300382653,50176,0.0,0.0,123.99842554209184
 Aspagho (32),49729.0,892.0,0,0,0,431,0,1840,0,539,47366,38.390266262755105,50176,0.0,0.0,209.33723294005102
 Aspagho (33),49729.0,892.0,0,2,0,274,0,1760,0,286,47854,32.830436862244895,50176,0.0,0.0,192.95758928571428
 Aspagho (34),49729.0,892.0,0,13,0,300,0,1619,0,321,47923,28.20571588010204,50176,0.0,0.0,216.92990672831633
 Aspagho (35),45046.0,850.0,0,2,0,333,0,1340,0,341,48160,32.62715242346939,50176,0.0,0.0,159.8273078762755
 Aspagho (4),49729.0,892.0,0,17,0,417,0,1882,0,488,47372,37.93795838647959,50176,0.0,0.0,200.80945073341837
 Aspagho (5),70.0,39.31370830535889,0,10,0,441,0,1496,0,421,47808,34.91918447066327,50176,0.0,0.0,207.74653220663265
 Aspagho (6),49729.0,892.0,0,0,0,154,0,1130,0,162,48730,12.547731983418368,50176,0.0,0.0,214.59213568239795
 Aspagho (7),49729.0,892.0,0,3,0,248,0,1307,0,252,48366,21.792091836734695,50176,0.0,0.0,178.99703045280611
 Aspagho (8),46384.0,862.0,0,8,0,435,0,1393,0,420,47920,36.40824298469388,50176,0.0,0.0,196.21522241709184
 Aspagho (9),0.0,2.0,0,59,0,924,0,1930,0,1111,46152,73.64995216836735,50176,0.0,0.0,122.55510602678571
Bacho  (1),1.5,5.414213538169861,0,43,0,1003,0,2088,0,1039,46003,80.60736208545919,50176,0.0,0.0,155.60407366071428
Bacho  (10),350.0,135.25483310222626,1,7,0,147,0,253,0,127,49641,9.696667729591837,50176,0.0,0.0,6.276407047193878
Bacho  (11),0.0,2.0,1,75,0,1556,0,2849,0,1667,44028,121.45228794642857,50176,0.0,0.0,141.43514827806123
Bacho  (12),0.0,4.0,0,46,0,997,0,1853,0,950,46330,78.80321269132654,50176,0.0,0.0,91.63554288903062
Bacho  (13),114.0,48.14213538169861,0,17,0,859,0,1274,0,836,47190,62.61668925382653,50176,0.0,0.0,47.68036511479592
Bacho  (14),0.0,0.0,1,79,0,1089,0,1867,0,1081,46059,83.10267857142857,50176,0.0,0.0,64.91888552295919
Bacho  (15),22.0,22.485281229019165,0,65,0,1005,0,2226,0,1198,45682,80.3125996492347,50176,0.0,0.0,111.57266422193878
Bacho  (17),113.5,50.38477599620819,0,20,0,838,0,1297,0,813,47208,62.69292091836735,50176,0.0,0.0,49.11860251913265
Bacho  (18),2.5,7.414213538169861,1,64,0,1305,0,2379,0,1417,45010,101.37286750637755,50176,0.0,0.0,124.45073341836735
Bacho  (19),6.5,17.899494767189026,0,39,0,887,0,1799,0,897,46554,71.70350366709184,50176,0.0,0.0,77.2379225127551
Bacho  (2),64.0,45.79898965358734,0,52,0,1407,0,2329,0,1442,44946,106.50071747448979,50176,0.0,0.0,116.56837930484694
Bacho  (20),4.0,8.0,0,29,0,1054,0,2155,0,1094,45844,84.55616230867346,50176,0.0,0.0,162.51574457908163
Bacho  (21),2.0,6.828427076339722,0,15,0,1104,0,2184,0,1168,45705,89.11989795918367,50176,0.0,0.0,152.55480707908163
Bacho  (22),14.0,16.485281229019165,0,52,0,1202,0,2334,0,1242,45346,90.12615593112245,50176,0.0,0.0,144.1439134247449
Bacho  (23),71.5,35.071067690849304,0,26,0,895,0,1638,0,981,46636,70.75823102678571,50176,0.0,0.0,59.38446667729592
Bacho  (24),161.0,74.28427076339722,0,13,0,863,0,1337,0,865,47098,65.76759805484694,50176,0.0,0.0,64.70035475127551
Bacho  (25),5.0,10.828427076339722,0,43,0,1046,0,1847,0,1016,46224,80.23128587372449,50176,0.0,0.0,92.10309709821429
Bacho  (26),3.5,7.414213538169861,0,54,0,1384,0,2729,0,1462,44547,111.87759088010205,50176,0.0,0.0,102.56208147321429
Bacho  (27),0.0,4.0,0,46,0,997,0,1853,0,950,46330,78.80321269132654,50176,0.0,0.0,91.63554288903062
Bacho  (28),0.0,4.0,0,46,0,997,0,1853,0,950,46330,78.80321269132654,50176,0.0,0.0,91.63554288903062
Bacho  (29),350.0,135.25483310222626,1,7,0,147,0,253,0,127,49641,9.696667729591837,50176,0.0,0.0,6.276407047193878
Bacho  (3),1.5,5.414213538169861,0,43,0,1003,0,2088,0,1039,46003,80.60736208545919,50176,0.0,0.0,155.60407366071428
Bacho  (30),0.0,0.0,1,60,0,1426,0,3136,0,1522,44031,113.98158482142857,50176,0.0,0.0,160.84881218112244
Bacho  (31),5.0,10.828427076339722,0,59,0,1610,0,3527,0,1803,43177,129.39054528061226,50176,0.0,0.0,132.76506696428572
Bacho  (32),144.0,55.79898941516876,0,44,0,583,0,908,0,501,48140,42.53726881377551,50176,0.0,0.0,24.9430006377551
Bacho  (33),1.0,4.0,0,78,0,1200,0,2018,0,1170,45710,90.12615593112245,50176,0.0,0.0,118.00661670918367
Bacho  (34),0.5,3.414213538169861,0,20,0,736,0,1263,0,721,47436,59.58266900510204,50176,0.0,0.0,120.26815609056122
Bacho  (4),0.0,0.0,2,93,0,1458,0,2911,0,1522,44190,114.82521524234694,50176,0.0,0.0,107.9135443239796
Bacho  (5),4.0,8.0,0,29,0,1054,0,2155,0,1094,45844,84.55616230867346,50176,0.0,0.0,162.51574457908163
Bacho  (6),0.0,0.0,0,0,0,0,0,0,0,0,50176,0.0,50176,0.0,0.0,0.0
Bacho  (7),4.0,8.0,0,29,0,1054,0,2155,0,1094,45844,84.55616230867346,50176,0.0,0.0,162.51574457908163
Bacho  (8),323.5,91.01219260692596,0,34,0,996,0,1640,0,1030,46476,75.25081712372449,50176,0.0,0.0,105.51478794642857
Bacho  (9),350.0,135.25483310222626,1,7,0,147,0,253,0,127,49641,9.696667729591837,50176,0.0,0.0,6.276407047193878
Baheda  (1),0.0,0.0,1,20,0,696,0,1839,0,676,46944,58.51034359056123,50176,0.0,0.0,80.00259088010205
Baheda  (10),2.5,7.414213538169861,0,55,0,1224,0,2482,0,1298,45117,98.3236009247449,50176,0.0,0.0,129.44136639030611
Baheda  (11),153.0,54.14213538169861,0,22,0,903,0,1849,0,940,46462,73.69060905612245,50176,0.0,0.0,156.41721141581633
Baheda  (12),49.0,67.94112479686737,0,53,0,1054,0,2244,0,1061,45764,85.19142617984694,50176,0.0,0.0,134.9249641262755
Baheda  (13),161.5,53.899494767189026,0,18,0,887,0,1544,0,937,46790,69.77230149872449,50176,0.0,0.0,128.994140625
Baheda  (14),0.0,4.0,0,52,0,982,0,1566,0,972,46604,74.78326291454081,50176,0.0,0.0,92.14883609693878
Baheda  (15),26.5,23.41421353816986,1,31,0,939,0,1514,0,942,46749,70.74298469387755,50176,0.0,0.0,93.69887994260205
Baheda  (16),161.5,53.899494767189026,0,18,0,887,0,1544,0,937,46790,69.77230149872449,50176,0.0,0.0,128.994140625
Baheda  (17),353.5,80.87005710601807,0,14,0,404,0,912,0,376,48470,32.083366549744895,50176,0.0,0.0,39.315210459183675
Baheda  (18),5.0,13.656854152679443,0,29,0,644,0,1377,0,590,47536,58.26640226403061,50176,0.0,0.0,100.29037786989795
Baheda  (19),0.0,4.0,0,52,0,982,0,1566,0,972,46604,74.78326291454081,50176,0.0,0.0,92.14883609693878
Baheda  (2),0.0,2.0,1,20,0,610,0,1377,0,609,47559,50.68389269770408,50176,0.0,0.0,81.89821827168367
Baheda  (20),2.5,7.414213538169861,0,55,0,1224,0,2482,0,1298,45117,98.3236009247449,50176,0.0,0.0,129.44136639030611
Baheda  (21),0.0,4.0,0,21,0,675,0,1346,0,650,47484,51.827367665816325,50176,0.0,0.0,83.97171954719387
Baheda  (22),163.0,53.31370830535889,0,20,0,924,0,1498,0,960,46774,70.91577646683673,50176,0.0,0.0,127.44409677933673
Baheda  (23),3.0,8.0,0,16,0,634,0,1186,0,674,47666,53.199537627551024,50176,0.0,0.0,118.7435227997449
Baheda  (24),1.5,5.414213538169861,0,68,0,1291,0,2220,0,1263,45334,99.87872688137755,50176,0.0,0.0,109.80917171556122
Baheda  (25),3.5,11.41421353816986,1,16,0,641,0,1105,0,649,47764,51.21243223852041,50176,0.0,0.0,119.23140545280613
Baheda  (26),2.5,7.414213538169861,0,67,0,1289,0,2623,0,1423,44774,102.48076769770408,50176,0.0,0.0,126.34636080994898
Baheda  (27),13.5,16.242640614509583,0,28,0,731,0,1623,0,772,47022,58.479850924744895,50176,0.0,0.0,173.13227439413265
Baheda  (28),1.0,4.0,0,51,0,1055,0,2176,0,1054,45840,83.3008808992347,50176,0.0,0.0,137.77602838010205
Baheda  (29),7.0,10.828427076339722,0,63,0,1058,0,2313,0,1131,45611,86.54326769770408,50176,0.0,0.0,111.88775510204081
Baheda  (3),0.0,0.0,1,66,0,1254,0,2497,0,1331,45027,100.29037786989795,50176,0.0,0.0,129.6598971619898
Baheda  (30),31119.5,2171.172784924507,0,11,0,617,0,1494,0,632,47422,45.94228316326531,50176,0.0,0.0,161.58063616071428
Baheda  (31),0.0,0.0,1,20,0,696,0,1839,0,676,46944,58.51034359056123,50176,0.0,0.0,80.00259088010205
Baheda  (32),12.5,39.55634891986847,0,10,0,45,0,38,0,10,50073,3.354193239795918,50176,0.0,0.0,0.8029735331632653
Baheda  (33),0.0,0.0,1,20,0,696,0,1839,0,676,46944,58.51034359056123,50176,0.0,0.0,80.00259088010205
Baheda  (34),49729.0,892.0,0,0,0,279,0,1180,0,279,48438,19.784658003826532,50176,0.0,0.0,111.15593112244898
Baheda  (35),0.0,4.0,0,21,0,675,0,1346,0,650,47484,51.827367665816325,50176,0.0,0.0,83.97171954719387
Baheda  (4),102.0,102.91168713569641,0,38,0,1055,0,2206,0,981,45896,89.56712372448979,50176,0.0,0.0,122.05705915178571
Baheda  (5),6.5,17.41421353816986,0,25,0,824,0,1379,0,797,47151,62.530293367346935,50176,0.0,0.0,116.03475765306122
Baheda  (6),0.0,0.0,1,66,0,1254,0,2497,0,1331,45027,100.29037786989795,50176,0.0,0.0,129.6598971619898
Baheda  (7),0.0,2.0,1,20,0,610,0,1377,0,609,47559,50.68389269770408,50176,0.0,0.0,81.89821827168367
Baheda  (8),0.0,0.0,2,14,0,445,0,1090,0,419,48206,35.706911670918366,50176,0.0,0.0,57.26522640306123
Baheda  (9),1.0,12.828427076339722,0,22,0,675,0,1272,0,656,47551,53.5400390625,50176,0.0,0.0,102.59765625
Bajarbang  (1),33.5,35.21320307254791,0,28,0,904,0,1711,0,874,46659,73.0045240752551,50176,0.0,0.0,82.76725924744898
Bajarbang  (10),9.5,16.242640614509583,0,20,0,426,0,1195,0,423,48112,35.254603794642854,50176,0.0,0.0,70.81921635841837
Bajarbang  (11),33.5,35.21320307254791,0,28,0,904,0,1711,0,874,46659,73.0045240752551,50176,0.0,0.0,82.76725924744898
Bajarbang  (12),0.5,3.414213538169861,1,28,0,541,0,1518,0,665,47423,46.44033003826531,50176,0.0,0.0,133.2275390625
Bajarbang  (13),23.5,19.071067690849304,1,83,0,1631,0,3258,0,1816,43387,126.46833147321429,50176,0.0,0.0,137.14584661989795
Bajarbang  (14),33.5,35.21320307254791,0,28,0,904,0,1711,0,874,46659,73.0045240752551,50176,0.0,0.0,82.76725924744898
Bajarbang  (15),717.0,163.88224971294403,0,26,0,826,0,1568,0,856,46900,65.244140625,50176,0.0,0.0,87.06672512755102
Bajarbang  (16),100.5,42.041630029678345,0,20,0,997,0,1609,0,1027,46523,75.49984056122449,50176,0.0,0.0,83.57531489158163
Bajarbang  (17),110.0,50.485281229019165,0,23,0,954,0,1826,0,974,46399,77.12103396045919,50176,0.0,0.0,96.40764508928571
Bajarbang  (18),5.0,12.828427076339722,1,45,0,948,0,1764,0,1005,46413,75.06277901785714,50176,0.0,0.0,78.8133769132653
Bajarbang  (19),6.0,19.656854152679443,0,34,0,1215,0,2220,0,1285,45422,97.47488839285714,50176,0.0,0.0,100.70202885841837
Bajarbang  (2),0.0,0.0,1,27,0,992,0,2206,0,1027,45923,84.85092474489795,50176,0.0,0.0,121.24392139668367
Bajarbang  (20),413.5,124.18376541137695,0,5,0,54,0,157,0,48,49912,4.726363201530612,50176,0.0,0.0,3.3287826849489797
Bajarbang  (21),717.0,163.88224971294403,0,26,0,826,0,1568,0,856,46900,65.244140625,50176,0.0,0.0,87.06672512755102
Bajarbang  (22),202.0,75.11269772052765,0,22,0,917,0,2186,0,949,46102,81.72542649872449,50176,0.0,0.0,120.9389947385204
Bajarbang  (23),12.0,17.656854152679443,0,8,0,388,0,1026,0,349,48405,34.1162109375,50176,0.0,0.0,43.14712213010204
Bajarbang  (24),12.0,17.656854152679443,0,8,0,388,0,1026,0,349,48405,34.1162109375,50176,0.0,0.0,43.14712213010204
Bajarbang  (25),0.0,0.0,1,27,0,992,0,2206,0,1027,45923,84.85092474489795,50176,0.0,0.0,121.24392139668367
Bajarbang  (26),31.0,27.656854152679443,0,36,0,1116,0,2489,0,1267,45268,90.91896524234694,50176,0.0,0.0,154.98913823341837
Bajarbang  (27),0.5,3.414213538169861,1,28,0,541,0,1518,0,665,47423,46.44033003826531,50176,0.0,0.0,133.2275390625
Bajarbang  (28),9.5,16.242640614509583,0,20,0,426,0,1195,0,423,48112,35.254603794642854,50176,0.0,0.0,70.81921635841837
Bajarbang  (29),714.0,149.0538228750229,1,25,0,821,0,1505,0,846,46978,64.15148676658163,50176,0.0,0.0,86.9091796875
Bajarbang  (3),0.5,3.414213538169861,1,28,0,541,0,1518,0,665,47423,46.44033003826531,50176,0.0,0.0,133.2275390625
Bajarbang  (30),714.0,149.0538228750229,1,25,0,821,0,1505,0,846,46978,64.15148676658163,50176,0.0,0.0,86.9091796875
Bajarbang  (31),0.5,3.414213538169861,1,28,0,541,0,1518,0,665,47423,46.44033003826531,50176,0.0,0.0,133.2275390625
Bajarbang  (32),0.0,2.0,0,35,0,918,0,1911,0,953,46359,71.8407206632653,50176,0.0,0.0,105.03706951530613
Bajarbang  (33),413.5,124.18376541137695,0,5,0,54,0,157,0,48,49912,4.726363201530612,50176,0.0,0.0,3.3287826849489797
Bajarbang  (34),413.5,124.18376541137695,0,5,0,54,0,157,0,48,49912,4.726363201530612,50176,0.0,0.0,3.3287826849489797
Bajarbang  (35),9.5,16.242640614509583,0,20,0,426,0,1195,0,423,48112,35.254603794642854,50176,0.0,0.0,70.81921635841837
Bajarbang  (4),7.0,10.828427076339722,0,39,0,1336,0,2792,0,1497,44512,108.81816007653062,50176,0.0,0.0,162.41918447066325
Bajarbang  (5),0.0,2.0,4,53,0,1005,0,1996,0,1052,46066,79.38765545280613,50176,0.0,0.0,67.8614277742347
Bajarbang  (6),0.0,2.0,4,53,0,1005,0,1996,0,1052,46066,79.38765545280613,50176,0.0,0.0,67.8614277742347
Bajarbang  (7),0.0,0.0,1,27,0,992,0,2206,0,1027,45923,84.85092474489795,50176,0.0,0.0,121.24392139668367
Bajarbang  (8),33.5,35.21320307254791,0,28,0,904,0,1711,0,874,46659,73.0045240752551,50176,0.0,0.0,82.76725924744898
Bajarbang  (9),33.5,35.21320307254791,0,28,0,904,0,1711,0,874,46659,73.0045240752551,50176,0.0,0.0,82.76725924744898
Bal raksha  (1),0.0,16.0,0,26,0,852,0,1941,0,849,46508,72.97911352040816,50176,0.0,0.0,110.30213647959184
Bal raksha  (10),0.0,2.0,0,79,0,1161,0,2464,0,1231,45241,91.53390066964286,50176,0.0,0.0,77.48186383928571
Bal raksha  (11),13.5,16.242640614509583,0,0,0,36,0,102,0,28,50010,2.5258091517857144,50176,0.0,0.0,5.854591836734694
Bal raksha  (12),0.0,2.0,3,60,0,1517,0,3026,0,1687,43883,118.70286591198979,50176,0.0,0.0,129.54809072066325
Bal raksha  (13),326.0,89.94112455844879,0,12,0,452,0,687,0,440,48585,33.17093829719388,50176,0.0,0.0,33.99424027423469
Bal raksha  (14),0.0,0.0,1,60,0,1633,0,2643,0,1656,44183,119.26189811862245,50176,0.0,0.0,117.99137037627551
Bal raksha  (15),10.0,14.828427076339722,1,18,0,531,0,1024,0,556,48046,45.30701929209184,50176,0.0,0.0,48.43251753826531
Bal raksha  (16),102.0,42.14213526248932,0,24,0,1259,0,2194,0,1275,45424,100.87990274234694,50176,0.0,0.0,121.48786272321429
Bal raksha  (17),0.5,3.414213538169861,0,60,0,1271,0,2660,0,1262,44923,106.14496970663265,50176,0.0,0.0,99.28411989795919
Bal raksha  (18),0.5,3.414213538169861,0,60,0,1271,0,2660,0,1262,44923,106.14496970663265,50176,0.0,0.0,99.28411989795919
Bal raksha  (19),32.5,23.071067690849304,0,18,0,669,0,1330,0,677,47482,56.10650510204081,50176,0.0,0.0,66.98222257653062
Bal raksha  (2),0.0,4.0,0,40,0,928,0,1836,0,992,46380,72.6741868622449,50176,0.0,0.0,83.13825334821429
Bal raksha  (20),0.0,2.0,1,82,0,1438,0,2521,0,1451,44683,106.083984375,50176,0.0,0.0,81.90838249362245
Bal raksha  (21),2.0,6.828427076339722,0,6,0,959,0,1474,0,975,46762,73.1264947385204,50176,0.0,0.0,104.40180564413265
Bal raksha  (22),22.5,22.242640614509583,0,17,0,506,0,961,0,520,48172,39.77768255739796,50176,0.0,0.0,45.977857940051024
Bal raksha  (23),0.5,3.414213538169861,1,55,0,1174,0,2130,0,1213,45603,95.13711734693878,50176,0.0,0.0,95.60467155612245
Bal raksha  (24),5.0,8.828427076339722,0,11,0,821,0,1678,0,876,46790,67.1956712372449,50176,0.0,0.0,160.27453364158163
Bal raksha  (25),1.0,4.0,0,58,0,1156,0,2092,0,1229,45641,88.9420240752551,50176,0.0,0.0,81.3442681760204
Bal raksha  (26),34.5,25.899494528770447,0,30,0,1336,0,2638,0,1485,44687,102.4706034757653,50176,0.0,0.0,140.91169084821428
Bal raksha  (27),10.5,20.242640614509583,0,20,0,1115,0,2116,0,1127,45798,84.92207429846938,50176,0.0,0.0,154.3132174744898
Bal raksha  (28),0.0,2.0,1,54,0,431,0,698,0,349,48643,31.03645169005102,50176,0.0,0.0,15.632573341836734
Bal raksha  (29),34.5,25.899494528770447,0,30,0,1336,0,2638,0,1485,44687,102.4706034757653,50176,0.0,0.0,140.91169084821428
Bal raksha  (3),0.0,2.0,0,66,0,1177,0,2178,0,1286,45469,90.66994180484694,50176,0.0,0.0,80.83097496811224
Bal raksha  (30),205.5,57.21320295333862,0,7,0,661,0,1339,0,681,47488,57.239815848214285,50176,0.0,0.0,78.21876992984694
Bal raksha  (31),5.0,14.828427076339722,0,29,0,1103,0,2074,0,1114,45856,84.7086256377551,50176,0.0,0.0,154.16075414540816
Bal raksha  (32),30916.5,2126.4864904880524,0,9,0,679,0,1583,0,719,47186,56.741768973214285,50176,0.0,0.0,155.87342554209184
Bal raksha  (33),4.5,10.242640495300293,0,47,0,1187,0,2464,0,1253,45225,99.71101721938776,50176,0.0,0.0,96.41780931122449
Bal raksha  (34),38.0,27.313708305358887,0,26,0,1349,0,2513,0,1455,44833,100.09725765306122,50176,0.0,0.0,141.0641541772959
Bal raksha  (35),8.5,12.242640614509583,0,15,0,835,0,1719,0,893,46714,68.94391741071429,50176,0.0,0.0,160.9148796237245
Bal raksha  (4),326.0,89.94112455844879,0,12,0,452,0,687,0,440,48585,33.17093829719388,50176,0.0,0.0,33.99424027423469
Bal raksha  (5),603.5,160.81118166446686,0,16,0,584,0,1139,0,597,47840,48.05135921556123,50176,0.0,0.0,97.2411112882653
Bal raksha  (6),326.0,89.94112455844879,0,12,0,452,0,687,0,440,48585,33.17093829719388,50176,0.0,0.0,33.99424027423469
Bal raksha  (7),1.0,4.0,0,20,0,445,0,1452,0,580,47679,41.1701809630102,50176,0.0,0.0,171.3738639987245
Bal raksha  (8),1.0,6.828427076339722,0,101,0,1436,0,2956,0,1567,44116,114.40340003188776,50176,0.0,0.0,85.83685427295919
Bal raksha  (9),9.5,15.071067571640015,0,37,0,1007,0,1670,0,1025,46437,75.33721301020408,50176,0.0,0.0,66.80943080357143
Baltal  (1),49729.0,892.0,0,1,0,624,0,1777,0,680,47094,48.701869419642854,50176,0.0,0.0,198.1057676977041
Baltal  (1),314.0,99.59797859191895,0,11,0,523,0,1897,0,513,47232,49.657306281887756,50176,0.0,0.0,133.44606983418367
Baltal  (10),49729.0,892.0,0,7,0,669,0,1700,0,692,47108,47.471998565051024,50176,0.0,0.0,193.4962930484694
Baltal  (11),49729.0,892.0,0,8,0,759,0,1915,0,766,46728,56.6960299744898,50176,0.0,0.0,184.09946986607142
Baltal  (12),49729.0,892.0,0,10,0,474,0,1570,0,496,47626,37.86680883290816,50176,0.0,0.0,207.3602917729592
Baltal  (13),37213.5,3193.8834590911865,0,6,0,656,0,2472,0,656,46386,67.41420200892857,50176,0.0,0.0,191.40246332908163
Baltal  (14),49729.0,892.0,0,10,0,474,0,1570,0,496,47626,37.86680883290816,50176,0.0,0.0,207.3602917729592
Baltal  (15),49729.0,892.0,0,2,0,415,0,1567,0,434,47758,34.52786192602041,50176,0.0,0.0,199.18317522321428
Baltal  (16),32888.5,2122.555470943451,0,4,0,516,0,1790,0,542,47324,45.07832429846939,50176,0.0,0.0,160.31519052933675
Baltal  (17),0.0,0.0,1,55,0,977,0,2572,0,1273,45298,80.54637675382654,50176,0.0,0.0,119.7802734375
Baltal  (18),49729.0,892.0,0,5,0,609,0,1821,0,629,47112,49.81485172193877,50176,0.0,0.0,191.84460698341837
Baltal  (19),49729.0,892.0,0,8,0,488,0,1977,0,493,47210,49.10843829719388,50176,0.0,0.0,164.4367825255102
Baltal  (2),49729.0,892.0,0,4,0,468,0,1616,0,452,47636,36.748744419642854,50176,0.0,0.0,201.5768494897959
Baltal  (20),38530.5,1117.8893901109695,0,9,0,541,0,1789,0,535,47302,45.916872608418366,50176,0.0,0.0,168.90904017857142
Baltal  (21),49729.0,892.0,0,10,0,479,0,1945,0,490,47252,46.81132413903061,50176,0.0,0.0,164.1013632015306
Baltal  (22),49729.0,892.0,0,9,0,317,0,1423,0,315,48112,27.9312818877551,50176,0.0,0.0,172.41061463647958
Baltal  (23),49729.0,892.0,0,13,0,503,0,1944,0,522,47194,46.790995695153065,50176,0.0,0.0,190.30472735969389
Baltal  (24),45938.0,858.0,0,19,0,676,0,2307,0,670,46504,70.3110052614796,50176,0.0,0.0,173.1983418367347
Baltal  (25),35533.5,2207.300639152527,0,13,0,570,0,1966,0,557,47070,52.27459343112245,50176,0.0,0.0,149.75456393494898
Baltal  (26),28116.0,2775.758570075035,0,9,0,553,0,1954,0,548,47112,51.43604512117347,50176,0.0,0.0,149.34291294642858
Baltal  (27),311.0,98.42640614509583,0,14,0,519,0,1913,0,514,47216,49.62173150510204,50176,0.0,0.0,133.23770328443877
Baltal  (28),7.5,12.242640614509583,0,15,0,223,0,512,0,202,49224,17.238520408163264,50176,0.0,0.0,38.51223692602041
Baltal  (29),38573.5,2241.2661464214325,0,11,0,746,0,2248,0,754,46417,66.28597337372449,50176,0.0,0.0,164.5282605229592
Baltal  (3),49729.0,892.0,0,8,0,386,0,1615,0,385,47782,34.09588249362245,50176,0.0,0.0,175.03298389668367
Baltal  (30),59.0,50.14213526248932,0,35,0,1061,0,2635,0,1138,45307,97.25635762117346,50176,0.0,0.0,129.14152184311226
Baltal  (31),49729.0,892.0,0,21,0,474,0,1911,0,478,47292,46.160813934948976,50176,0.0,0.0,164.11660953443877
Baltal  (32),49729.0,892.0,0,11,0,475,0,1583,0,511,47596,37.97353316326531,50176,0.0,0.0,207.99047353316325
Baltal  (33),49729.0,892.0,0,5,0,635,0,1780,0,636,47120,49.05253507653061,50176,0.0,0.0,171.16549744897958
Baltal  (34),49729.0,892.0,0,2,0,332,0,1558,0,372,47912,30.899234693877553,50176,0.0,0.0,222.15939891581633
Baltal  (4),25.0,25.656854152679443,0,13,0,710,0,1671,0,740,47042,59.374302455357146,50176,0.0,0.0,185.53770727040816
Baltal  (5),49729.0,892.0,0,9,0,444,0,1814,0,473,47436,40.39770009566327,50176,0.0,0.0,200.3825534119898
Baltal  (6),29173.5,2625.9179495573044,0,9,0,554,0,1967,0,547,47099,51.47161989795919,50176,0.0,0.0,149.4140625
Baltal  (7),0.5,5.414213538169861,0,20,0,634,0,1166,0,552,47804,49.72845583545919,50176,0.0,0.0,50.50601881377551
Baltal  (8),49729.0,892.0,0,14,0,341,0,1512,0,337,47972,29.41017617984694,50176,0.0,0.0,173.6862244897959
Baltal  (9),29173.5,2625.9179495573044,0,9,0,554,0,1967,0,547,47099,51.47161989795919,50176,0.0,0.0,149.4140625
Bata  (1),1.0,4.828427076339722,0,41,0,1109,0,2194,0,1140,45692,88.7793965242347,50176,0.0,0.0,148.6720742984694
Bata  (10),21786.5,1328.506700515747,0,14,0,556,0,1897,0,595,47114,46.348852040816325,50176,0.0,0.0,214.39901546556123
Bata  (11),15916.0,1772.3027226924896,0,16,0,765,0,1496,0,812,47087,66.50958625637755,50176,0.0,0.0,74.0006178252551
Bata  (12),8.0,12.828427076339722,0,74,0,1765,0,3456,0,1896,42985,134.5997090242347,50176,0.0,0.0,128.71462452168367
Bata  (13),21786.5,1328.506700515747,0,14,0,556,0,1897,0,595,47114,46.348852040816325,50176,0.0,0.0,214.39901546556123
Bata  (14),15.5,16.242640614509583,1,29,0,1115,0,2317,0,1125,45589,90.09566326530613,50176,0.0,0.0,102.83143335459184
Bata  (15),0.0,0.0,1,81,0,1645,0,3534,0,1675,43240,139.6564094387755,50176,0.0,0.0,114.54061702806122
Bata  (16),175.5,75.69848430156708,0,26,0,976,0,2398,0,1020,45756,80.25669642857143,50176,0.0,0.0,155.52784199617346
Bata  (17),1.0,4.828427076339722,0,41,0,666,0,2187,0,876,46406,60.76680086096939,50176,0.0,0.0,192.2410116390306
Bata  (18),175.5,75.69848430156708,0,26,0,976,0,2398,0,1020,45756,80.25669642857143,50176,0.0,0.0,155.52784199617346
Bata  (19),15.5,16.242640614509583,1,29,0,1115,0,2317,0,1125,45589,90.09566326530613,50176,0.0,0.0,102.83143335459184
Bata  (2),3523.0,258.3675305843353,0,34,0,867,0,1584,0,839,46852,69.96542171556122,50176,0.0,0.0,78.26450892857143
Bata  (20),15.5,16.242640614509583,1,29,0,1115,0,2317,0,1125,45589,90.09566326530613,50176,0.0,0.0,102.83143335459184
Bata  (21),175.5,75.69848430156708,0,26,0,976,0,2398,0,1020,45756,80.25669642857143,50176,0.0,0.0,155.52784199617346
Bata  (22),0.5,3.414213538169861,0,19,0,611,0,1918,0,636,46992,53.15379862882653,50176,0.0,0.0,195.88996731505102
Bata  (23),10.0,12.828427076339722,0,14,0,718,0,1374,0,764,47306,55.48648756377551,50176,0.0,0.0,123.79005899234694
Bata  (24),15916.0,1772.3027226924896,0,16,0,765,0,1496,0,812,47087,66.50958625637755,50176,0.0,0.0,74.0006178252551
Bata  (25),5.5,9.41421353816986,0,7,0,367,0,887,0,365,48550,32.32730787627551,50176,0.0,0.0,142.2686144770408
Bata  (26),9.5,12.242640614509583,0,7,0,379,0,911,0,378,48501,33.63849250637755,50176,0.0,0.0,145.62788982780611
Bata  (27),17.5,19.899494647979736,0,19,0,941,0,1423,0,907,46886,69.96033960459184,50176,0.0,0.0,81.07999840561224
Bata  (3),21786.5,1328.506700515747,0,14,0,556,0,1897,0,595,47114,46.348852040816325,50176,0.0,0.0,214.39901546556123
Bata  (30),10.0,12.828427076339722,0,14,0,718,0,1374,0,764,47306,55.48648756377551,50176,0.0,0.0,123.79005899234694
Bata  (31),10.0,12.828427076339722,0,14,0,718,0,1374,0,764,47306,55.48648756377551,50176,0.0,0.0,123.79005899234694
Bata  (32),10.0,12.828427076339722,0,14,0,718,0,1374,0,764,47306,55.48648756377551,50176,0.0,0.0,123.79005899234694
Bata  (33),0.5,3.414213538169861,0,19,0,611,0,1918,0,636,46992,53.15379862882653,50176,0.0,0.0,195.88996731505102
Bata  (34),124.0,48.97056233882904,0,22,0,662,0,1789,0,668,47035,54.11431760204081,50176,0.0,0.0,174.78396045918367
Bata  (35),26.5,20.242640614509583,0,12,0,967,0,1678,0,973,46546,68.6898118622449,50176,0.0,0.0,124.46597975127551
Bata  (4),20350.0,1566.940246462822,0,19,0,809,0,1875,0,945,46528,72.40991709183673,50176,0.0,0.0,88.79464285714286
Bata  (5),50.5,40.72792184352875,0,30,0,1041,0,2296,0,1048,45761,76.73479352678571,50176,0.0,0.0,202.72032445790816
Bata  (6),6.5,19.41421353816986,0,17,0,432,0,967,0,416,48344,34.60409359056123,50176,0.0,0.0,92.3470384247449
Bata  (7),1.0,4.0,0,18,0,579,0,1586,0,575,47418,49.01187818877551,50176,0.0,0.0,118.86041135204081
Bata  (8),41881.0,2075.2001321315765,0,19,0,700,0,2070,0,785,46602,58.39345503826531,50176,0.0,0.0,206.15583147321428
Bata  (9),1277.0,233.53910374641418,0,8,0,147,0,441,0,156,49424,15.429288903061224,50176,0.0,0.0,20.003188775510203
Batula (1),0.0,0.0,2,33,0,895,0,2278,0,1139,45829,73.51781728316327,50176,0.0,0.0,162.63771524234693
Batula (11),37.0,25.656854152679443,0,23,0,831,0,1358,0,868,47096,64.54280931122449,50176,0.0,0.0,126.86473612882654
Batula (12),10.0,21.313708305358887,0,13,0,387,0,778,0,368,48630,32.98290019132653,50176,0.0,0.0,65.42201450892857
Batula (13),194.0,62.62741661071777,1,3,0,188,0,477,0,172,49335,13.828423947704081,50176,0.0,0.0,23.306560905612244
Batula (14),5.0,12.828427076339722,0,67,0,1389,0,2526,0,1480,44714,106.99876434948979,50176,0.0,0.0,116.044921875
Batula (15),1.0,4.0,0,67,0,1423,0,2673,0,1485,44528,109.83966438137755,50176,0.0,0.0,143.36635044642858
Batula (16),37.0,25.656854152679443,0,23,0,831,0,1358,0,868,47096,64.54280931122449,50176,0.0,0.0,126.86473612882654
Batula (17),0.0,0.0,2,40,0,1001,0,1911,0,1040,46182,82.48774314413265,50176,0.0,0.0,101.02728396045919
Batula (18),0.0,2.0,0,29,0,678,0,1802,0,733,46934,59.26249601403061,50176,0.0,0.0,133.82214604591837
Batula (19),1.0,4.0,1,61,0,1342,0,3150,0,1698,43924,110.04294882015306,50176,0.0,0.0,155.5125956632653
Batula (20),10.0,21.313708305358887,0,13,0,387,0,778,0,368,48630,32.98290019132653,50176,0.0,0.0,65.42201450892857
Batula (21),0.5,3.414213538169861,0,61,0,1174,0,2592,0,1411,44938,92.10309709821429,50176,0.0,0.0,181.94465481505102
Batula (22),194.0,62.62741661071777,1,3,0,188,0,477,0,172,49335,13.828423947704081,50176,0.0,0.0,23.306560905612244
Batula (23),1.0,4.0,0,67,0,1423,0,2673,0,1485,44528,109.83966438137755,50176,0.0,0.0,143.36635044642858
Batula (24),5.0,12.828427076339722,0,67,0,1389,0,2526,0,1480,44714,106.99876434948979,50176,0.0,0.0,116.044921875
Batula (25),0.5,3.414213538169861,0,58,0,1412,0,2724,0,1560,44422,112.14186065051021,50176,0.0,0.0,143.74750876913265
Batula (26),8.5,14.242640614509583,0,29,0,1046,0,2315,0,1072,45714,90.91896524234694,50176,0.0,0.0,144.54031808035714
Batula (27),2.0,6.0,0,37,0,974,0,2168,0,963,46034,84.99830596301021,50176,0.0,0.0,129.48202327806123
Batula (28),1.0,4.0,0,67,0,1423,0,2673,0,1485,44528,109.83966438137755,50176,0.0,0.0,143.36635044642858
Batula (29),2.0,6.0,0,37,0,974,0,2168,0,963,46034,84.99830596301021,50176,0.0,0.0,129.48202327806123
Batula (30),0.0,2.0,0,29,0,678,0,1802,0,733,46934,59.26249601403061,50176,0.0,0.0,133.82214604591837
Batula (31),0.0,2.0,0,56,0,1379,0,2642,0,1523,44576,108.38618064413265,50176,0.0,0.0,141.50121572066325
Batula (32),2.0,6.828427076339722,2,128,0,1575,0,3122,0,1723,43626,122.76347257653062,50176,0.0,0.0,121.025390625
Batula (33),13.5,18.242640614509583,0,13,0,620,0,1375,0,616,47552,52.61509486607143,50176,0.0,0.0,76.63823341836735
Batula (34),7.0,10.828427076339722,0,25,0,663,0,1742,0,698,47048,57.29571906887755,50176,0.0,0.0,134.44724569515307
Batula (35),2.0,6.828427076339722,2,128,0,1575,0,3122,0,1723,43626,122.76347257653062,50176,0.0,0.0,121.025390625
Batula (36),2.0,6.828427076339722,2,128,0,1575,0,3122,0,1723,43626,122.76347257653062,50176,0.0,0.0,121.025390625
Batula (37),1.0,4.828427076339722,1,122,0,1799,0,3591,0,1962,42701,139.22951211734693,50176,0.0,0.0,145.31788105867346
Batula (38),0.0,2.0,0,29,0,678,0,1802,0,733,46934,59.26249601403061,50176,0.0,0.0,133.82214604591837
Batula (39),0.0,2.0,0,29,0,678,0,1802,0,733,46934,59.26249601403061,50176,0.0,0.0,133.82214604591837
Batula (40),0.0,4.0,0,111,0,1499,0,2728,0,1509,44329,112.83302774234694,50176,0.0,0.0,100.87990274234694
Batula (41),0.0,0.0,2,33,0,895,0,2278,0,1139,45829,73.51781728316327,50176,0.0,0.0,162.63771524234693
Batula (42),0.0,0.0,2,48,0,849,0,2347,0,1148,45782,74.91031568877551,50176,0.0,0.0,161.65178571428572
Batula (43),0.0,4.0,0,111,0,1499,0,2728,0,1509,44329,112.83302774234694,50176,0.0,0.0,100.87990274234694
Batula (44),194.0,62.62741661071777,1,3,0,188,0,477,0,172,49335,13.828423947704081,50176,0.0,0.0,23.306560905612244
Betel (1),49729.0,892.0,0,1,0,274,0,1256,0,275,48370,21.14158163265306,50176,0.0,0.0,142.1923828125
Betel (11),49729.0,892.0,0,0,0,230,0,1194,0,230,48522,18.082150829081634,50176,0.0,0.0,145.49067283163265
Betel (12),19839.5,1575.4772639274597,0,2,0,315,0,1118,0,313,48428,21.802256058673468,50176,0.0,0.0,104.5034478635204
Betel (13),49729.0,892.0,0,0,0,225,0,1286,0,225,48440,20.181062659438776,50176,0.0,0.0,107.35959422831633
Betel (14),49729.0,892.0,0,0,0,188,0,1076,0,188,48724,13.096599968112244,50176,0.0,0.0,192.35790019132654
Betel (15),49729.0,892.0,0,0,0,171,0,1116,0,171,48718,13.315130739795919,50176,0.0,0.0,191.97165975765307
Betel (16),49729.0,892.0,0,1,0,244,0,1178,0,245,48508,18.1787109375,50176,0.0,0.0,152.58529974489795
Betel (17),49729.0,892.0,0,2,0,224,0,1134,0,224,48592,16.374561543367346,50176,0.0,0.0,162.88165656887756
Betel (18),49729.0,892.0,0,2,0,192,0,1280,0,192,48510,18.529376594387756,50176,0.0,0.0,135.20448022959184
Betel (19),1080.0,186.22539615631104,0,6,0,352,0,1211,0,341,48266,26.33041693239796,50176,0.0,0.0,118.55548469387755
Betel (20),49729.0,892.0,0,3,0,237,0,1281,0,253,48402,19.347596460459183,50176,0.0,0.0,176.3035116390306
Betel (21),49729.0,892.0,0,2,0,228,0,1246,0,228,48472,18.905452806122447,50176,0.0,0.0,176.7304089604592
Betel (22),49729.0,892.0,0,5,0,372,0,1544,0,381,47874,33.25225207270408,50176,0.0,0.0,141.8213887117347
Betel (23),49729.0,892.0,0,0,0,171,0,1214,0,171,48620,15.82569355867347,50176,0.0,0.0,160.8742227359694
Betel (24),49729.0,892.0,0,0,0,161,0,1096,0,161,48758,12.22247688137755,50176,0.0,0.0,203.203125
Betel (25),49729.0,892.0,0,0,0,225,0,1286,0,225,48440,20.181062659438776,50176,0.0,0.0,107.35959422831633
Betel (26),49729.0,892.0,0,0,0,171,0,1214,0,171,48620,15.82569355867347,50176,0.0,0.0,160.8742227359694
Betel (27),49729.0,892.0,0,1,0,240,0,1181,0,239,48515,17.263930963010203,50176,0.0,0.0,166.08338647959184
Betel (28),49729.0,892.0,0,1,0,150,0,1158,0,151,48716,13.904655612244898,50176,0.0,0.0,200.36222496811226
Betel (29),49729.0,892.0,0,5,0,208,0,1200,0,205,48558,17.172452965561224,50176,0.0,0.0,174.66707190688774
Betel (30),6024.0,485.82337474823,0,4,0,271,0,1271,0,264,48366,23.870675223214285,50176,0.0,0.0,147.2948222257653
Betel (31),49729.0,892.0,0,1,0,206,0,1147,0,206,48616,15.59699856505102,50176,0.0,0.0,169.3410196109694
Betel (32),49729.0,892.0,0,0,0,171,0,1214,0,171,48620,15.82569355867347,50176,0.0,0.0,160.8742227359694
Betel (33),49729.0,892.0,0,1,0,286,0,1128,0,287,48474,18.40232382015306,50176,0.0,0.0,161.3621053890306
Betel (34),49729.0,892.0,0,1,0,151,0,1072,0,152,48800,11.241629464285714,50176,0.0,0.0,213.02176339285714
Betel (35),49729.0,892.0,0,0,0,144,0,1086,0,144,48802,11.338189572704081,50176,0.0,0.0,209.0526347257653
Betel (36),49729.0,892.0,0,0,0,227,0,1172,0,227,48550,17.279177295918366,50176,0.0,0.0,144.4793327487245
Betel (37),49729.0,892.0,0,0,0,178,0,1104,0,178,48716,13.442183514030612,50176,0.0,0.0,188.9681321747449
Betel (38),49729.0,892.0,0,0,0,212,0,1148,0,212,48604,16.059470663265305,50176,0.0,0.0,160.2491230867347
Betel (39),49729.0,892.0,0,0,0,158,0,1146,0,158,48714,13.498086734693878,50176,0.0,0.0,190.7570352359694
Betel (40),49729.0,892.0,0,0,0,217,0,1096,0,217,48646,14.905831473214286,50176,0.0,0.0,175.21085778061226
Betel (41),43923.5,918.0416301488876,0,2,0,154,0,1045,0,153,48822,18.224449936224488,50176,0.0,0.0,179.3781887755102
Betel (42),32075.0,1779.5188937187195,0,6,0,324,0,1307,0,331,48208,30.817920918367346,50176,0.0,0.0,167.16587611607142
Betel (43),49729.0,892.0,0,0,0,200,0,1166,0,200,48610,15.835857780612244,50176,0.0,0.0,164.28940130739795
Betel (44),49729.0,892.0,0,3,0,491,0,1851,0,519,47312,45.69325972576531,50176,0.0,0.0,142.25845025510205
Bhanga (1),49729.0,892.0,0,23,0,462,0,1669,0,456,47566,39.564233896683675,50176,0.0,0.0,198.0905213647959
Bhanga (1),49729.0,892.0,0,11,0,614,0,1782,0,593,47176,48.849250637755105,50176,0.0,0.0,190.61473612882654
Bhanga (11),49729.0,892.0,0,11,0,482,0,1527,0,472,47684,35.645926339285715,50176,0.0,0.0,198.08543925382654
Bhanga (12),49729.0,892.0,0,10,0,480,0,1615,0,469,47602,39.203404017857146,50176,0.0,0.0,207.22307477678572
Bhanga (13),1.5,5.414213538169861,0,51,0,1788,0,3090,0,1969,43278,137.62356505102042,50176,0.0,0.0,139.21934789540816
Bhanga (14),23572.0,2120.670256257057,0,9,0,632,0,1353,0,640,47542,53.65184550382653,50176,0.0,0.0,122.53477758290816
Bhanga (15),38.5,35.41421353816986,0,1,0,9,0,31,0,1,50134,0.706413424744898,50176,0.0,0.0,0.3252551020408163
Bhanga (16),42.5,37.071067690849304,0,22,0,715,0,1713,0,744,46982,63.05375079719388,50176,0.0,0.0,129.57858338647958
Bhanga (17),23572.0,2120.670256257057,0,9,0,632,0,1353,0,640,47542,53.65184550382653,50176,0.0,0.0,122.53477758290816
Bhanga (18),3182.5,481.2132030725479,0,5,0,77,0,677,0,141,49276,12.822165975765307,50176,0.0,0.0,16.00356744260204
Bhanga (19),49729.0,892.0,0,11,0,459,0,1504,0,458,47744,35.950852997448976,50176,0.0,0.0,201.44979671556123
Bhanga (20),1.5,5.414213538169861,0,51,0,1788,0,3090,0,1969,43278,137.62356505102042,50176,0.0,0.0,139.21934789540816
Bhanga (21),0.0,4.0,1,60,0,1145,0,1805,0,1074,46091,81.43574617346938,50176,0.0,0.0,88.49479830994898
Bhanga (22),476.0,137.94112491607666,0,24,0,814,0,1497,0,800,47041,66.26056281887755,50176,0.0,0.0,114.94718590561224
Bhanga (23),0.0,0.0,1,75,0,1473,0,2590,0,1457,44580,113.2650071747449,50176,0.0,0.0,94.54759247448979
Bhanga (24),444.0,184.3675308227539,0,46,0,902,0,2042,0,1009,46177,70.80397002551021,50176,0.0,0.0,99.6957708864796
Bhanga (25),5.5,9.41421353816986,0,46,0,1538,0,2749,0,1594,44249,116.11607142857143,50176,0.0,0.0,133.13097895408163
Bhanga (26),50.0,41.79898953437805,0,32,0,1092,0,1858,0,1136,46058,84.24615353954081,50176,0.0,0.0,123.46988600127551
Bhanga (27),49729.0,892.0,0,7,0,377,0,1525,0,385,47882,32.74404097576531,50176,0.0,0.0,212.4983059630102
Bhanga (28),49729.0,892.0,0,16,0,482,0,1580,0,487,47611,38.954380580357146,50176,0.0,0.0,200.87551817602042
Bhanga (29),49729.0,892.0,0,4,0,314,0,1398,0,316,48144,27.11814413265306,50176,0.0,0.0,197.02836017219389
Bhanga (30),5279.5,628.9188265800476,0,17,0,438,0,1540,0,429,47752,35.72724011479592,50176,0.0,0.0,143.89997209821428
Bhanga (31),33.5,24.242640614509583,0,54,0,1270,0,2142,0,1352,45358,99.39592633928571,50176,0.0,0.0,116.27361686862245
Bhanga (32),47.5,37.071067571640015,0,18,0,718,0,1691,0,751,46998,62.662428252551024,50176,0.0,0.0,129.8225247130102
Bhanga (33),27295.5,2210.0945748090744,0,17,0,441,0,1537,0,433,47748,35.73232222576531,50176,0.0,0.0,143.84406887755102
Bhanga (34),49729.0,892.0,0,21,0,398,0,1710,0,427,47620,35.37149234693877,50176,0.0,0.0,191.8700175382653
Bhanga (35),49729.0,892.0,0,16,0,568,0,1666,0,568,47358,41.942661830357146,50176,0.0,0.0,192.40363919005102
Bhanga (36),49729.0,892.0,0,3,0,324,0,1459,0,324,48066,28.495396205357142,50176,0.0,0.0,203.7469108737245
Bhanga (37),49729.0,892.0,0,11,0,459,0,1504,0,458,47744,35.950852997448976,50176,0.0,0.0,201.44979671556123
Bhanga (38),49729.0,892.0,0,17,0,360,0,1465,0,366,47968,30.81283880739796,50176,0.0,0.0,196.95721061862244
Bhanga (39),49729.0,892.0,0,29,0,580,0,1727,0,576,47264,46.93329480229592,50176,0.0,0.0,184.06389508928572
Bhanga (40),34612.5,2444.520980834961,0,21,0,463,0,1748,0,459,47485,41.74954161352041,50176,0.0,0.0,181.59398915816325
Bhanga (41),49729.0,892.0,0,13,0,561,0,1680,0,560,47362,44.38207509566327,50176,0.0,0.0,184.9837571747449
Bhanga (42),4077.5,360.9533175230026,0,17,0,435,0,1616,0,432,47676,36.997767857142854,50176,0.0,0.0,150.0442442602041
Bhanga (43),49729.0,892.0,0,17,0,394,0,1455,0,404,47906,30.462173150510203,50176,0.0,0.0,180.05410953443877
Bithua  (1),67.0,43.455843567848206,0,14,0,696,0,1626,0,810,47030,56.89931441326531,50176,0.0,0.0,171.66354432397958
Bithua  (10),34.5,26.727921724319458,0,34,0,1053,0,2334,0,1115,45640,87.81379544005102,50176,0.0,0.0,118.56056680484694
Bithua  (11),73.0,44.284271001815796,0,14,0,726,0,1836,0,940,46660,61.44272161989796,50176,0.0,0.0,170.77417490433675
Bithua  (12),2.5,7.414213538169861,0,22,0,893,0,1885,0,961,46415,72.09990832270408,50176,0.0,0.0,145.60756138392858
Bithua  (13),2.5,8.242640614509583,0,31,0,944,0,2052,0,1041,46108,73.28912228954081,50176,0.0,0.0,165.0974569515306
Bithua  (14),1.0,4.0,0,45,0,1032,0,1613,0,1017,46469,78.75747369260205,50176,0.0,0.0,107.87796954719387
Bithua  (15),69.0,48.97056233882904,0,44,0,668,0,1662,0,699,47103,56.40634964923469,50176,0.0,0.0,55.674525669642854
Bithua  (16),17.0,17.656854152679443,0,23,0,811,0,1765,0,843,46734,63.49081234056123,50176,0.0,0.0,136.5410754145408
Bithua  (17),2.5,7.414213538169861,1,24,0,672,0,1540,0,846,47093,57.07718829719388,50176,0.0,0.0,151.63494499362244
Bithua  (18),70.5,42.870057225227356,0,10,0,708,0,1695,0,853,46910,58.551000478316325,50176,0.0,0.0,170.99270567602042
Bithua  (19),0.0,0.0,2,57,0,1177,0,2368,0,1280,45292,92.34195631377551,50176,0.0,0.0,134.0914979272959
Bithua  (2),14.0,18.82842707633972,0,34,0,894,0,1571,0,937,46740,69.41147161989795,50176,0.0,0.0,110.63755580357143
Bithua  (20),1.0,4.0,0,45,0,1032,0,1613,0,1017,46469,78.75747369260205,50176,0.0,0.0,107.87796954719387
Bithua  (21),69.0,48.97056233882904,0,44,0,668,0,1662,0,699,47103,56.40634964923469,50176,0.0,0.0,55.674525669642854
Bithua  (22),6382.0,446.2497806549072,0,38,0,779,0,1883,0,887,46589,66.71795280612245,50176,0.0,0.0,150.14080436862244
Bithua  (23),8.5,14.242640614509583,0,72,0,1424,0,2597,0,1514,44569,107.58828922193878,50176,0.0,0.0,128.38936941964286
Bithua  (24),5.0,10.828427076339722,0,18,0,868,0,1803,0,921,46566,69.20818718112245,50176,0.0,0.0,145.2213209502551
Bithua  (25),2.5,7.414213538169861,0,59,0,1130,0,3023,0,1376,44588,105.02690529336735,50176,0.0,0.0,152.64120296556123
Bithua  (26),0.0,0.0,2,140,0,1766,0,3128,0,1697,43443,124.97927295918367,50176,0.0,0.0,95.07104990433673
Bithua  (27),0.5,3.414213538169861,0,31,0,799,0,1865,0,895,46586,63.541633450255105,50176,0.0,0.0,102.52142458545919
Bithua  (28),3.5,9.41421353816986,0,43,0,969,0,2028,0,1041,46095,78.75239158163265,50176,0.0,0.0,119.21107700892857
Bithua  (29),8.5,14.242640614509583,0,45,0,1081,0,1976,0,1079,45995,83.94630899234694,50176,0.0,0.0,125.009765625
Bithua  (3),1.5,5.414213538169861,0,36,0,721,0,1552,0,768,47099,56.27421476403061,50176,0.0,0.0,123.71890943877551
Bithua  (30),50.5,33.899494767189026,0,17,0,953,0,1946,0,1038,46222,73.99553571428571,50176,0.0,0.0,140.7744738520408
Bithua  (31),0.5,3.414213538169861,1,66,0,1058,0,2003,0,1100,45948,81.94395727040816,50176,0.0,0.0,105.39281728316327
Bithua  (32),3.0,10.828427076339722,2,38,0,1055,0,2155,0,1110,45816,85.69455516581633,50176,0.0,0.0,143.37651466836735
Bithua  (33),3.0,10.828427076339722,2,38,0,1055,0,2155,0,1110,45816,85.69455516581633,50176,0.0,0.0,143.37651466836735
Bithua  (34),9.0,12.828427076339722,0,21,0,641,0,1447,0,708,47359,50.80586336096939,50176,0.0,0.0,77.17693718112245
Bithua  (35),1.0,10.828427076339722,0,42,0,798,0,1820,0,815,46701,66.01153938137755,50176,0.0,0.0,124.93353396045919
Bithua  (4),7.0,10.828427076339722,0,74,0,1580,0,3210,0,1718,43594,125.33502072704081,50176,0.0,0.0,137.15092873086735
Bithua  (5),1.5,5.414213538169861,1,69,0,1561,0,3071,0,1822,43652,120.00896843112245,50176,0.0,0.0,155.29406489158163
Bithua  (6),14.5,16.242640614509583,0,71,0,1194,0,2692,0,1374,44845,98.71492346938776,50176,0.0,0.0,137.43044483418367
Bithua  (7),3.0,8.0,1,129,0,2008,0,4499,0,2535,41004,151.8636399872449,50176,0.0,0.0,158.69907924107142
Bithua  (8),1.0,4.0,3,46,0,794,0,1317,0,692,47324,62.94194435586735,50176,0.0,0.0,96.22977120535714
Bithua  (9),17.0,17.656854152679443,0,23,0,811,0,1765,0,843,46734,63.49081234056123,50176,0.0,0.0,136.5410754145408
Boerhavia diffusa (1),46.0,31.313708186149597,0,6,0,406,0,1074,0,394,48296,32.845683195153065,50176,0.0,0.0,152.26512675382654
Boerhavia diffusa (11),30.5,33.071067690849304,0,26,0,767,0,1496,0,771,47116,60.17727598852041,50176,0.0,0.0,159.01417012117346
Boerhavia diffusa (12),0.0,2.0,0,65,0,992,0,1821,0,977,46321,72.30827487244898,50176,0.0,0.0,84.0479512117347
Boerhavia diffusa (13),10.0,13.656854152679443,1,18,0,775,0,1860,0,817,46705,64.82232541454081,50176,0.0,0.0,159.2479472257653
Boerhavia diffusa (14),4.0,8.828427076339722,0,38,0,943,0,1938,0,991,46266,75.02212213010205,50176,0.0,0.0,162.27180325255102
Boerhavia diffusa (15),2.0,6.0,0,61,0,1057,0,2337,0,1115,45606,83.90565210459184,50176,0.0,0.0,124.05941087372449
Boerhavia diffusa (16),30.5,33.071067690849304,0,26,0,767,0,1496,0,771,47116,60.17727598852041,50176,0.0,0.0,159.01417012117346
Boerhavia diffusa (17),10.0,13.656854152679443,1,18,0,775,0,1860,0,817,46705,64.82232541454081,50176,0.0,0.0,159.2479472257653
Boerhavia diffusa (18),70.5,50.870057344436646,1,23,0,797,0,1423,0,781,47151,61.153041294642854,50176,0.0,0.0,132.11963887117346
Boerhavia diffusa (19),2.0,6.0,0,61,0,1057,0,2337,0,1115,45606,83.90565210459184,50176,0.0,0.0,124.05941087372449
Boerhavia diffusa (20),30.5,33.071067690849304,0,26,0,767,0,1496,0,771,47116,60.17727598852041,50176,0.0,0.0,159.01417012117346
Boerhavia diffusa (21),4.5,11.41421353816986,0,22,0,875,0,1749,0,910,46620,77.40055006377551,50176,0.0,0.0,97.68325494260205
Boerhavia diffusa (22),4.5,11.41421353816986,0,22,0,875,0,1749,0,910,46620,77.40055006377551,50176,0.0,0.0,97.68325494260205
Boerhavia diffusa (23),4.0,12.485281109809875,1,38,0,907,0,1782,0,893,46555,68.07487643494898,50176,0.0,0.0,148.18419164540816
Boerhavia diffusa (24),7.5,14.242640614509583,1,33,0,1080,0,2346,0,1113,45603,87.92051977040816,50176,0.0,0.0,150.3339245854592
Boerhavia diffusa (25),7.5,14.242640614509583,1,33,0,1080,0,2346,0,1113,45603,87.92051977040816,50176,0.0,0.0,150.3339245854592
Boerhavia diffusa (26),355.5,118.72792172431946,0,14,0,783,0,1477,0,800,47102,63.52130500637755,50176,0.0,0.0,146.22757892219389
Boerhavia diffusa (27),0.0,0.0,2,24,0,780,0,1676,0,878,46816,64.0396803252551,50176,0.0,0.0,121.1117865114796
Boerhavia diffusa (28),4036.5,302.55129635334015,0,3,0,109,0,204,0,94,49766,9.7119140625,50176,0.0,0.0,21.659956951530614
Boerhavia diffusa (29),7.5,14.242640614509583,1,33,0,1080,0,2346,0,1113,45603,87.92051977040816,50176,0.0,0.0,150.3339245854592
Boerhavia diffusa (30),15160.0,1226.1706948280334,0,1,0,415,0,681,0,417,48662,34.59901147959184,50176,0.0,0.0,79.50454400510205
Boerhavia diffusa (31),3.0,8.828427076339722,0,39,0,1015,0,1801,0,1013,46308,81.99477838010205,50176,0.0,0.0,108.68602519132654
Boerhavia diffusa (32),2631.0,216.71067678928375,0,0,0,54,0,142,0,50,49930,4.39094387755102,50176,0.0,0.0,13.874162946428571
Boerhavia diffusa (33),46.0,31.313708186149597,0,6,0,406,0,1074,0,394,48296,32.845683195153065,50176,0.0,0.0,152.26512675382654
Boerhavia diffusa (34),4062.0,305.62236392498016,0,4,0,106,0,206,0,92,49768,9.62043606505102,50176,0.0,0.0,21.751434948979593
Boerhavia diffusa (35),49729.0,892.0,0,2,0,249,0,1243,0,250,48432,19.993024553571427,50176,0.0,0.0,186.71167490433675
Boerhavia diffusa (36),45.0,31.313708305358887,0,10,0,396,0,1082,0,390,48298,33.06421396683673,50176,0.0,0.0,152.17364875637756
Boerhavia diffusa (37),4062.0,305.62236392498016,0,4,0,106,0,206,0,92,49768,9.62043606505102,50176,0.0,0.0,21.751434948979593
Boerhavia diffusa (38),4062.0,305.62236392498016,0,4,0,106,0,206,0,92,49768,9.62043606505102,50176,0.0,0.0,21.751434948979593
Boerhavia diffusa (39),117.0,84.62741649150848,0,2,0,357,0,592,0,347,48878,28.109155771683675,50176,0.0,0.0,139.01606345663265
Boerhavia diffusa (40),0.0,2.0,2,61,0,951,0,2186,0,1161,45815,75.94198421556122,50176,0.0,0.0,143.1427375637755
Boerhavia diffusa (41),117.5,90.04163014888763,0,10,0,407,0,1572,0,403,47784,35.452806122448976,50176,0.0,0.0,166.75930723852042
Boerhavia diffusa (42),1.5,5.414213538169861,0,28,0,1154,0,2318,0,1259,45417,91.44242267219387,50176,0.0,0.0,107.63402822066327
Boerhavia diffusa (43),13.5,18.242640614509583,0,41,0,1036,0,1997,0,1074,46028,79.78406010841837,50176,0.0,0.0,151.2791972257653
Boerhavia diffusa (44),2.0,6.828427076339722,0,63,0,932,0,2227,0,987,45967,76.22658242984694,50176,0.0,0.0,124.45581552933673
Cannabis sativa  (1),49729.0,892.0,0,17,0,394,0,1455,0,404,47906,30.462173150510203,50176,0.0,0.0,180.05410953443877
Cannabis sativa  (10),35239.0,2062.9991220235825,0,18,0,374,0,1492,0,374,47918,31.646305006377553,50176,0.0,0.0,183.9063496492347
Cannabis sativa  (11),49729.0,892.0,0,7,0,492,0,1698,0,501,47478,39.89965322066327,50176,0.0,0.0,207.6042330994898
Cannabis sativa  (12),23572.0,2120.670256257057,0,9,0,632,0,1353,0,640,47542,53.65184550382653,50176,0.0,0.0,122.53477758290816
Cannabis sativa  (13),1.5,5.414213538169861,0,51,0,1788,0,3090,0,1969,43278,137.62356505102042,50176,0.0,0.0,139.21934789540816
Cannabis sativa  (14),0.0,4.0,1,60,0,1145,0,1805,0,1074,46091,81.43574617346938,50176,0.0,0.0,88.49479830994898
Cannabis sativa  (15),476.0,137.94112491607666,0,24,0,814,0,1497,0,800,47041,66.26056281887755,50176,0.0,0.0,114.94718590561224
Cannabis sativa  (16),0.0,0.0,1,75,0,1473,0,2590,0,1457,44580,113.2650071747449,50176,0.0,0.0,94.54759247448979
Cannabis sativa  (17),444.0,184.3675308227539,0,46,0,902,0,2042,0,1009,46177,70.80397002551021,50176,0.0,0.0,99.6957708864796
Cannabis sativa  (18),5.5,9.41421353816986,0,46,0,1538,0,2749,0,1594,44249,116.11607142857143,50176,0.0,0.0,133.13097895408163
Cannabis sativa  (19),50.0,41.79898953437805,0,32,0,1092,0,1858,0,1136,46058,84.24615353954081,50176,0.0,0.0,123.46988600127551
Cannabis sativa  (2),49729.0,892.0,0,15,0,418,0,1522,0,425,47796,33.658820950255105,50176,0.0,0.0,174.78904257015307
Cannabis sativa  (20),49729.0,892.0,0,7,0,377,0,1525,0,385,47882,32.74404097576531,50176,0.0,0.0,212.4983059630102
Cannabis sativa  (21),49729.0,892.0,0,16,0,482,0,1580,0,487,47611,38.954380580357146,50176,0.0,0.0,200.87551817602042
Cannabis sativa  (22),49729.0,892.0,0,4,0,314,0,1398,0,316,48144,27.11814413265306,50176,0.0,0.0,197.02836017219389
Cannabis sativa  (23),5279.5,628.9188265800476,0,17,0,438,0,1540,0,429,47752,35.72724011479592,50176,0.0,0.0,143.89997209821428
Cannabis sativa  (24),33.5,24.242640614509583,0,54,0,1270,0,2142,0,1352,45358,99.39592633928571,50176,0.0,0.0,116.27361686862245
Cannabis sativa  (25),47.5,37.071067571640015,0,18,0,718,0,1691,0,751,46998,62.662428252551024,50176,0.0,0.0,129.8225247130102
Cannabis sativa  (26),27295.5,2210.0945748090744,0,17,0,441,0,1537,0,433,47748,35.73232222576531,50176,0.0,0.0,143.84406887755102
Cannabis sativa  (27),49729.0,892.0,0,21,0,398,0,1710,0,427,47620,35.37149234693877,50176,0.0,0.0,191.8700175382653
Cannabis sativa  (28),49729.0,892.0,0,16,0,568,0,1666,0,568,47358,41.942661830357146,50176,0.0,0.0,192.40363919005102
Cannabis sativa  (29),49729.0,892.0,0,3,0,324,0,1459,0,324,48066,28.495396205357142,50176,0.0,0.0,203.7469108737245
Cannabis sativa  (3),49283.0,888.0,0,12,0,413,0,1601,0,416,47734,42.044304049744895,50176,0.0,0.0,198.8528380102041
Cannabis sativa  (30),49729.0,892.0,0,11,0,459,0,1504,0,458,47744,35.950852997448976,50176,0.0,0.0,201.44979671556123
Cannabis sativa  (31),49729.0,892.0,0,17,0,360,0,1465,0,366,47968,30.81283880739796,50176,0.0,0.0,196.95721061862244
Cannabis sativa  (32),49729.0,892.0,0,29,0,580,0,1727,0,576,47264,46.93329480229592,50176,0.0,0.0,184.06389508928572
Cannabis sativa  (33),34612.5,2444.520980834961,0,21,0,463,0,1748,0,459,47485,41.74954161352041,50176,0.0,0.0,181.59398915816325
Cannabis sativa  (34),49729.0,892.0,0,13,0,561,0,1680,0,560,47362,44.38207509566327,50176,0.0,0.0,184.9837571747449
Cannabis sativa  (35),4077.5,360.9533175230026,0,17,0,435,0,1616,0,432,47676,36.997767857142854,50176,0.0,0.0,150.0442442602041
Cannabis sativa  (4),49729.0,892.0,0,21,0,417,0,1572,0,418,47748,35.23935746173469,50176,0.0,0.0,174.62641501913265
Cannabis sativa  (5),49729.0,892.0,0,6,0,329,0,1444,0,331,48066,28.25653698979592,50176,0.0,0.0,193.33874760841837
Cannabis sativa  (6),49729.0,892.0,0,7,0,389,0,1531,0,395,47854,33.582589285714285,50176,0.0,0.0,191.5396803252551
Cannabis sativa  (7),49729.0,892.0,0,5,0,417,0,1581,0,427,47746,33.394551179846935,50176,0.0,0.0,219.07963966836735
Cannabis sativa  (8),49729.0,892.0,0,8,0,505,0,1621,0,495,47547,40.32655054209184,50176,0.0,0.0,206.91814811862244
Cannabis sativa  (9),49729.0,892.0,0,14,0,415,0,1586,0,405,47756,35.147879464285715,50176,0.0,0.0,174.38755580357142
Cardiospermum halicacabum (1),20.0,22.485281229019165,1,46,0,813,0,2066,0,1003,46247,62.30159837372449,50176,0.0,0.0,129.4921875
Cardiospermum halicacabum (1),49729.0,892.0,0,20,0,594,0,1652,0,597,47313,44.112723214285715,50176,0.0,0.0,188.48533163265307
Cardiospermum halicacabum (11),21873.5,1035.4873698949814,0,15,0,433,0,1573,0,427,47728,35.10722257653061,50176,0.0,0.0,214.80050223214286
Cardiospermum halicacabum (12),49729.0,892.0,0,13,0,354,0,1499,0,382,47928,29.704938616071427,50176,0.0,0.0,220.5026307397959
Cardiospermum halicacabum (13),0.0,2.0,0,10,0,874,0,1540,0,906,46846,72.31843909438776,50176,0.0,0.0,116.23804209183673
Cardiospermum halicacabum (14),0.0,2.0,1,3,0,39,0,1073,0,29,49031,14.265485491071429,50176,0.0,0.0,118.71811224489795
Cardiospermum halicacabum (15),3269.0,475.65685415267944,1,13,0,237,0,895,0,263,48767,23.804607780612244,50176,0.0,0.0,21.136499521683675
Cardiospermum halicacabum (16),1757.5,325.3797231912613,0,14,0,685,0,1715,0,700,47062,55.95912388392857,50176,0.0,0.0,154.40469547193877
Cardiospermum halicacabum (17),0.0,4.0,0,61,0,1588,0,2816,0,1613,44098,120.55783641581633,50176,0.0,0.0,109.65162627551021
Cardiospermum halicacabum (18),0.0,0.0,0,0,0,0,0,0,0,0,50176,0.0,50176,0.0,0.0,0.0
Cardiospermum halicacabum (19),760.0,171.5979789495468,0,14,0,925,0,1590,0,983,46664,74.32079081632654,50176,0.0,0.0,83.61088966836735
Cardiospermum halicacabum (20),57.0,31.313708186149597,0,33,0,1091,0,2137,0,1129,45786,87.66133211096938,50176,0.0,0.0,124.96402662627551
Cardiospermum halicacabum (21),3.5,9.41421353816986,0,25,0,1024,0,2063,0,1045,46019,89.44515306122449,50176,0.0,0.0,100.93072385204081
Cardiospermum halicacabum (22),0.0,4.0,0,61,0,1588,0,2816,0,1613,44098,120.55783641581633,50176,0.0,0.0,109.65162627551021
Cardiospermum halicacabum (23),1.0,4.0,0,42,0,1245,0,2324,0,1315,45250,97.81538982780613,50176,0.0,0.0,134.13215481505102
Cardiospermum halicacabum (24),0.0,0.0,2,39,0,1350,0,2497,0,1444,44844,104.08163265306122,50176,0.0,0.0,140.2764269770408
Cardiospermum halicacabum (25),11.0,16.82842707633972,0,17,0,882,0,1999,0,988,46290,76.22658242984694,50176,0.0,0.0,157.36248405612244
Cardiospermum halicacabum (26),760.0,171.5979789495468,0,14,0,925,0,1590,0,983,46664,74.32079081632654,50176,0.0,0.0,83.61088966836735
Cardiospermum halicacabum (27),0.0,2.0,0,18,0,617,0,1556,0,585,47400,44.96143574617347,50176,0.0,0.0,202.1257174744898
Cardiospermum halicacabum (28),57.0,31.313708186149597,0,33,0,1091,0,2137,0,1129,45786,87.66133211096938,50176,0.0,0.0,124.96402662627551
Cardiospermum halicacabum (29),49729.0,892.0,0,18,0,484,0,1587,0,489,47598,39.29488201530612,50176,0.0,0.0,165.11778539540816
Cardiospermum halicacabum (30),25529.5,1552.0113147497177,0,12,0,483,0,1112,0,523,48046,41.65806361607143,50176,0.0,0.0,131.04223134566325
Cardiospermum halicacabum (31),42308.0,2051.969684481621,0,25,0,441,0,1546,0,449,47715,35.54428411989796,50176,0.0,0.0,215.5780652104592
Cardiospermum halicacabum (32),8.5,14.242640614509583,0,15,0,405,0,1311,0,413,48032,29.649035395408163,50176,0.0,0.0,227.19577088647958
Cardiospermum halicacabum (33),35125.5,1513.712765097618,0,5,0,210,0,1197,0,202,48562,21.741270727040817,50176,0.0,0.0,182.13269292091837
Cardiospermum halicacabum (34),45540.5,873.4974735975266,0,4,0,218,0,1220,0,220,48514,21.329619738520407,50176,0.0,0.0,212.43223852040816
Cardiospermum halicacabum (35),20.0,22.485281229019165,1,46,0,813,0,2066,0,1003,46247,62.30159837372449,50176,0.0,0.0,129.4921875
Cardiospermum halicacabum (36),0.0,0.0,1,46,0,824,0,2116,0,983,46206,64.9544602997449,50176,0.0,0.0,136.57156808035714
Cardiospermum halicacabum (37),20.0,22.485281229019165,1,46,0,813,0,2066,0,1003,46247,62.30159837372449,50176,0.0,0.0,129.4921875
Cardiospermum halicacabum (38),0.0,0.0,1,46,0,824,0,2116,0,983,46206,64.9544602997449,50176,0.0,0.0,136.57156808035714
Cardiospermum halicacabum (39),20.0,22.485281229019165,1,46,0,813,0,2066,0,1003,46247,62.30159837372449,50176,0.0,0.0,129.4921875
Cardiospermum halicacabum (40),0.0,2.0,1,45,0,886,0,2439,0,1167,45638,74.9153977997449,50176,0.0,0.0,155.4312818877551
Cardiospermum halicacabum (41),3.0,8.0,0,39,0,568,0,1975,0,766,46828,51.27849968112245,50176,0.0,0.0,160.9097975127551
Cardiospermum halicacabum (42),49729.0,892.0,0,14,0,282,0,1493,0,307,48080,26.391402264030614,50176,0.0,0.0,223.5417330994898
Cardiospermum halicacabum (43),0.0,2.0,0,20,0,611,0,1568,0,584,47393,44.976682079081634,50176,0.0,0.0,202.51195790816325
Chakavad  (1),3206.5,478.72792184352875,0,0,0,15,0,482,0,23,49656,6.840521364795919,50176,0.0,0.0,17.45705117984694
Chakavad  (10),50.5,29.899494767189026,0,13,0,744,0,1552,0,777,47090,62.01700015943877,50176,0.0,0.0,133.21229272959184
Chakavad  (11),10.5,37.41421353816986,0,74,0,1293,0,2548,0,1421,44840,100.33611686862245,50176,0.0,0.0,159.7510762117347
Chakavad  (12),50.5,29.899494767189026,0,13,0,744,0,1552,0,777,47090,62.01700015943877,50176,0.0,0.0,133.21229272959184
Chakavad  (13),4.0,8.828427076339722,0,26,0,1057,0,2288,0,1166,45639,83.93106265943878,50176,0.0,0.0,156.23425542091837
Chakavad  (14),202.0,82.76955199241638,1,66,0,1674,0,3131,0,1772,43532,128.5723254145408,50176,0.0,0.0,144.27604830994898
Chakavad  (15),3.0,8.828427076339722,0,35,0,898,0,2130,0,925,46188,80.11947943239795,50176,0.0,0.0,91.48816167091837
Chakavad  (16),10.5,37.41421353816986,0,74,0,1293,0,2548,0,1421,44840,100.33611686862245,50176,0.0,0.0,159.7510762117347
Chakavad  (17),2.5,7.414213538169861,0,85,0,1433,0,3111,0,1728,43819,117.07659040178571,50176,0.0,0.0,162.29213169642858
Chakavad  (18),19.5,27.071067690849304,0,45,0,1168,0,2025,0,1288,45650,90.13123804209184,50176,0.0,0.0,120.10044642857143
Chakavad  (19),3.0,9.656854152679443,0,56,0,1390,0,2921,0,1434,44375,112.91434151785714,50176,0.0,0.0,137.05945073341837
Chakavad  (2),10.5,37.41421353816986,0,74,0,1293,0,2548,0,1421,44840,100.33611686862245,50176,0.0,0.0,159.7510762117347
Chakavad  (20),773.0,196.85281240940094,0,6,0,248,0,585,0,229,49108,21.019610969387756,50176,0.0,0.0,23.25065768494898
Chakavad  (21),7.5,20.727921724319458,0,54,0,861,0,2170,0,993,46098,71.33759167729592,50176,0.0,0.0,202.19178491709184
Chakavad  (22),3.0,8.0,0,15,0,766,0,1411,0,788,47196,63.033422353316325,50176,0.0,0.0,126.79866868622449
Chakavad  (23),18.0,21.656854152679443,1,56,0,1166,0,2248,0,1254,45451,93.68871572066327,50176,0.0,0.0,138.6603156887755
Chakavad  (24),2.5,7.414213538169861,0,8,0,551,0,1270,0,581,47766,45.19521285076531,50176,0.0,0.0,132.29751275510205
Chakavad  (25),0.0,10.0,1,39,0,1071,0,1963,0,1138,45964,84.52566964285714,50176,0.0,0.0,120.93391262755102
Chakavad  (26),28.0,25.313708305358887,0,19,0,618,0,1201,0,635,47703,47.14166135204081,50176,0.0,0.0,179.86607142857142
Chakavad  (27),198.0,80.76955187320709,0,13,0,632,0,1199,0,618,47714,51.85277822066327,50176,0.0,0.0,96.42289142219387
Chakavad  (28),50.5,29.899494647979736,0,8,0,754,0,1548,0,792,47074,62.047492825255105,50176,0.0,0.0,133.91362404336735
Chakavad  (29),50.5,29.899494647979736,0,8,0,754,0,1548,0,792,47074,62.047492825255105,50176,0.0,0.0,133.91362404336735
Chakavad  (3),0.0,4.0,0,3,0,451,0,1589,0,481,47652,44.046655771683675,50176,0.0,0.0,190.90949856505102
Chakavad  (30),4.5,10.242640495300293,0,8,0,420,0,1605,0,465,47678,43.121711575255105,50176,0.0,0.0,191.2550821109694
Chakavad  (31),4.5,10.242640495300293,0,8,0,420,0,1605,0,465,47678,43.121711575255105,50176,0.0,0.0,191.2550821109694
Chakavad  (32),3.0,8.0,0,15,0,766,0,1411,0,788,47196,63.033422353316325,50176,0.0,0.0,126.79866868622449
Chakavad  (33),2.5,7.414213538169861,1,44,0,886,0,2182,0,1008,46055,71.69842155612245,50176,0.0,0.0,202.5017936862245
Chakavad  (34),0.0,0.0,3,41,0,1075,0,1863,0,1112,46082,83.81925621811224,50176,0.0,0.0,124.19662786989795
Chakavad  (35),198.0,80.76955187320709,0,13,0,632,0,1199,0,618,47714,51.85277822066327,50176,0.0,0.0,96.42289142219387
Chakavad  (4),50.5,29.899494767189026,0,13,0,744,0,1552,0,777,47090,62.01700015943877,50176,0.0,0.0,133.21229272959184
Chakavad  (5),28420.0,1015.4112482070923,0,6,0,513,0,1323,0,532,47802,42.115453603316325,50176,0.0,0.0,171.9024035395408
Chakavad  (6),198.0,80.76955187320709,0,13,0,632,0,1199,0,618,47714,51.85277822066327,50176,0.0,0.0,96.42289142219387
Chakavad  (7),5.0,8.828427076339722,0,12,0,557,0,1299,0,588,47720,46.26245615433673,50176,0.0,0.0,132.09422831632654
Chakavad  (8),24.0,27.313708305358887,0,50,0,1183,0,2229,0,1241,45473,90.47173947704081,50176,0.0,0.0,160.51339285714286
Chakavad  (9),198.0,80.76955187320709,0,13,0,632,0,1199,0,618,47714,51.85277822066327,50176,0.0,0.0,96.42289142219387
Chambul (1),13.0,17.656854152679443,0,29,0,905,0,1575,0,904,46763,69.45721061862245,50176,0.0,0.0,112.80253507653062
Chambul (11),17432.5,1241.3250241279602,0,8,0,520,0,844,0,553,48251,41.6682278380102,50176,0.0,0.0,88.24577487244898
Chambul (12),18.0,22.82842707633972,0,7,0,305,0,857,0,303,48704,26.416812818877553,50176,0.0,0.0,95.93500876913265
Chambul (13),0.0,0.0,1,38,0,682,0,2238,0,747,46470,63.724589445153065,50176,0.0,0.0,168.32967952806123
Chambul (14),9.5,13.41421353816986,0,63,0,1310,0,2555,0,1408,44840,105.03198740433673,50176,0.0,0.0,128.65872130102042
Chambul (15),0.0,4.0,0,50,0,1346,0,2231,0,1368,45181,99.66019610969387,50176,0.0,0.0,116.43116230867346
Chambul (16),38826.5,2130.3544619083405,0,9,0,466,0,1599,0,468,47634,36.392996651785715,50176,0.0,0.0,200.47911352040816
Chambul (17),205.0,78.62741649150848,0,14,0,530,0,1384,0,532,47716,46.36918048469388,50176,0.0,0.0,143.87964365433675
Chambul (18),7727.0,957.5289988517761,0,16,0,428,0,1500,0,415,47817,35.457888233418366,50176,0.0,0.0,121.11686862244898
Chambul (19),557.0,205.33809387683868,3,47,0,988,0,1829,0,1013,46296,77.11595184948979,50176,0.0,0.0,99.29936623086735
Chambul (20),9.5,13.41421353816986,0,63,0,1310,0,2555,0,1408,44840,105.03198740433673,50176,0.0,0.0,128.65872130102042
Chambul (21),11.0,14.828427076339722,0,8,0,659,0,1091,0,652,47766,50.93799824617347,50176,0.0,0.0,99.97528698979592
Chambul (22),90.0,104.82842707633972,0,5,0,45,0,168,0,24,49934,5.239656409438775,50176,0.0,0.0,2.0887476084183674
Chambul (23),17385.0,1247.9108097553253,0,6,0,525,0,859,0,560,48226,42.298409598214285,50176,0.0,0.0,87.9459303252551
Chambul (24),61.5,40.72792184352875,1,69,0,1401,0,3115,0,1614,43976,113.07188695790816,50176,0.0,0.0,155.36521444515307
Chambul (25),47.0,74.42640614509583,0,19,0,969,0,1959,0,995,46234,77.95450015943878,50176,0.0,0.0,153.3526985012755
Chambul (26),2.0,6.828427076339722,0,14,0,428,0,1282,0,520,47932,37.394172512755105,50176,0.0,0.0,188.77501195790816
Chambul (27),4.0,8.828427076339722,1,36,0,1078,0,2113,0,1209,45739,86.21801259566327,50176,0.0,0.0,142.0195910395408
Chambul (28),2.5,7.414213538169861,0,23,0,938,0,1835,0,979,46401,73.23830117984694,50176,0.0,0.0,160.8284837372449
Chambul (29),1.0,4.0,0,33,0,1195,0,2127,0,1179,45642,89.2774433992347,50176,0.0,0.0,134.6403659119898
Chambul (30),3.0,6.828427076339722,0,41,0,892,0,2041,0,993,46209,70.77855947066327,50176,0.0,0.0,149.99850526147958
Chambul (31),6.0,11.656854033470154,0,43,0,1166,0,2211,0,1195,45561,94.12069515306122,50176,0.0,0.0,130.4476243622449
Chambul (32),25.0,31.313708305358887,3,97,0,1376,0,2561,0,1480,44659,106.10939492984694,50176,0.0,0.0,140.2408522002551
Chambul (33),7727.0,957.5289988517761,0,16,0,428,0,1500,0,415,47817,35.457888233418366,50176,0.0,0.0,121.11686862244898
Chambul (34),4.5,16.242640614509583,0,13,0,442,0,860,0,415,48446,41.91216916454081,50176,0.0,0.0,64.74609375
Chambul (35),0.0,0.0,1,18,0,544,0,995,0,521,48097,45.13930963010204,50176,0.0,0.0,55.674525669642854
Chambul (36),0.0,0.0,2,154,0,1682,0,2738,0,1504,44096,115.41474011479592,50176,0.0,0.0,89.69417649872449
Chambul (37),1.0,4.0,0,101,0,1621,0,3168,0,1807,43479,120.45619419642857,50176,0.0,0.0,104.75755341198979
Chambul (38),2.5,7.414213538169861,0,12,0,572,0,1560,0,724,47308,45.850805165816325,50176,0.0,0.0,201.78013392857142
Chambul (39),9.5,12.242640614509583,0,25,0,979,0,1601,0,971,46600,72.0897441007653,50176,0.0,0.0,114.80488679846938
Chambul (40),0.0,2.0,0,43,0,988,0,1857,0,920,46368,78.88452646683673,50176,0.0,0.0,108.13207509566327
Chambul (41),0.0,0.0,2,154,0,1682,0,2738,0,1504,44096,115.41474011479592,50176,0.0,0.0,89.69417649872449
Chambul (42),0.0,0.0,0,0,0,0,0,0,0,0,50176,0.0,50176,0.0,0.0,0.0
Chambul (43),205.0,78.62741649150848,0,14,0,530,0,1384,0,532,47716,46.36918048469388,50176,0.0,0.0,143.87964365433675
Chambul (44),45046.0,850.0,0,5,0,230,0,1308,0,257,48376,26.050900829081634,50176,0.0,0.0,210.66366390306123
Chanaka (1),328.0,90.28427064418793,0,26,0,623,0,1726,0,599,47202,54.40908003826531,50176,0.0,0.0,121.07112962372449
Chanaka (11),1.0,4.0,0,31,0,1155,0,2633,0,1350,45007,100.45808753188776,50176,0.0,0.0,149.90194515306123
Chanaka (12),1.5,5.414213538169861,0,47,0,1417,0,3104,0,1579,44029,117.48824139030613,50176,0.0,0.0,153.91173070790816
Chanaka (13),49668.0,908.4852812290192,0,23,0,572,0,1977,0,614,46990,48.62055564413265,50176,0.0,0.0,212.5440449617347
Chanaka (14),49729.0,892.0,0,7,0,550,0,1721,0,585,47313,42.618582589285715,50176,0.0,0.0,190.8739237882653
Chanaka (15),46607.0,864.0,0,10,0,472,0,1859,0,621,47214,46.32852359693877,50176,0.0,0.0,222.24071269132654
Chanaka (16),44823.0,848.0,0,20,0,754,0,2012,0,796,46594,60.654994419642854,50176,0.0,0.0,199.7117147640306
Chanaka (17),46607.0,864.0,0,23,0,463,0,2158,0,823,46709,48.06660554846939,50176,0.0,0.0,229.29976482780611
Chanaka (18),3.5,9.41421353816986,0,60,0,1563,0,2872,0,1688,43993,117.56955516581633,50176,0.0,0.0,135.8854830994898
Chanaka (19),43.0,42.97056233882904,0,40,0,1358,0,2472,0,1453,44853,104.98624840561224,50176,0.0,0.0,102.24699059311224
Chanaka (20),44823.0,848.0,0,20,0,754,0,2012,0,796,46594,60.654994419642854,50176,0.0,0.0,199.7117147640306
Chanaka (21),49729.0,892.0,0,23,0,758,0,2301,0,885,46209,58.169842155612244,50176,0.0,0.0,229.3048469387755
Chanaka (22),0.0,0.0,1,75,0,1562,0,2798,0,1671,44069,116.43116230867346,50176,0.0,0.0,131.6012635522959
Chanaka (23),49729.0,892.0,0,4,0,151,0,1131,0,168,48722,11.775251116071429,50176,0.0,0.0,244.3682238520408
Chanaka (24),46456.5,927.3553382158279,0,20,0,433,0,1678,0,444,47601,43.26401068239796,50176,0.0,0.0,181.787109375
Chanaka (25),0.0,0.0,1,101,0,1721,0,4054,0,2253,42046,143.04617745535714,50176,0.0,0.0,175.80038265306123
Chanaka (26),0.0,0.0,1,58,0,1127,0,2800,0,1548,44642,93.81576849489795,50176,0.0,0.0,165.88010204081633
Chanaka (27),1.0,4.0,0,95,0,1662,0,3692,0,2098,42629,132.51604352678572,50176,0.0,0.0,161.67719626913265
Chanaka (28),75.0,36.485281109809875,0,17,0,875,0,1883,0,935,46466,76.35363520408163,50176,0.0,0.0,91.94046954719387
Chanaka (29),46607.0,864.0,0,11,0,549,0,1960,0,710,46946,50.24683115433673,50176,0.0,0.0,217.48385682397958
Chanaka (30),13.0,14.828427076339722,0,59,0,1340,0,2474,0,1421,44882,106.4194036989796,50176,0.0,0.0,117.98628826530613
Chanaka (31),13.0,14.828427076339722,0,59,0,1340,0,2474,0,1421,44882,106.4194036989796,50176,0.0,0.0,117.98628826530613
Chanaka (32),3.5,9.41421353816986,0,22,0,326,0,546,0,272,49010,23.870675223214285,50176,0.0,0.0,18.122807716836736
Chanaka (33),49668.0,908.4852812290192,0,23,0,572,0,1977,0,614,46990,48.62055564413265,50176,0.0,0.0,212.5440449617347
Chanaka (34),46607.0,864.0,0,11,0,549,0,1960,0,710,46946,50.24683115433673,50176,0.0,0.0,217.48385682397958
Chanaka (35),46607.0,864.0,0,16,0,536,0,1956,0,678,46990,50.37896603954081,50176,0.0,0.0,216.96548150510205
Chanaka (36),25.0,27.656854152679443,0,41,0,1109,0,2254,0,1135,45637,94.77120535714286,50176,0.0,0.0,87.41230867346938
Chanaka (37),323.5,91.69848430156708,0,22,0,633,0,1756,0,609,47156,55.242546237244895,50176,0.0,0.0,121.04571906887755
Chanaka (38),44823.0,848.0,0,20,0,754,0,2012,0,796,46594,60.654994419642854,50176,0.0,0.0,199.7117147640306
Chanaka (39),49729.0,892.0,0,2,0,435,0,1696,0,477,47566,38.740931919642854,50176,0.0,0.0,222.76417012117346
Chanaka (40),36195.5,2367.692552447319,0,18,0,465,0,1662,0,463,47568,38.66470025510204,50176,0.0,0.0,189.44585060586735
Chanaka (41),35121.0,2299.7930567264557,0,18,0,476,0,1637,0,475,47570,39.54390545280612,50176,0.0,0.0,183.43371332908163
Chanaka (42),49729.0,892.0,0,2,0,435,0,1696,0,477,47566,38.740931919642854,50176,0.0,0.0,222.76417012117346
Chanaka (43),107.5,60.38477599620819,1,10,0,328,0,563,0,281,48993,23.596241230867346,50176,0.0,0.0,18.1380540497449
Chanaka (44),67.5,47.69848418235779,0,11,0,671,0,1407,0,685,47402,54.078742825255105,50176,0.0,0.0,100.15824298469387
Chirchitta (1),31042.0,1559.886424779892,0,7,0,458,0,1117,0,482,48112,46.00326849489796,50176,0.0,0.0,159.63418765943877
Chirchitta (10),24.5,21.071067571640015,0,13,0,534,0,1576,0,549,47504,47.33478156887755,50176,0.0,0.0,143.3155293367347
Chirchitta (2),45818.0,1579.7300087213516,0,4,0,174,0,1328,0,168,48502,17.853455835459183,50176,0.0,0.0,236.68407206632654
Chirchitta (21),9.5,14.242640614509583,0,15,0,511,0,1080,0,490,48080,40.743283641581634,50176,0.0,0.0,49.75386639030612
Chirchitta (22),45843.5,1582.1736606359482,0,3,0,165,0,1345,0,159,48504,17.909359056122447,50176,0.0,0.0,236.83145328443877
Chirchitta (23),40894.5,1928.1046808958054,0,8,0,315,0,1456,0,313,48084,28.327686543367346,50176,0.0,0.0,212.38649952168367
Chirchitta (24),24.5,21.071067571640015,0,13,0,534,0,1576,0,549,47504,47.33478156887755,50176,0.0,0.0,143.3155293367347
Chirchitta (25),71.5,54.72792172431946,0,52,0,1463,0,2993,0,1654,44014,119.16533801020408,50176,0.0,0.0,148.41796875
Chirchitta (26),10.0,15.656854152679443,2,78,0,1460,0,3170,0,1528,43938,121.01014429209184,50176,0.0,0.0,106.79547991071429
Chirchitta (27),9.5,14.242640614509583,0,15,0,511,0,1080,0,490,48080,40.743283641581634,50176,0.0,0.0,49.75386639030612
Chirchitta (28),0.0,6.0,0,93,0,1423,0,3242,0,1637,43781,121.84361049107143,50176,0.0,0.0,148.97700095663265
Chirchitta (29),1.0,4.0,0,32,0,1075,0,2061,0,1078,45930,82.77742346938776,50176,0.0,0.0,134.3405213647959
Chirchitta (3),43676.5,1569.2274827957153,0,3,0,270,0,1469,0,278,48156,24.648238201530614,50176,0.0,0.0,224.0042051977041
Chirchitta (30),2.5,7.414213538169861,0,7,0,380,0,1615,0,386,47788,36.6877590880102,50176,0.0,0.0,177.64010682397958
Chirchitta (31),0.0,4.0,0,23,0,860,0,1614,0,883,46796,67.78011399872449,50176,0.0,0.0,115.546875
Chirchitta (32),1.0,4.0,1,18,0,481,0,836,0,426,48414,34.84803491709184,50176,0.0,0.0,43.5791015625
Chirchitta (33),27.5,23.071067690849304,0,16,0,737,0,1911,0,820,46692,64.04476243622449,50176,0.0,0.0,134.2693718112245
Chirchitta (34),45843.5,1582.1736606359482,0,3,0,165,0,1345,0,159,48504,17.909359056122447,50176,0.0,0.0,236.83145328443877
Chirchitta (35),1.0,4.828427076339722,0,82,0,1530,0,2884,0,1632,44048,119.63797433035714,50176,0.0,0.0,116.63952885841837
Chirchitta (36),7.0,13.656854152679443,0,10,0,292,0,1363,0,299,48212,32.67797353316327,50176,0.0,0.0,83.55498644770408
Chirchitta (37),461.0,142.225395321846,0,77,0,1520,0,3329,0,1730,43520,123.69858099489795,50176,0.0,0.0,143.49340322066325
Chirchitta (38),48.5,29.899494647979736,0,42,0,1263,0,3282,0,1397,44192,111.54217155612245,50176,0.0,0.0,133.8526387117347
Chirchitta (39),0.0,6.0,0,93,0,1423,0,3242,0,1637,43781,121.84361049107143,50176,0.0,0.0,148.97700095663265
Chirchitta (4),44209.0,1621.0924878120422,0,10,0,340,0,1328,0,364,48134,25.42580117984694,50176,0.0,0.0,227.2364277742347
Chirchitta (40),265.0,78.76955151557922,0,10,0,787,0,1479,0,810,47090,61.31566884566327,50176,0.0,0.0,104.7168965242347
Chirchitta (41),27.0,21.656854152679443,1,81,0,1484,0,2857,0,1606,44147,118.76893335459184,50176,0.0,0.0,116.6700215242347
Chirchitta (42),2.5,7.414213538169861,0,7,0,380,0,1615,0,386,47788,36.6877590880102,50176,0.0,0.0,177.64010682397958
Chirchitta (43),1.0,4.0,0,8,0,402,0,776,0,396,48594,32.11894132653061,50176,0.0,0.0,85.97915338010205
Chirchitta (44),44195.0,1635.9209163188934,0,11,0,321,0,1347,0,355,48142,25.385144292091837,50176,0.0,0.0,227.3634805484694
Chirchitta (45),45843.5,1582.1736606359482,0,3,0,165,0,1345,0,159,48504,17.909359056122447,50176,0.0,0.0,236.83145328443877
Chirchitta (5),49729.0,892.0,0,16,0,332,0,1433,0,329,48066,26.432059151785715,50176,0.0,0.0,216.2285754145408
Chirchitta (6),1.5,5.414213538169861,0,7,0,558,0,1143,0,636,47832,40.96181441326531,50176,0.0,0.0,156.15802375637756
Chirchitta (7),45545.5,1486.3157951831818,0,4,0,234,0,1362,0,234,48342,21.512575733418366,50176,0.0,0.0,232.65904017857142
Chirchitta (8),45677.0,1015.6223635673523,0,4,0,332,0,1320,0,338,48182,30.167410714285715,50176,0.0,0.0,197.5518176020408
Chirchitta (9),142.5,66.38477599620819,0,1,0,15,0,44,0,12,50104,1.2146245216836735,50176,0.0,0.0,0.8842873086734694
Chitrak    (1),0.0,0.0,3,24,0,659,0,1835,0,664,46991,61.19369818239796,50176,0.0,0.0,77.04988440688776
Chitrak    (11),75.5,35.071067690849304,0,31,0,1164,0,2019,0,1200,45762,90.54288903061224,50176,0.0,0.0,108.86898118622449
Chitrak    (12),13.5,17.071067690849304,0,8,0,130,0,134,0,88,49816,7.663823341836735,50176,0.0,0.0,3.6692841198979593
Chitrak    (13),684.5,149.78174459934235,0,21,0,930,0,1432,0,960,46833,71.44431600765306,50176,0.0,0.0,72.70976163903062
Chitrak    (14),13.5,17.071067690849304,0,8,0,130,0,134,0,88,49816,7.663823341836735,50176,0.0,0.0,3.6692841198979593
Chitrak    (15),684.5,149.78174459934235,0,21,0,930,0,1432,0,960,46833,71.44431600765306,50176,0.0,0.0,72.70976163903062
Chitrak    (16),1.5,5.414213538169861,0,2,0,13,0,11,0,6,50144,0.8436304209183674,50176,0.0,0.0,0.27951610331632654
Chitrak    (17),43.0,48.28427028656006,0,5,0,224,0,444,0,195,49308,18.478555484693878,50176,0.0,0.0,19.10873724489796
Chitrak    (18),4.0,8.828427076339722,0,6,0,255,0,693,0,232,48990,20.607959980867346,50176,0.0,0.0,35.894949776785715
Chitrak    (19),38.0,28.485281229019165,1,12,0,108,0,133,0,83,49839,7.170858577806122,50176,0.0,0.0,3.53206712372449
Chitrak    (2),75.5,35.071067690849304,0,31,0,1164,0,2019,0,1200,45762,90.54288903061224,50176,0.0,0.0,108.86898118622449
Chitrak    (20),1.0,6.828427076339722,0,5,0,288,0,744,0,265,48874,23.347217793367346,50176,0.0,0.0,37.98369738520408
Chitrak    (21),7.0,16.82842707633972,0,2,0,2,0,10,0,0,50162,0.29984454719387754,50176,0.0,0.0,0.08131377551020408
Chitrak    (22),1214.0,445.9898945093155,0,4,0,136,0,245,0,125,49666,10.972277582908163,50176,0.0,0.0,7.160694355867347
Chitrak    (23),4.0,8.828427076339722,0,6,0,255,0,693,0,232,48990,20.607959980867346,50176,0.0,0.0,35.894949776785715
Chitrak    (24),3312.0,477.65685415267944,0,0,0,8,0,468,0,4,49696,5.732621173469388,50176,0.0,0.0,18.04657605229592
Chitrak    (25),43.0,48.28427028656006,0,5,0,224,0,444,0,195,49308,18.478555484693878,50176,0.0,0.0,19.10873724489796
Chitrak    (26),10.0,24.82842707633972,0,2,0,2,0,16,0,0,50156,0.3811583227040816,50176,0.0,0.0,0.11688855229591837
Chitrak    (27),8.5,13.41421353816986,0,20,0,713,0,1075,0,682,47686,54.59711814413265,50176,0.0,0.0,45.860969387755105
Chitrak    (28),4.5,10.242640614509583,0,30,0,920,0,1702,0,921,46603,74.64604591836735,50176,0.0,0.0,77.0752949617347
Chitrak    (29),0.0,4.0,0,27,0,899,0,2300,0,968,45982,80.4345703125,50176,0.0,0.0,105.36740672831633
Chitrak    (3),10.0,24.82842707633972,0,2,0,2,0,16,0,0,50156,0.3811583227040816,50176,0.0,0.0,0.11688855229591837
Chitrak    (30),8.5,12.242640614509583,0,23,0,742,0,1525,0,766,47120,63.91262755102041,50176,0.0,0.0,78.65583147321429
Chitrak    (31),6945.5,926.3645675182343,0,15,0,609,0,1103,0,609,47840,50.343391262755105,50176,0.0,0.0,70.4329759247449
Chitrak    (32),26.5,21.071067690849304,0,7,0,78,0,117,0,47,49927,5.402283960459184,50176,0.0,0.0,2.261539381377551
Chitrak    (33),0.0,0.0,1,38,0,1256,0,2403,0,1338,45140,96.35682397959184,50176,0.0,0.0,132.6532605229592
Chitrak    (34),2214.0,518.5340514183044,0,16,0,434,0,1013,0,421,48292,41.129524075255105,50176,0.0,0.0,39.071269132653065
Chitrak    (35),161.0,54.97056233882904,0,0,0,16,0,34,0,12,50114,1.4484016262755102,50176,0.0,0.0,0.9503547512755102
Chitrak    (36),0.0,2.0,1,36,0,681,0,1415,0,660,47383,53.03182796556123,50176,0.0,0.0,47.18231823979592
Chitrak    (4),8.5,13.41421353816986,0,20,0,713,0,1075,0,682,47686,54.59711814413265,50176,0.0,0.0,45.860969387755105
Chitrak    (5),4.5,10.242640614509583,0,30,0,920,0,1702,0,921,46603,74.64604591836735,50176,0.0,0.0,77.0752949617347
Chitrak    (6),6945.5,926.3645675182343,0,15,0,609,0,1103,0,609,47840,50.343391262755105,50176,0.0,0.0,70.4329759247449
Chitrak    (7),26.5,21.071067690849304,0,7,0,78,0,117,0,47,49927,5.402283960459184,50176,0.0,0.0,2.261539381377551
Chitrak    (8),0.0,0.0,1,38,0,1256,0,2403,0,1338,45140,96.35682397959184,50176,0.0,0.0,132.6532605229592
Chitrak    (9),2214.0,518.5340514183044,0,16,0,434,0,1013,0,421,48292,41.129524075255105,50176,0.0,0.0,39.071269132653065
Citrus Lemon (1),49729.0,892.0,0,3,0,287,0,1423,0,305,48158,26.1068040497449,50176,0.0,0.0,132.21111686862244
Citrus Lemon (17),17386.0,1190.8914778232574,0,15,0,816,0,1730,0,844,46771,65.05102040816327,50176,0.0,0.0,192.77971540178572
Citrus Lemon (28),49729.0,892.0,0,1,0,169,0,1059,0,173,48774,11.597377232142858,50176,0.0,0.0,224.46159518494898
Citrus Lemon (29),49729.0,892.0,0,5,0,502,0,1810,0,507,47352,44.43797831632653,50176,0.0,0.0,195.01076211734693
Citrus Lemon (30),49729.0,892.0,0,1,0,220,0,1103,0,220,48632,15.25649713010204,50176,0.0,0.0,166.93718112244898
Citrus Lemon (31),49729.0,892.0,0,1,0,181,0,1077,0,181,48736,13.350705516581632,50176,0.0,0.0,201.42946827168367
Citrus Lemon (32),49729.0,892.0,0,1,0,233,0,1141,0,233,48568,16.720145089285715,50176,0.0,0.0,160.81323740433675
Citrus Lemon (34),49729.0,892.0,0,2,0,255,0,1193,0,256,48470,19.088408801020407,50176,0.0,0.0,133.8577208227041
Citrus Lemon (35),49729.0,892.0,0,0,0,192,0,1124,0,192,48668,14.42303093112245,50176,0.0,0.0,186.01034359056123
Citrus Lemon (36),49729.0,892.0,0,0,0,252,0,1174,0,252,48498,19.073162468112244,50176,0.0,0.0,143.91521843112244
Citrus Lemon (37),49729.0,892.0,0,0,0,215,0,1110,0,215,48636,15.154854910714286,50176,0.0,0.0,164.63498485331633
Citrus Lemon (38),49729.0,892.0,0,0,0,228,0,1154,0,228,48566,16.765884088010203,50176,0.0,0.0,146.5426698022959
Citrus Lemon (39),49729.0,892.0,0,0,0,224,0,1210,0,224,48518,17.741649394132654,50176,0.0,0.0,168.3855827487245
Citrus Lemon (40),31371.0,1860.5483298301697,0,5,0,379,0,1531,0,379,47882,31.84958944515306,50176,0.0,0.0,160.76749840561226
Citrus Lemon (41),49729.0,892.0,0,0,0,224,0,1210,0,224,48518,17.741649394132654,50176,0.0,0.0,168.3855827487245
Citrus Lemon (42),49729.0,892.0,0,3,0,287,0,1423,0,305,48158,26.1068040497449,50176,0.0,0.0,132.21111686862244
Citrus Lemon (43),7.0,12.828427076339722,0,15,0,842,0,1782,0,881,46656,64.9544602997449,50176,0.0,0.0,161.6111288265306
Citrus Lemon (44),49729.0,892.0,0,0,0,234,0,1122,0,234,48586,16.405054209183675,50176,0.0,0.0,177.33009805484693
Citrus Lemon (45),32354.0,1793.9797880649567,0,0,0,284,0,1394,0,280,48218,26.269431600765305,50176,0.0,0.0,168.69559151785714
Citrus Lemon (46),1604.5,185.29646372795105,0,1,0,102,0,311,0,94,49668,7.978914221938775,50176,0.0,0.0,23.97231744260204
Citrus Lemon (47),49729.0,892.0,0,2,0,312,0,1806,0,324,47732,35.93560666454081,50176,0.0,0.0,191.93608498086735
Citrus Lemon (48),46387.0,862.8284270763397,0,0,0,200,0,1066,0,200,48710,19.815150669642858,50176,0.0,0.0,176.91844706632654
Citrus Lemon (49),46607.0,864.0,0,1,0,549,0,1583,0,569,47474,47.771843112244895,50176,0.0,0.0,147.03563456632654
Citrus Lemon (50),49729.0,892.0,0,1,0,169,0,1059,0,173,48774,11.597377232142858,50176,0.0,0.0,224.46159518494898
Citrus Lemon (51),7.0,12.828427076339722,0,15,0,842,0,1782,0,881,46656,64.9544602997449,50176,0.0,0.0,161.6111288265306
Citrus Lemon (52),22462.5,2353.952438235283,0,10,0,443,0,1685,0,440,47598,39.36094945790816,50176,0.0,0.0,119.64813855229592
Citrus Lemon (53),49729.0,892.0,0,0,0,234,0,1122,0,234,48586,16.405054209183675,50176,0.0,0.0,177.33009805484693
Citrus Lemon (54),32354.0,1793.9797880649567,0,0,0,284,0,1394,0,280,48218,26.269431600765305,50176,0.0,0.0,168.69559151785714
Citrus Lemon (55),1604.5,185.29646372795105,0,1,0,102,0,311,0,94,49668,7.978914221938775,50176,0.0,0.0,23.97231744260204
Citrus Lemon (56),2533.5,489.26197266578674,1,21,0,661,0,1367,0,655,47471,54.820731026785715,50176,0.0,0.0,68.50685586734694
Citrus Lemon (57),1.5,5.414213538169861,0,29,0,597,0,1519,0,672,47359,52.36607142857143,50176,0.0,0.0,105.98234215561224
Citrus Lemon (58),49729.0,892.0,0,2,0,312,0,1806,0,324,47732,35.93560666454081,50176,0.0,0.0,191.93608498086735
Citrus Lemon (59),46387.0,862.8284270763397,0,0,0,200,0,1066,0,200,48710,19.815150669642858,50176,0.0,0.0,176.91844706632654
Citrus Lemon (60),46.5,35.55634880065918,0,7,0,372,0,977,0,344,48476,29.5931321747449,50176,0.0,0.0,101.10859773596938
Citrus Lemon (61),46607.0,864.0,0,1,0,549,0,1583,0,569,47474,47.771843112244895,50176,0.0,0.0,147.03563456632654
Curry Leaf  (1),49396.0,953.5979789495468,0,13,0,664,0,1946,0,681,46872,54.30235570790816,50176,0.0,0.0,164.9704041772959
Curry Leaf  (10),49729.0,892.0,0,0,0,208,0,1060,0,208,48700,13.523497289540817,50176,0.0,0.0,197.724609375
Curry Leaf  (11),49729.0,892.0,0,0,0,177,0,1154,0,177,48668,14.722875478316327,50176,0.0,0.0,196.31686463647958
Curry Leaf  (12),1.0,4.0,0,45,0,1455,0,2554,0,1534,44588,109.82441804846938,50176,0.0,0.0,112.41629464285714
Curry Leaf  (13),0.0,0.0,2,49,0,1479,0,2813,0,1491,44342,121.29982461734694,50176,0.0,0.0,141.08956473214286
Curry Leaf  (14),49729.0,892.0,0,7,0,563,0,1930,0,586,47090,48.955974968112244,50176,0.0,0.0,201.2058553890306
Curry Leaf  (15),413.5,119.21320307254791,0,19,0,1167,0,2295,0,1269,45426,93.80052216198979,50176,0.0,0.0,135.12824856505102
Curry Leaf  (16),11.0,15.656854152679443,0,18,0,892,0,1939,0,991,46336,74.03111049107143,50176,0.0,0.0,123.95776865433673
Curry Leaf  (17),48.5,29.071067690849304,1,33,0,875,0,1634,0,948,46685,64.93413185586735,50176,0.0,0.0,95.29974489795919
Curry Leaf  (18),0.0,2.0,0,30,0,1219,0,2789,0,1370,44768,103.07029257015306,50176,0.0,0.0,153.20023517219389
Curry Leaf  (19),65.5,36.72792184352875,0,32,0,771,0,1631,0,801,46941,63.409498565051024,50176,0.0,0.0,73.41617506377551
Curry Leaf  (2),170.5,64.72792184352875,0,9,0,478,0,1691,0,480,47518,41.20575573979592,50176,0.0,0.0,195.37159199617346
Curry Leaf  (20),49729.0,892.0,0,19,0,465,0,1618,0,492,47582,38.456333705357146,50176,0.0,0.0,208.9306640625
Curry Leaf  (21),49396.0,953.5979789495468,0,13,0,664,0,1946,0,681,46872,54.30235570790816,50176,0.0,0.0,164.9704041772959
Curry Leaf  (22),170.5,64.72792184352875,0,9,0,478,0,1691,0,480,47518,41.20575573979592,50176,0.0,0.0,195.37159199617346
Curry Leaf  (23),49729.0,892.0,0,0,0,216,0,1056,0,216,48688,13.869080835459183,50176,0.0,0.0,194.82780612244898
Curry Leaf  (24),49729.0,892.0,0,7,0,563,0,1930,0,586,47090,48.955974968112244,50176,0.0,0.0,201.2058553890306
Curry Leaf  (25),413.5,119.21320307254791,0,19,0,1167,0,2295,0,1269,45426,93.80052216198979,50176,0.0,0.0,135.12824856505102
Curry Leaf  (26),11.0,15.656854152679443,0,18,0,892,0,1939,0,991,46336,74.03111049107143,50176,0.0,0.0,123.95776865433673
Curry Leaf  (27),10.0,13.656854152679443,0,57,0,1082,0,2661,0,1141,45235,89.42482461734694,50176,0.0,0.0,103.8021165497449
Curry Leaf  (28),48.5,29.071067690849304,1,33,0,875,0,1634,0,948,46685,64.93413185586735,50176,0.0,0.0,95.29974489795919
Curry Leaf  (29),2.5,7.414213538169861,0,32,0,1077,0,1998,0,1144,45925,83.99713010204081,50176,0.0,0.0,94.0038066007653
Curry Leaf  (3),3.0,8.828427076339722,0,92,0,1533,0,3081,0,1591,43879,119.99372209821429,50176,0.0,0.0,93.82085060586735
Curry Leaf  (30),0.0,2.0,0,30,0,1219,0,2789,0,1370,44768,103.07029257015306,50176,0.0,0.0,153.20023517219389
Curry Leaf  (31),65.5,36.72792184352875,0,32,0,771,0,1631,0,801,46941,63.409498565051024,50176,0.0,0.0,73.41617506377551
Curry Leaf  (32),417.5,98.18376541137695,1,29,0,662,0,1185,0,624,47675,50.42470503826531,50176,0.0,0.0,48.69678730867347
Curry Leaf  (33),15.5,16.242640495300293,0,93,0,2143,0,4019,0,2066,41855,159.31909677933675,50176,0.0,0.0,107.40533322704081
Curry Leaf  (34),49729.0,892.0,0,19,0,465,0,1618,0,492,47582,38.456333705357146,50176,0.0,0.0,208.9306640625
Curry Leaf  (35),16.5,16.242640614509583,0,49,0,784,0,1734,0,827,46782,61.34616151147959,50176,0.0,0.0,97.79506138392857
Curry Leaf  (4),49729.0,892.0,0,0,0,130,0,1068,0,130,48848,10.27602838010204,50176,0.0,0.0,213.71293048469389
Curry Leaf  (5),49729.0,892.0,0,0,0,129,0,1046,0,129,48872,9.681421396683673,50176,0.0,0.0,217.59058115433675
Curry Leaf  (6),49729.0,892.0,0,0,0,189,0,1038,0,189,48760,12.166573660714286,50176,0.0,0.0,207.52800143494898
Curry Leaf  (7),49729.0,892.0,0,0,0,126,0,1094,0,126,48830,10.723254145408163,50176,0.0,0.0,215.21215322066325
Curry Leaf  (8),49729.0,892.0,0,0,0,154,0,1016,0,154,48852,10.00667649872449,50176,0.0,0.0,222.23563058035714
Curry Leaf  (9),49729.0,892.0,0,0,0,124,0,1094,0,124,48834,10.545380261479592,50176,0.0,0.0,227.7344746492347
Daruharidra (1),126.0,57.79898953437805,0,13,0,818,0,1389,0,824,47132,64.19722576530613,50176,0.0,0.0,79.94668765943878
Daruharidra (1),470.5,184.46803605556488,0,12,0,636,0,1527,0,677,47324,54.72925302933673,50176,0.0,0.0,135.68219866071428
Daruharidra (11),0.5,3.414213538169861,0,39,0,1195,0,2275,0,1199,45468,94.56283880739795,50176,0.0,0.0,127.74394132653062
Daruharidra (12),505.5,142.32590067386627,0,15,0,894,0,1862,0,936,46469,73.68044483418367,50176,0.0,0.0,136.6681281887755
Daruharidra (13),11.0,14.828427076339722,1,61,0,1250,0,2246,0,1349,45269,95.36581234056122,50176,0.0,0.0,92.72819674744898
Daruharidra (14),1.0,4.0,0,28,0,717,0,1683,0,762,46986,61.95601482780612,50176,0.0,0.0,86.85327646683673
Daruharidra (15),34.5,27.071067690849304,0,35,0,1272,0,2426,0,1330,45113,100.90531329719387,50176,0.0,0.0,118.20481903698979
Daruharidra (16),10.5,14.242640614509583,1,48,0,1322,0,2403,0,1443,44959,99.71101721938776,50176,0.0,0.0,93.32280373086735
Daruharidra (17),0.0,0.0,1,35,0,566,0,1144,0,528,47902,45.51538584183673,50176,0.0,0.0,50.74487802933673
Daruharidra (18),3.0,8.0,0,63,0,1330,0,2290,0,1381,45112,100.29037786989795,50176,0.0,0.0,100.3971022002551
Daruharidra (19),126.0,57.79898953437805,0,13,0,818,0,1389,0,824,47132,64.19722576530613,50176,0.0,0.0,79.94668765943878
Daruharidra (20),41.5,29.899494767189026,0,39,0,1363,0,2104,0,1370,45300,99.26379145408163,50176,0.0,0.0,101.45926339285714
Daruharidra (21),0.0,0.0,1,20,0,813,0,1366,0,815,47161,64.40051020408163,50176,0.0,0.0,81.95412149234694
Daruharidra (22),472.0,178.56854128837585,0,11,0,634,0,1533,0,660,47338,54.41924426020408,50176,0.0,0.0,136.11417809311226
Daruharidra (23),165.5,66.38477599620819,0,3,0,72,0,189,0,50,49862,5.712292729591836,50176,0.0,0.0,4.207987882653061
Daruharidra (24),0.0,0.0,1,32,0,972,0,2210,0,1058,45903,82.88922991071429,50176,0.0,0.0,146.22757892219389
Daruharidra (25),471.5,184.46803605556488,0,9,0,641,0,1525,0,679,47322,54.744499362244895,50176,0.0,0.0,135.6415417729592
Daruharidra (26),59.5,40.38477575778961,0,27,0,645,0,1523,0,649,47332,53.40790417729592,50176,0.0,0.0,68.89817841198979
Daruharidra (27),320.0,122.56854116916656,0,22,0,544,0,947,0,535,48128,40.10801977040816,50176,0.0,0.0,60.35006776147959
Daruharidra (28),44.5,31.899494767189026,0,27,0,1193,0,1793,0,1195,45968,84.86108896683673,50176,0.0,0.0,88.42873086734694
Daruharidra (29),220.0,75.4558435678482,0,20,0,495,0,977,0,500,48184,38.71043925382653,50176,0.0,0.0,59.35397401147959
Daruharidra (30),49729.0,892.0,0,0,0,20,0,1904,0,24,48228,26.503208705357142,50176,0.0,0.0,117.89481026785714
Daruharidra (31),10.5,14.242640614509583,0,68,0,1276,0,2346,0,1394,45092,97.68833705357143,50176,0.0,0.0,91.07142857142857
Daruharidra (32),6.5,10.242640614509583,1,54,0,1298,0,2362,0,1400,45061,99.64494977678571,50176,0.0,0.0,94.59841358418367
Daruharidra (33),452.0,148.56854128837585,0,14,0,590,0,1481,0,604,47487,52.53886320153061,50176,0.0,0.0,135.87531887755102
Daruharidra (34),0.5,3.414213538169861,0,67,0,1734,0,3409,0,1892,43074,133.8475566007653,50176,0.0,0.0,134.3456034757653
Daruharidra (35),132.0,56.97056233882904,0,11,0,755,0,1314,0,762,47334,60.53302375637755,50176,0.0,0.0,79.99242665816327
Daruharidra (36),0.5,3.414213538169861,0,67,0,1734,0,3409,0,1892,43074,133.8475566007653,50176,0.0,0.0,134.3456034757653
Daruharidra (37),49646.0,916.1421353816986,0,20,0,755,0,2388,0,850,46163,68.5221022002551,50176,0.0,0.0,177.65027104591837
Daruharidra (38),3.5,9.41421353816986,0,67,0,1284,0,2462,0,1375,44988,101.61172672193878,50176,0.0,0.0,107.71534199617346
Daruharidra (39),229.5,70.04162991046906,0,15,0,514,0,917,0,512,48218,38.28862404336735,50176,0.0,0.0,60.19760443239796
Daruharidra (40),452.0,148.56854128837585,0,14,0,590,0,1481,0,604,47487,52.53886320153061,50176,0.0,0.0,135.87531887755102
Daruharidra (41),222.5,72.87005698680878,0,14,0,504,0,972,0,508,48178,38.30387037627551,50176,0.0,0.0,59.51151945153061
Daruharidra (42),10.0,13.656854152679443,4,72,0,1373,0,2376,0,1458,44893,99.88889110331633,50176,0.0,0.0,88.96743463010205
Daruharidra (43),0.0,0.0,0,0,0,0,0,0,0,0,50176,0.0,50176,0.0,0.0,0.0
Dhok (1),20.5,25.41421353816986,0,18,0,622,0,1564,0,638,47334,52.49820631377551,50176,0.0,0.0,151.24362244897958
Dhok (10),81.0,37.31370830535889,0,11,0,930,0,1955,0,980,46300,72.57762675382654,50176,0.0,0.0,124.95386240433673
Dhok (2),13.5,17.41421353816986,0,48,0,1133,0,2069,0,1183,45743,87.16836734693878,50176,0.0,0.0,85.37946428571429
Dhok (23),15.0,17.656854152679443,0,27,0,761,0,1428,0,727,47233,59.94349888392857,50176,0.0,0.0,82.74693080357143
Dhok (24),9.5,21.41421353816986,0,20,0,551,0,1514,0,568,47523,49.87075494260204,50176,0.0,0.0,151.74675143494898
Dhok (25),15.5,15.41421353816986,0,42,0,1480,0,2656,0,1535,44463,113.95617426658163,50176,0.0,0.0,113.95109215561224
Dhok (26),1.0,4.0,0,43,0,820,0,1543,0,773,46997,57.067024075255105,50176,0.0,0.0,49.276147959183675
Dhok (27),0.0,4.0,0,60,0,1595,0,2875,0,1696,43950,118.67237324617346,50176,0.0,0.0,112.56875797193878
Dhok (28),15.0,17.656854152679443,0,27,0,761,0,1428,0,727,47233,59.94349888392857,50176,0.0,0.0,82.74693080357143
Dhok (29),0.0,4.0,0,60,0,1595,0,2875,0,1696,43950,118.67237324617346,50176,0.0,0.0,112.56875797193878
Dhok (3),15.0,17.656854152679443,0,36,0,886,0,1572,0,864,46818,67.23124601403062,50176,0.0,0.0,85.92833227040816
Dhok (30),9.5,21.41421353816986,0,20,0,551,0,1514,0,568,47523,49.87075494260204,50176,0.0,0.0,151.74675143494898
Dhok (31),0.0,10.0,0,16,0,586,0,1120,0,566,47888,45.860969387755105,50176,0.0,0.0,109.81425382653062
Dhok (32),195.0,76.76955187320709,0,33,0,1000,0,2300,0,1072,45771,80.7699896364796,50176,0.0,0.0,140.9015266262755
Dhok (33),75.0,59.31370830535889,0,10,0,585,0,1073,0,566,47942,48.025948660714285,50176,0.0,0.0,91.14766023596938
Dhok (34),240.5,171.9827550649643,1,82,0,1487,0,2835,0,1556,44215,108.40650908801021,50176,0.0,0.0,90.95454001913265
Dhok (35),544.0,105.11269783973694,0,33,0,1195,0,2307,0,1245,45396,93.01787707270408,50176,0.0,0.0,127.44917889030613
Dhok (36),15.5,15.41421353816986,2,53,0,1494,0,2675,0,1558,44394,114.77439413265306,50176,0.0,0.0,114.36782525510205
Dhok (37),0.0,4.0,0,60,0,1595,0,2875,0,1696,43950,118.67237324617346,50176,0.0,0.0,112.56875797193878
Dhok (38),1.0,4.0,0,43,0,820,0,1543,0,773,46997,57.067024075255105,50176,0.0,0.0,49.276147959183675
Dhok (39),207.0,102.76955187320709,0,22,0,1289,0,2377,0,1296,45192,103.0093072385204,50176,0.0,0.0,88.14413265306122
Dhok (4),111.0,64.14213538169861,0,17,0,687,0,1492,0,698,47282,58.00721460459184,50176,0.0,0.0,99.01985012755102
Dhok (40),544.0,105.11269783973694,0,33,0,1195,0,2307,0,1245,45396,93.01787707270408,50176,0.0,0.0,127.44917889030613
Dhok (41),195.0,76.76955187320709,0,33,0,1000,0,2300,0,1072,45771,80.7699896364796,50176,0.0,0.0,140.9015266262755
Dhok (42),134.0,61.79898929595947,0,18,0,285,0,720,0,339,48814,23.957071109693878,50176,0.0,0.0,53.24019451530612
Dhok (43),0.0,10.0,0,16,0,586,0,1120,0,566,47888,45.860969387755105,50176,0.0,0.0,109.81425382653062
Dhok (44),9.5,21.41421353816986,0,20,0,551,0,1514,0,568,47523,49.87075494260204,50176,0.0,0.0,151.74675143494898
Dhok (45),63.0,35.65685415267944,0,14,0,713,0,1695,0,742,47012,60.12645487882653,50176,0.0,0.0,111.63873166454081
Dhok (46),6.5,15.41421353816986,0,3,0,131,0,590,0,120,49332,14.265485491071429,50176,0.0,0.0,32.38829320790816
Dhok (47),11.0,14.828427076339722,0,21,0,442,0,877,0,386,48450,34.2839205994898,50176,0.0,0.0,33.10487085459184
Dhok (5),540.5,106.5269113779068,0,50,0,1266,0,2289,0,1296,45275,95.2489237882653,50176,0.0,0.0,126.22439014668367
Dhok (6),111.0,64.14213538169861,0,17,0,687,0,1492,0,698,47282,58.00721460459184,50176,0.0,0.0,99.01985012755102
Dhok (7),264.0,80.76955163478851,0,13,0,825,0,1476,0,833,47029,63.19096779336735,50176,0.0,0.0,78.61009247448979
Dhok (8),2430.0,315.42135322093964,0,13,0,624,0,1215,0,663,47661,49.68271683673469,50176,0.0,0.0,101.16958306760205
Dhok (9),2440.0,313.4213534593582,0,12,0,578,0,1130,0,612,47844,46.30819515306123,50176,0.0,0.0,100.74268574617346
Dronapushpi  (1),31.0,37.79898929595947,0,33,0,837,0,1942,0,836,46528,70.06706393494898,50176,0.0,0.0,106.67350924744898
Dronapushpi  (26),34.5,27.071067690849304,0,50,0,1164,0,2529,0,1321,45112,96.70240752551021,50176,0.0,0.0,149.6630859375
Dronapushpi  (27),535.5,226.4091603755951,0,4,0,169,0,359,0,144,49500,12.74593431122449,50176,0.0,0.0,10.093072385204081
Dronapushpi  (28),535.5,226.4091603755951,0,4,0,169,0,359,0,144,49500,12.74593431122449,50176,0.0,0.0,10.093072385204081
Dronapushpi  (29),57.0,51.455843567848206,0,36,0,843,0,1985,0,866,46446,72.36926020408163,50176,0.0,0.0,108.49290497448979
Dronapushpi  (30),30.0,22.485281109809875,0,29,0,847,0,1746,0,889,46665,70.06706393494898,50176,0.0,0.0,128.56216119260205
Dronapushpi  (31),1.0,4.0,0,48,0,1215,0,2481,0,1344,45088,96.75322863520408,50176,0.0,0.0,151.88396843112244
Dronapushpi  (32),136.5,88.5269113779068,0,12,0,619,0,1335,0,610,47600,53.15379862882653,50176,0.0,0.0,89.23170440051021
Dronapushpi  (33),1.5,5.414213538169861,1,101,0,1981,0,3473,0,2104,42516,146.91366390306123,50176,0.0,0.0,118.97221779336735
Dronapushpi  (34),1.5,5.414213538169861,0,27,0,939,0,1963,0,1025,46222,86.2485052614796,50176,0.0,0.0,123.09380978954081
Dronapushpi  (35),5.5,15.41421353816986,0,41,0,1466,0,3160,0,1555,43954,124.05941087372449,50176,0.0,0.0,119.033203125
Dronapushpi  (36),18642.0,1890.3271098136902,0,3,0,662,0,1154,0,698,47659,54.90204480229592,50176,0.0,0.0,97.39357461734694
Dronapushpi  (37),211.5,133.69848430156708,0,30,0,991,0,2291,0,1032,45832,84.71878985969387,50176,0.0,0.0,101.0171197385204
Dronapushpi  (38),5.5,15.41421353816986,0,41,0,1466,0,3160,0,1555,43954,124.05941087372449,50176,0.0,0.0,119.033203125
Dronapushpi  (39),136.5,88.5269113779068,0,12,0,619,0,1335,0,610,47600,53.15379862882653,50176,0.0,0.0,89.23170440051021
Dronapushpi  (40),1.5,5.414213538169861,1,101,0,1981,0,3473,0,2104,42516,146.91366390306123,50176,0.0,0.0,118.97221779336735
Dronapushpi  (41),57.0,31.656854152679443,0,12,0,596,0,1174,0,606,47788,49.11352040816327,50176,0.0,0.0,76.1605149872449
Dronapushpi  (42),1.5,5.414213538169861,0,28,0,840,0,1584,0,867,46857,70.70232780612245,50176,0.0,0.0,103.95457987882654
Dronapushpi  (43),18642.0,1890.3271098136902,0,3,0,662,0,1154,0,698,47659,54.90204480229592,50176,0.0,0.0,97.39357461734694
Dronapushpi  (44),1.5,5.414213538169861,0,27,0,939,0,1963,0,1025,46222,86.2485052614796,50176,0.0,0.0,123.09380978954081
Dronapushpi  (45),3.0,8.828427076339722,0,18,0,960,0,2402,0,1022,45774,87.88494499362245,50176,0.0,0.0,136.25139508928572
Dronapushpi  (46),6.5,13.41421353816986,0,59,0,1619,0,3271,0,1786,43441,128.9484016262755,50176,0.0,0.0,126.49374202806122
Dronapushpi  (47),80.0,39.31370806694031,0,6,0,405,0,547,0,403,48815,28.810487085459183,50176,0.0,0.0,26.442223373724488
Dronapushpi  (48),78.0,51.79898929595947,0,64,0,1431,0,2751,0,1617,44313,114.84554368622449,50176,0.0,0.0,149.01765784438774
Dronapushpi  (49),11.5,18.242640614509583,0,22,0,907,0,2357,0,1016,45874,83.32629145408163,50176,0.0,0.0,160.8284837372449
Dronapushpi  (50),403.0,88.62741649150848,0,8,0,303,0,736,0,311,48818,29.8421556122449,50176,0.0,0.0,33.19634885204081
Dronapushpi  (51),0.0,0.0,2,65,0,1118,0,1972,0,1161,45858,85.90800382653062,50176,0.0,0.0,101.21532206632654
Dronapushpi  (52),102.0,51.455843687057495,0,7,0,573,0,1035,0,603,47958,44.915696747448976,50176,0.0,0.0,132.3127590880102
Dronapushpi  (53),25.5,27.071067690849304,0,39,0,1051,0,1970,0,1086,46030,81.70509805484694,50176,0.0,0.0,147.14744100765307
Dronapushpi  (54),25.5,27.071067690849304,0,39,0,1051,0,1970,0,1086,46030,81.70509805484694,50176,0.0,0.0,147.14744100765307
Dronapushpi  (55),497.5,222.06601548194885,0,6,0,172,0,331,0,151,49516,12.415597098214286,50176,0.0,0.0,9.589943399234693
Dronapushpi  (56),120.5,62.18376541137695,0,3,0,613,0,773,0,603,48184,46.30819515306123,50176,0.0,0.0,73.19764429209184
Dronapushpi  (57),37.5,43.899494647979736,0,38,0,1231,0,2346,0,1296,45265,96.19419642857143,50176,0.0,0.0,154.4402702487245
Dronapushpi  (58),35.5,26.242640614509583,0,52,0,1260,0,2389,0,1390,45085,96.84978874362245,50176,0.0,0.0,149.68849649234693
Dronapushpi  (59),532.0,227.480229139328,0,4,0,177,0,355,0,156,49484,12.898397640306122,50176,0.0,0.0,10.057497608418368
Fagora (1),0.0,2.0,0,34,0,1261,0,2771,0,1344,44766,102.99406090561224,50176,0.0,0.0,122.75839046556122
Fagora (10),5.5,15.41421353816986,0,40,0,1270,0,2127,0,1303,45436,96.90060985331633,50176,0.0,0.0,103.89867665816327
Fagora (11),12896.0,918.9259659051895,0,13,0,540,0,1558,0,580,47485,45.413743622448976,50176,0.0,0.0,117.1629862882653
Fagora (12),2.5,7.414213538169861,0,24,0,1157,0,2107,0,1212,45676,90.31927614795919,50176,0.0,0.0,108.90455596301021
Fagora (13),7.5,12.242640614509583,0,66,0,1258,0,2128,0,1261,45463,93.98856026785714,50176,0.0,0.0,78.74222735969387
Fagora (14),0.5,3.414213538169861,0,50,0,974,0,2568,0,1228,45356,82.58430325255102,50176,0.0,0.0,154.46059869260205
Fagora (15),10.0,15.656854152679443,1,27,0,956,0,2131,0,1024,46037,75.77935666454081,50176,0.0,0.0,160.46257174744898
Fagora (16),33429.0,1982.8813713788986,0,12,0,526,0,1529,0,571,47538,46.80624202806123,50176,0.0,0.0,170.8351602359694
Fagora (17),12772.0,816.2985500097275,0,3,0,261,0,586,0,252,49074,22.447684151785715,50176,0.0,0.0,67.2769850127551
Fagora (18),224.0,114.76955187320709,0,31,0,843,0,2102,0,848,46352,77.84269371811224,50176,0.0,0.0,98.41507892219387
Fagora (19),176.0,66.14213526248932,0,18,0,629,0,1523,0,673,47333,56.238639987244895,50176,0.0,0.0,144.75376674107142
Fagora (2),57.0,29.656854033470154,0,10,0,459,0,1076,0,453,48178,40.95673230229592,50176,0.0,0.0,83.72269610969387
Fagora (20),964.5,197.8406194448471,0,16,0,712,0,1314,0,726,47408,58.85592713647959,50176,0.0,0.0,88.73365752551021
Fagora (21),112.0,48.14213538169861,0,26,0,778,0,1525,0,845,47002,62.4235690369898,50176,0.0,0.0,120.36979830994898
Fagora (22),112.0,48.14213538169861,0,26,0,778,0,1525,0,845,47002,62.4235690369898,50176,0.0,0.0,120.36979830994898
Fagora (23),0.0,2.0,1,52,0,1233,0,2356,0,1393,45141,93.65822305484694,50176,0.0,0.0,117.88972815688776
Fagora (24),0.0,0.0,1,17,0,701,0,1322,0,705,47430,58.89150191326531,50176,0.0,0.0,90.78174824617346
Fagora (25),0.0,2.0,2,59,0,1203,0,2099,0,1169,45644,95.59958944515306,50176,0.0,0.0,95.17269212372449
Fagora (26),1.5,5.414213538169861,0,24,0,708,0,1279,0,694,47471,56.39110331632653,50176,0.0,0.0,84.16483976403062
Fagora (27),58.5,32.72792184352875,0,22,0,967,0,1578,0,956,46653,72.99944196428571,50176,0.0,0.0,107.5374681122449
Fagora (28),1.5,5.414213538169861,0,22,0,508,0,837,0,465,48344,35.9406887755102,50176,0.0,0.0,39.85899633290816
Fagora (29),1.0,4.828427076339722,1,29,0,1237,0,2687,0,1368,44854,97.29193239795919,50176,0.0,0.0,169.69168526785714
Fagora (3),15330.5,710.2325348854065,0,4,0,332,0,971,0,321,48548,28.61228475765306,50176,0.0,0.0,114.7591477997449
Fagora (30),0.0,2.0,0,23,0,775,0,1469,0,809,47100,60.58892697704081,50176,0.0,0.0,120.54767219387755
Fagora (31),46.0,31.313708305358887,0,22,0,974,0,1613,0,1034,46533,72.94862085459184,50176,0.0,0.0,103.17193478954081
Fagora (32),0.5,3.414213538169861,0,32,0,1130,0,2184,0,1185,45645,93.16017617984694,50176,0.0,0.0,144.74868463010205
Fagora (33),53.5,29.899494767189026,0,29,0,1086,0,2102,0,1064,45895,87.45804767219387,50176,0.0,0.0,101.56598772321429
Fagora (34),10.0,15.656854152679443,1,27,0,956,0,2131,0,1024,46037,75.77935666454081,50176,0.0,0.0,160.46257174744898
Fagora (35),0.5,3.414213538169861,0,28,0,660,0,1397,0,687,47404,52.940349968112244,50176,0.0,0.0,106.15513392857143
Fagora (4),46.0,31.313708305358887,0,22,0,974,0,1613,0,1034,46533,72.94862085459184,50176,0.0,0.0,103.17193478954081
Fagora (5),0.0,0.0,2,32,0,1241,0,2380,0,1358,45163,94.63907047193878,50176,0.0,0.0,131.7791374362245
Fagora (6),54.0,60.14213526248932,0,33,0,1098,0,1876,0,1089,46080,84.69846141581633,50176,0.0,0.0,92.24539620535714
Fagora (7),0.0,2.0,0,23,0,775,0,1469,0,809,47100,60.58892697704081,50176,0.0,0.0,120.54767219387755
Fagora (8),0.0,0.0,1,67,0,1705,0,3690,0,2062,42651,136.7545240752551,50176,0.0,0.0,161.27062739158163
Fagora (9),9.0,12.828427076339722,0,18,0,653,0,1038,0,601,47866,50.079121492346935,50176,0.0,0.0,56.32503587372449
faridbuti (1),40.5,46.041630029678345,0,28,0,743,0,1387,0,714,47304,59.95874521683673,50176,0.0,0.0,87.71215322066327
faridbuti (11),526.5,128.5269112586975,0,21,0,849,0,2062,0,892,46352,72.78091119260205,50176,0.0,0.0,153.56106505102042
faridbuti (12),70.5,39.071067690849304,0,17,0,853,0,1798,0,853,46655,70.44822225765306,50176,0.0,0.0,97.5307916135204
faridbuti (13),44.5,47.21320295333862,0,16,0,709,0,1395,0,684,47372,58.164760044642854,50176,0.0,0.0,87.64100366709184
faridbuti (14),12.0,15.656854152679443,0,31,0,905,0,1697,0,932,46611,71.00217235331633,50176,0.0,0.0,85.04912707270408
faridbuti (15),0.0,0.0,1,16,0,717,0,1673,0,783,46986,58.235909598214285,50176,0.0,0.0,119.18058434311224
faridbuti (16),7.0,17.656854152679443,0,25,0,909,0,1676,0,947,46619,68.19684709821429,50176,0.0,0.0,108.43700175382654
faridbuti (17),17.0,29.313708305358887,0,48,0,908,0,1605,0,892,46723,68.40013153698979,50176,0.0,0.0,72.3031927614796
faridbuti (18),17.0,29.313708305358887,0,48,0,908,0,1605,0,892,46723,68.40013153698979,50176,0.0,0.0,72.3031927614796
faridbuti (19),4.0,10.0,0,25,0,1091,0,2045,0,1155,45860,83.0467753507653,50176,0.0,0.0,175.22102200255102
faridbuti (20),182.0,64.14213526248932,0,19,0,785,0,1267,0,745,47360,59.03380102040816,50176,0.0,0.0,66.93140146683673
faridbuti (21),528.0,128.76955199241638,0,17,0,913,0,2020,0,954,46272,73.84815449617346,50176,0.0,0.0,153.71352838010205
faridbuti (22),2.5,7.414213538169861,0,33,0,1149,0,2509,0,1164,45321,92.77901785714286,50176,0.0,0.0,123.87137276785714
faridbuti (23),26.0,29.656854152679443,0,9,0,815,0,1482,0,864,47006,66.49433992346938,50176,0.0,0.0,131.99258609693877
faridbuti (24),4.0,8.828427076339722,0,16,0,1096,0,1812,0,1044,46208,84.66288663903062,50176,0.0,0.0,101.2305683992347
faridbuti (25),2346.5,235.982754945755,0,10,0,699,0,1755,0,710,47002,65.7015306122449,50176,0.0,0.0,119.71928810586735
faridbuti (26),13.5,16.242640614509583,0,26,0,996,0,1966,0,1087,46101,83.41268734056122,50176,0.0,0.0,117.20872528698979
faridbuti (27),0.0,4.0,0,34,0,942,0,2294,0,1024,45882,82.8028340242347,50176,0.0,0.0,113.5140306122449
faridbuti (28),4.0,8.828427076339722,0,16,0,1096,0,1812,0,1044,46208,84.66288663903062,50176,0.0,0.0,101.2305683992347
faridbuti (29),90.0,36.97056221961975,1,15,0,989,0,2333,0,1061,45777,88.37282764668367,50176,0.0,0.0,139.26508689413265
faridbuti (30),2.5,7.414213538169861,0,33,0,1149,0,2509,0,1164,45321,92.77901785714286,50176,0.0,0.0,123.87137276785714
faridbuti (31),530.0,128.76955199241638,0,14,0,895,0,2038,0,936,46293,73.95487882653062,50176,0.0,0.0,153.59155771683675
faridbuti (32),20.0,19.656854152679443,0,37,0,607,0,1076,0,547,47909,49.18466996173469,50176,0.0,0.0,47.57364078443877
faridbuti (33),70.0,40.485281229019165,0,22,0,839,0,1697,0,828,46790,68.01897321428571,50176,0.0,0.0,94.30365114795919
faridbuti (34),28.0,22.0,0,11,0,381,0,723,0,356,48705,30.238560267857142,50176,0.0,0.0,23.240493463010203
faridbuti (35),0.0,6.0,0,26,0,967,0,1656,0,985,46542,71.23086734693878,50176,0.0,0.0,82.5538105867347
faridbuti (36),2.5,7.414213538169861,1,70,0,1168,0,2264,0,1251,45422,88.34741709183673,50176,0.0,0.0,108.78766741071429
faridbuti (37),34.5,23.41421353816986,0,15,0,375,0,710,0,352,48724,29.669363839285715,50176,0.0,0.0,22.945731026785715
faridbuti (38),34.5,23.41421353816986,0,15,0,375,0,710,0,352,48724,29.669363839285715,50176,0.0,0.0,22.945731026785715
faridbuti (39),524.0,129.94112491607666,0,18,0,883,0,1969,0,929,46377,72.1761399872449,50176,0.0,0.0,153.58647560586735
faridbuti (40),66.0,37.3137081861496,0,20,0,868,0,1749,0,845,46694,70.15854193239795,50176,0.0,0.0,97.25127551020408
faridbuti (41),0.0,6.0,0,31,0,884,0,1990,0,868,46403,79.15896045918367,50176,0.0,0.0,81.87788982780613
faridbuti (42),1.0,4.0,0,25,0,924,0,2009,0,877,46341,80.54129464285714,50176,0.0,0.0,97.32242506377551
faridbuti (43),0.0,2.0,0,52,0,1196,0,2457,0,1299,45172,92.98738440688776,50176,0.0,0.0,111.9385762117347
faridbuti (44),33.5,23.41421353816986,0,11,0,384,0,686,0,365,48730,29.50165417729592,50176,0.0,0.0,23.606405452806122
Fenugreek (1),49729.0,892.0,0,0,0,175,0,1104,0,175,48722,13.254145408163266,50176,0.0,0.0,190.80785634566325
Fenugreek (10),49729.0,892.0,0,0,0,142,0,1096,0,142,48796,11.50081712372449,50176,0.0,0.0,209.0983737244898
Fenugreek (11),49729.0,892.0,0,0,0,175,0,1104,0,175,48722,13.254145408163266,50176,0.0,0.0,190.80785634566325
Fenugreek (12),49729.0,892.0,0,0,0,130,0,1010,0,130,48906,8.766641422193878,50176,0.0,0.0,227.1551139987245
Fenugreek (13),49729.0,892.0,0,0,0,97,0,1092,0,97,48890,9.437480070153061,50176,0.0,0.0,225.15276227678572
Fenugreek (14),49729.0,892.0,0,0,0,83,0,1092,0,83,48918,8.741230867346939,50176,0.0,0.0,233.4162747130102
Fenugreek (15),49729.0,892.0,0,0,0,94,0,1104,0,94,48884,9.559450733418368,50176,0.0,0.0,229.81814014668367
Fenugreek (16),49729.0,892.0,0,0,0,85,0,1102,0,85,48904,9.132553411989797,50176,0.0,0.0,227.3634805484694
Fenugreek (17),49729.0,892.0,0,0,0,87,0,1066,0,87,48936,8.222855548469388,50176,0.0,0.0,227.62775031887756
Fenugreek (18),49729.0,892.0,0,0,0,116,0,1120,0,116,48824,10.95703125,50176,0.0,0.0,219.95884486607142
Fenugreek (19),49729.0,892.0,0,0,0,161,0,1066,0,161,48788,11.561802455357142,50176,0.0,0.0,208.37163185586735
Fenugreek (2),49729.0,892.0,0,0,0,137,0,1022,0,137,48880,9.437480070153061,50176,0.0,0.0,221.5038066007653
Fenugreek (20),49729.0,892.0,0,0,0,116,0,1028,0,116,48916,8.553192761479592,50176,0.0,0.0,229.1066446109694
Fenugreek (21),49729.0,892.0,0,0,0,98,0,1144,0,98,48836,10.713089923469388,50176,0.0,0.0,224.8732461734694
Fenugreek (22),49729.0,892.0,0,0,0,157,0,1016,0,157,48846,10.087990274234693,50176,0.0,0.0,220.2688536352041
Fenugreek (23),49729.0,892.0,0,0,0,155,0,1052,0,155,48814,11.033262914540817,50176,0.0,0.0,208.2649075255102
Fenugreek (24),49729.0,892.0,0,0,0,150,0,1054,0,150,48822,10.743582589285714,50176,0.0,0.0,216.9400709502551
Fenugreek (25),49729.0,892.0,0,1,0,168,0,1041,0,168,48798,11.267040019132653,50176,0.0,0.0,211.4971301020408
Fenugreek (26),49729.0,892.0,0,0,0,114,0,1122,0,114,48826,10.93670280612245,50176,0.0,0.0,211.0956433354592
Fenugreek (27),49729.0,892.0,0,0,0,137,0,1068,0,137,48834,10.555544483418368,50176,0.0,0.0,216.11676897321428
Fenugreek (28),49729.0,892.0,0,0,0,131,0,1012,0,131,48902,8.903858418367347,50176,0.0,0.0,225.1578443877551
Fenugreek (29),49729.0,892.0,0,0,0,174,0,1030,0,174,48798,11.338189572704081,50176,0.0,0.0,209.39821827168367
Fenugreek (3),49729.0,892.0,0,0,0,87,0,1066,0,87,48936,8.222855548469388,50176,0.0,0.0,227.62775031887756
Fenugreek (30),49729.0,892.0,0,0,0,137,0,1068,0,137,48834,10.61652981505102,50176,0.0,0.0,212.5338807397959
Fenugreek (31),49729.0,892.0,0,0,0,142,0,1096,0,142,48796,11.50081712372449,50176,0.0,0.0,209.0983737244898
Fenugreek (32),49729.0,892.0,0,0,0,101,0,1154,0,101,48820,11.09424824617347,50176,0.0,0.0,224.43618463010205
Fenugreek (33),49729.0,892.0,0,0,0,143,0,1060,0,143,48830,10.64194036989796,50176,0.0,0.0,214.39393335459184
Fenugreek (34),49729.0,892.0,0,0,0,102,0,1150,0,102,48822,11.007852359693878,50176,0.0,0.0,211.8427136479592
Fenugreek (35),49729.0,892.0,0,0,0,78,0,1094,0,78,48926,8.568439094387756,50176,0.0,0.0,228.91352439413265
Fenugreek (4),49729.0,892.0,0,0,0,161,0,1066,0,161,48788,11.561802455357142,50176,0.0,0.0,208.37163185586735
Fenugreek (5),49729.0,892.0,0,0,0,116,0,1028,0,116,48916,8.553192761479592,50176,0.0,0.0,229.1066446109694
Fenugreek (6),49729.0,892.0,0,0,0,157,0,1016,0,157,48846,10.087990274234693,50176,0.0,0.0,220.2688536352041
Fenugreek (7),49729.0,892.0,0,0,0,137,0,1068,0,137,48834,10.555544483418368,50176,0.0,0.0,216.11676897321428
Fenugreek (8),49729.0,892.0,0,0,0,137,0,1068,0,137,48834,10.61652981505102,50176,0.0,0.0,212.5338807397959
Fenugreek (9),49729.0,892.0,0,0,0,142,0,1096,0,142,48796,11.50081712372449,50176,0.0,0.0,209.0983737244898
Gadaha purnaa (1),49729.0,892.0,0,14,0,282,0,1471,0,317,48092,25.039560746173468,50176,0.0,0.0,210.82120934311226
Gadaha purnaa (11),11300.5,1855.6336780786514,1,35,0,1254,0,2816,0,1305,44765,104.33573820153062,50176,0.0,0.0,161.1943957270408
Gadaha purnaa (12),0.5,3.414213538169861,0,25,0,816,0,1435,0,808,47092,66.88566246811224,50176,0.0,0.0,92.93148118622449
Gadaha purnaa (13),0.0,2.0,0,43,0,838,0,1651,0,807,46837,67.41420200892857,50176,0.0,0.0,84.68321508290816
Gadaha purnaa (14),160.5,99.154327750206,0,17,0,563,0,1128,0,580,47888,46.93329480229592,50176,0.0,0.0,117.34594228316327
Gadaha purnaa (15),4.0,8.828427076339722,0,8,0,566,0,1334,0,564,47704,49.64205994897959,50176,0.0,0.0,119.83109454719387
Gadaha purnaa (16),49729.0,892.0,0,8,0,685,0,2058,0,729,46696,57.991968271683675,50176,0.0,0.0,189.5881497130102
Gadaha purnaa (17),0.0,2.0,1,65,0,739,0,1049,0,593,47729,50.07403938137755,50176,0.0,0.0,37.41958306760204
Gadaha purnaa (18),18.5,21.071067690849304,0,22,0,1240,0,2744,0,1354,44816,103.9291693239796,50176,0.0,0.0,181.3652941645408
Gadaha purnaa (19),0.0,4.0,0,30,0,1276,0,2900,0,1382,44588,105.1742865114796,50176,0.0,0.0,164.36563297193877
Gadaha purnaa (20),11300.5,1855.6336780786514,1,35,0,1254,0,2816,0,1305,44765,104.33573820153062,50176,0.0,0.0,161.1943957270408
Gadaha purnaa (21),0.5,3.414213538169861,0,25,0,816,0,1435,0,808,47092,66.88566246811224,50176,0.0,0.0,92.93148118622449
Gadaha purnaa (33),6.5,12.242640614509583,0,29,0,1197,0,2369,0,1272,45309,95.84353077168367,50176,0.0,0.0,130.58484135841837
Gadaha purnaa (34),317.5,143.9238796234131,0,13,0,462,0,893,0,460,48348,33.526686065051024,50176,0.0,0.0,69.70115194515306
Gadaha purnaa (35),0.0,2.0,0,43,0,838,0,1651,0,807,46837,67.41420200892857,50176,0.0,0.0,84.68321508290816
Gadaha purnaa (36),0.0,2.0,0,52,0,1592,0,2976,0,1707,43849,122.08246970663265,50176,0.0,0.0,128.38428730867346
Gadaha purnaa (37),5.0,8.828427076339722,1,21,0,698,0,1550,0,711,47195,54.80548469387755,50176,0.0,0.0,159.873046875
Gadaha purnaa (38),30913.5,855.688378572464,0,3,0,226,0,749,0,248,48950,17.553611288265305,50176,0.0,0.0,156.5544284119898
Gadaha purnaa (39),99.5,40.24264061450958,0,3,0,643,0,1730,0,658,47142,59.02871890943877,50176,0.0,0.0,140.06297831632654
Gadaha purnaa (40),16.5,16.242640614509583,0,9,0,666,0,1626,0,701,47174,52.320332429846935,50176,0.0,0.0,156.56459263392858
Gadaha purnaa (41),13.5,16.242640614509583,1,57,0,1748,0,3683,0,1914,42773,145.9226522640306,50176,0.0,0.0,138.31981425382654
Gadaha purnaa (42),49729.0,892.0,0,1,0,249,0,1246,0,250,48430,20.043845663265305,50176,0.0,0.0,185.8985371492347
Gadaha purnaa (43),49729.0,892.0,0,7,0,206,0,1224,0,211,48528,16.516860650510203,50176,0.0,0.0,216.16250797193877
Gadaha purnaa (44),49729.0,892.0,0,12,0,246,0,1458,0,274,48186,24.053631218112244,50176,0.0,0.0,197.3586973852041
Gadaha purnaa (45),0.0,0.0,0,0,0,0,0,0,0,0,50176,0.0,50176,0.0,0.0,0.0
Gadaha purnaa (46),49729.0,892.0,0,5,0,213,0,1230,0,220,48508,16.715062978316325,50176,0.0,0.0,216.74186862244898
Gadaha purnaa (47),30982.5,845.2030992507935,0,2,0,229,0,773,0,266,48906,18.427734375,50176,0.0,0.0,156.7119738520408
Gadaha purnaa (48),49729.0,892.0,0,5,0,202,0,1302,0,235,48432,17.52311862244898,50176,0.0,0.0,230.37717235331633
Gadaha purnaa (49),49729.0,892.0,0,14,0,282,0,1471,0,317,48092,25.039560746173468,50176,0.0,0.0,210.82120934311226
Gadaha purnaa (50),49729.0,892.0,0,4,0,200,0,1314,0,230,48428,17.52311862244898,50176,0.0,0.0,230.2247090242347
Gadaha purnaa (51),22.5,23.071067690849304,0,23,0,1450,0,2594,0,1527,44582,113.51911272321429,50176,0.0,0.0,141.0794005102041
Gadaha purnaa (52),22.5,23.071067690849304,0,23,0,1450,0,2594,0,1527,44582,113.51911272321429,50176,0.0,0.0,141.0794005102041
Gadaha purnaa (53),160.5,99.154327750206,0,17,0,563,0,1128,0,580,47888,46.93329480229592,50176,0.0,0.0,117.34594228316327
Gadaha purnaa (54),4.0,8.828427076339722,0,8,0,566,0,1334,0,564,47704,49.64205994897959,50176,0.0,0.0,119.83109454719387
Gadaha purnaa (55),0.0,4.0,0,30,0,1276,0,2900,0,1382,44588,105.1742865114796,50176,0.0,0.0,164.36563297193877
Galgal (1),21947.5,1948.2509951591492,0,9,0,845,0,1332,0,892,47098,66.15892059948979,50176,0.0,0.0,106.10431281887755
Galgal (10),4.0,8.828427076339722,0,15,0,482,0,1927,0,695,47057,43.76205755739796,50176,0.0,0.0,221.85447225765307
Galgal (11),0.0,2.0,0,53,0,1251,0,2774,0,1443,44655,98.38458625637755,50176,0.0,0.0,167.1760403380102
Galgal (12),75.0,63.11269783973694,0,49,0,826,0,2506,0,996,45799,66.43843670280613,50176,0.0,0.0,218.8966836734694
Galgal (13),6223.0,593.5878748893738,0,18,0,881,0,2224,0,885,46168,65.10692362882654,50176,0.0,0.0,223.39943399234693
Galgal (14),0.5,3.414213538169861,0,53,0,1245,0,3083,0,1404,44391,102.11993781887755,50176,0.0,0.0,156.56967474489795
Galgal (15),0.0,4.0,0,60,0,732,0,2287,0,997,46100,65.92514349489795,50176,0.0,0.0,191.97674186862244
Galgal (16),1.5,5.414213538169861,1,42,0,498,0,1388,0,657,47590,40.02670599489796,50176,0.0,0.0,111.9334941007653
Galgal (17),65.0,65.11269783973694,0,29,0,849,0,2481,0,1018,45799,65.74726961096938,50176,0.0,0.0,219.12537866709184
Galgal (18),1.0,4.0,0,12,0,289,0,835,0,290,48750,23.321807238520407,50176,0.0,0.0,69.76213727678571
Galgal (19),2.0,6.828427076339722,2,65,0,842,0,1532,0,784,46951,63.145228794642854,50176,0.0,0.0,41.78511639030612
Galgal (2),9.5,13.41421353816986,1,42,0,747,0,1695,0,859,46832,60.93451052295919,50176,0.0,0.0,178.99194834183675
Galgal (20),18.5,19.071067571640015,0,15,0,953,0,1748,0,950,46510,76.93807796556122,50176,0.0,0.0,148.64666374362244
Galgal (21),9.0,12.828427076339722,0,19,0,704,0,1496,0,733,47224,57.316047512755105,50176,0.0,0.0,104.20868542729592
Galgal (22),8.5,18.242640614509583,0,25,0,540,0,983,0,522,48106,43.45204878826531,50176,0.0,0.0,35.569694674744895
Galgal (23),21947.5,1948.2509951591492,0,9,0,845,0,1332,0,892,47098,66.15892059948979,50176,0.0,0.0,106.10431281887755
Galgal (24),3.5,11.41421353816986,1,21,0,630,0,1542,0,665,47317,52.086555325255105,50176,0.0,0.0,162.50049824617346
Galgal (25),8.5,12.242640614509583,1,36,0,958,0,1858,0,987,46336,75.77427455357143,50176,0.0,0.0,106.2059550382653
Galgal (26),2.0,6.828427076339722,2,65,0,842,0,1532,0,784,46951,63.145228794642854,50176,0.0,0.0,41.78511639030612
Galgal (27),18.5,19.071067571640015,0,15,0,953,0,1748,0,950,46510,76.93807796556122,50176,0.0,0.0,148.64666374362244
Galgal (28),9.0,12.828427076339722,0,19,0,704,0,1496,0,733,47224,57.316047512755105,50176,0.0,0.0,104.20868542729592
Galgal (29),8.5,18.242640614509583,0,25,0,540,0,983,0,522,48106,43.45204878826531,50176,0.0,0.0,35.569694674744895
Galgal (3),2.0,6.0,0,10,0,384,0,785,0,323,48674,31.326132015306122,50176,0.0,0.0,34.47704081632653
Galgal (30),2.5,7.414213538169861,0,37,0,1120,0,2686,0,1303,45030,83.45842633928571,50176,0.0,0.0,210.56710379464286
Galgal (31),0.0,2.0,0,78,0,1683,0,3849,0,1901,42665,123.94760443239795,50176,0.0,0.0,186.5592115752551
Galgal (32),736.0,133.1126984357834,0,16,0,780,0,2455,0,929,45996,63.23162468112245,50176,0.0,0.0,221.74266581632654
Galgal (33),47.0,33.3137081861496,0,27,0,692,0,1230,0,637,47590,54.98335857780612,50176,0.0,0.0,88.16446109693878
Galgal (34),28.0,21.656854152679443,0,49,0,1289,0,2585,0,1271,44982,95.38614078443878,50176,0.0,0.0,117.32053172831633
Galgal (35),1.5,5.414213538169861,0,13,0,461,0,1037,0,479,48186,35.53411989795919,50176,0.0,0.0,118.68253746811224
Galgal (4),3.5,11.41421353816986,1,21,0,630,0,1542,0,665,47317,52.086555325255105,50176,0.0,0.0,162.50049824617346
Galgal (5),1.0,4.0,0,75,0,1256,0,2248,0,1258,45339,88.67775430484694,50176,0.0,0.0,63.76016422193877
Galgal (6),3.5,7.414213538169861,0,22,0,523,0,1700,0,550,47381,39.60997289540816,50176,0.0,0.0,231.37834821428572
Galgal (7),9.0,13.656854152679443,1,32,0,771,0,1185,0,713,47474,57.59048150510204,50176,0.0,0.0,60.59909119897959
Galgal (8),3.5,10.242640614509583,0,46,0,1187,0,2666,0,1340,44937,84.05303332270408,50176,0.0,0.0,210.31299824617346
Galgal (9),183.0,67.79898965358734,0,15,0,1012,0,2433,0,1126,45590,74.52407525510205,50176,0.0,0.0,223.89239875637756
Gandamgund (1),3.0,8.0,0,61,0,1226,0,2425,0,1266,45198,97.89162149234694,50176,0.0,0.0,149.72915338010205
Gandamgund (10),0.0,2.0,0,34,0,730,0,2852,0,1023,45537,78.84895169005102,50176,0.0,0.0,198.16167091836735
Gandamgund (11),0.0,2.0,1,67,0,1354,0,2481,0,1372,44901,109.05193718112245,50176,0.0,0.0,114.66258769132654
Gandamgund (12),74.0,37.31370806694031,0,17,0,748,0,1713,0,778,46920,63.216378348214285,50176,0.0,0.0,109.97179926658163
Gandamgund (13),13.0,14.828427076339722,0,4,0,274,0,838,0,278,48782,31.234654017857142,50176,0.0,0.0,28.063416772959183
Gandamgund (14),264.5,86.52691125869751,0,59,0,1111,0,2269,0,1192,45545,89.61286272321429,50176,0.0,0.0,110.6070631377551
Gandamgund (15),54.5,38.72792172431946,0,14,0,376,0,773,0,341,48672,30.792510363520407,50176,0.0,0.0,28.038006218112244
Gandamgund (16),2.0,6.0,0,56,0,1214,0,2418,0,1237,45251,95.4623724489796,50176,0.0,0.0,71.12922512755102
Gandamgund (17),8.0,12.828427076339722,0,45,0,1401,0,2819,0,1431,44480,112.46203364158163,50176,0.0,0.0,100.16840720663265
Gandamgund (18),0.5,3.414213538169861,0,24,0,865,0,2085,0,1013,46189,78.61517458545919,50176,0.0,0.0,149.2463528380102
Gandamgund (19),5.0,12.828427076339722,0,35,0,1003,0,2072,0,1048,46018,81.48656728316327,50176,0.0,0.0,110.66296635841837
Gandamgund (2),49729.0,892.0,0,5,0,79,0,1659,0,79,48354,22.50358737244898,50176,0.0,0.0,39.935227997448976
Gandamgund (20),64.5,41.899494767189026,0,30,0,662,0,1418,0,664,47402,56.314871651785715,50176,0.0,0.0,47.57364078443877
Gandamgund (21),64.5,41.899494767189026,0,30,0,662,0,1418,0,664,47402,56.314871651785715,50176,0.0,0.0,47.57364078443877
Gandamgund (22),18.0,18.0,0,27,0,725,0,1584,0,673,47167,56.47241709183673,50176,0.0,0.0,69.71131616709184
Gandamgund (23),33.0,24.485281229019165,0,19,0,745,0,1477,0,749,47186,62.352419483418366,50176,0.0,0.0,74.93572624362245
Gandamgund (24),2.5,10.242640614509583,0,21,0,898,0,1661,0,928,46668,71.19529257015306,50176,0.0,0.0,131.9875039859694
Gandamgund (25),4.0,10.828427076339722,0,25,0,967,0,1906,0,1042,46236,76.64331552933673,50176,0.0,0.0,114.10863759566327
Gandamgund (26),4.0,8.828427076339722,0,13,0,644,0,1668,0,737,47114,55.77108577806123,50176,0.0,0.0,153.40860172193877
Gandamgund (27),18.0,18.485281229019165,0,15,0,745,0,1541,0,769,47106,62.01191804846939,50176,0.0,0.0,86.8227838010204
Gandamgund (28),0.0,2.0,1,38,0,862,0,1983,0,1053,46239,72.75041852678571,50176,0.0,0.0,148.89568718112244
Gandamgund (29),10.5,18.242640614509583,0,46,0,1304,0,2729,0,1465,44632,105.47921316964286,50176,0.0,0.0,151.1572265625
Gandamgund (3),4.0,8.0,0,27,0,971,0,2173,0,1049,45956,89.01825573979592,50176,0.0,0.0,139.02114556760205
Gandamgund (30),26727.0,1853.3178828954697,0,8,0,479,0,1704,0,541,47444,45.39849728954081,50176,0.0,0.0,136.00237165178572
Gandamgund (31),121.0,53.79898941516876,0,43,0,962,0,2235,0,1050,45886,84.31222098214286,50176,0.0,0.0,117.64070471938776
Gandamgund (32),121.0,53.79898941516876,0,43,0,962,0,2235,0,1050,45886,84.31222098214286,50176,0.0,0.0,117.64070471938776
Gandamgund (33),49729.0,892.0,0,5,0,79,0,1659,0,79,48354,22.50358737244898,50176,0.0,0.0,39.935227997448976
Gandamgund (34),2.5,7.414213538169861,1,37,0,1211,0,2216,0,1175,45536,93.49051339285714,50176,0.0,0.0,120.05470742984694
Gandamgund (35),8.5,12.242640614509583,0,23,0,932,0,1933,0,980,46308,78.96584024234694,50176,0.0,0.0,83.6312181122449
Gandamgund (4),2.5,7.414213538169861,1,37,0,1211,0,2216,0,1175,45536,93.49051339285714,50176,0.0,0.0,120.05470742984694
Gandamgund (5),8.5,12.242640614509583,0,23,0,932,0,1933,0,980,46308,78.96584024234694,50176,0.0,0.0,83.6312181122449
Gandamgund (6),3.0,8.0,0,61,0,1226,0,2425,0,1266,45198,97.89162149234694,50176,0.0,0.0,149.72915338010205
Gandamgund (7),154.0,55.65685415267944,0,25,0,897,0,1991,0,902,46361,74.21914859693878,50176,0.0,0.0,97.19029017857143
Gandamgund (8),51.0,39.65685415267944,1,32,0,937,0,1976,0,967,46263,75.88099888392857,50176,0.0,0.0,151.30460778061226
Gandamgund (9),4.0,8.828427076339722,0,18,0,638,0,1560,0,719,47241,58.14951371173469,50176,0.0,0.0,127.2509765625
Ginger (1),39427.0,1483.8376585245132,0,1,0,272,0,1098,0,269,48536,18.026247608418366,50176,0.0,0.0,203.86379942602042
Ginger (11),49729.0,892.0,0,0,0,210,0,1164,0,210,48592,16.31865832270408,50176,0.0,0.0,180.87741151147958
Ginger (12),38916.5,1899.359512925148,0,1,0,365,0,1380,0,362,48068,28.713926977040817,50176,0.0,0.0,202.22735969387756
Ginger (13),49729.0,892.0,0,0,0,216,0,1102,0,216,48642,14.956652582908163,50176,0.0,0.0,195.02092633928572
Ginger (14),49729.0,892.0,0,2,0,234,0,1284,0,244,48412,19.352678571428573,50176,0.0,0.0,180.2878866390306
Ginger (15),49729.0,892.0,0,2,0,239,0,1219,0,236,48480,19.261200573979593,50176,0.0,0.0,187.40284199617346
Ginger (16),49729.0,892.0,0,1,0,246,0,1171,0,246,48512,18.02116549744898,50176,0.0,0.0,163.1865832270408
Ginger (17),38617.0,1492.298550605774,0,0,0,222,0,1180,0,218,48556,18.016083386479593,50176,0.0,0.0,199.82352120535714
Ginger (18),49729.0,892.0,0,0,0,216,0,1102,0,216,48642,14.956652582908163,50176,0.0,0.0,195.02092633928572
Ginger (19),38916.5,1899.359512925148,0,1,0,365,0,1380,0,362,48068,28.713926977040817,50176,0.0,0.0,202.22735969387756
Ginger (20),49729.0,892.0,0,2,0,234,0,1284,0,244,48412,19.352678571428573,50176,0.0,0.0,180.2878866390306
Ginger (21),49729.0,892.0,0,1,0,442,0,1731,0,458,47544,40.29097576530612,50176,0.0,0.0,176.11547353316325
Ginger (22),49729.0,892.0,0,0,0,216,0,1102,0,216,48642,14.956652582908163,50176,0.0,0.0,195.02092633928572
Ginger (23),49729.0,892.0,0,0,0,225,0,1404,0,267,48280,22.722118144132654,50176,0.0,0.0,220.85837850765307
Ginger (24),49729.0,892.0,0,0,0,210,0,1164,0,210,48592,16.31865832270408,50176,0.0,0.0,180.87741151147958
Ginger (25),49729.0,892.0,0,0,0,217,0,1168,0,237,48554,16.557517538265305,50176,0.0,0.0,199.85909598214286
Ginger (26),49729.0,892.0,0,3,0,227,0,1485,0,229,48232,24.90234375,50176,0.0,0.0,190.48260124362244
Ginger (27),49729.0,892.0,0,0,0,210,0,1164,0,210,48592,16.31865832270408,50176,0.0,0.0,180.87741151147958
Ginger (28),49729.0,892.0,0,1,0,246,0,1171,0,246,48512,18.02116549744898,50176,0.0,0.0,163.1865832270408
Ginger (29),49729.0,892.0,0,0,0,210,0,1164,0,210,48592,16.31865832270408,50176,0.0,0.0,180.87741151147958
Ginger (30),49729.0,892.0,0,0,0,266,0,1208,0,266,48436,19.444156568877553,50176,0.0,0.0,187.3418566645408
Ginger (31),49729.0,892.0,0,0,0,216,0,1102,0,216,48642,14.956652582908163,50176,0.0,0.0,195.02092633928572
Ginger (32),49729.0,892.0,0,0,0,258,0,1262,0,258,48398,20.638452646683675,50176,0.0,0.0,161.34685905612244
Ginger (33),49729.0,892.0,0,0,0,222,0,1092,0,222,48640,14.997309470663266,50176,0.0,0.0,195.16830755739795
Ginger (34),49729.0,892.0,0,0,0,200,0,1114,0,200,48662,14.605986926020408,50176,0.0,0.0,200.97207828443877
Ginger (35),38916.5,1899.359512925148,0,1,0,365,0,1380,0,362,48068,28.713926977040817,50176,0.0,0.0,202.22735969387756
Ginger (36),49729.0,892.0,0,0,0,214,0,1154,0,214,48594,15.973074776785714,50176,0.0,0.0,183.70814732142858
Ginger (37),49729.0,892.0,0,1,0,442,0,1731,0,458,47544,40.29097576530612,50176,0.0,0.0,176.11547353316325
Ginger (38),49729.0,892.0,0,0,0,154,0,1100,0,154,48768,12.161491549744898,50176,0.0,0.0,209.33723294005102
Ginger (39),49729.0,892.0,0,0,0,200,0,1116,0,200,48660,14.651725924744898,50176,0.0,0.0,182.59008290816325
Ginger (40),49729.0,892.0,0,0,0,206,0,1148,0,206,48616,15.617327008928571,50176,0.0,0.0,213.8653938137755
Ginger (41),49729.0,892.0,0,0,0,310,0,1272,0,310,48284,22.183414381377553,50176,0.0,0.0,174.54001913265307
Ginger (42),49729.0,892.0,0,0,0,216,0,1102,0,216,48642,14.956652582908163,50176,0.0,0.0,195.02092633928572
Ginger (43),49729.0,892.0,0,0,0,157,0,1104,0,157,48758,12.400350765306122,50176,0.0,0.0,208.15310108418367
Ginger (44),34538.0,1444.4995621442795,0,0,0,208,0,1152,0,204,48612,16.333904655612244,50176,0.0,0.0,178.98686623086735
Guava (1),49729.0,892.0,0,0,0,249,0,1200,0,249,48478,19.052834024234695,50176,0.0,0.0,105.75364716198979
Guava (11),49729.0,892.0,0,0,0,222,0,1194,0,222,48538,17.543447066326532,50176,0.0,0.0,123.9730149872449
Guava (12),49729.0,892.0,0,0,0,226,0,1208,0,226,48516,18.229532047193878,50176,0.0,0.0,112.39088408801021
Guava (13),49729.0,892.0,0,0,0,227,0,1210,0,227,48512,18.29559948979592,50176,0.0,0.0,114.00699537627551
Guava (14),49729.0,892.0,0,1,0,214,0,1245,0,214,48502,18.539540816326532,50176,0.0,0.0,110.7747727997449
Guava (15),49729.0,892.0,0,0,0,220,0,1218,0,220,48518,18.127889827806122,50176,0.0,0.0,123.90694754464286
Guava (16),49729.0,892.0,0,0,0,227,0,1208,0,227,48514,18.188875159438776,50176,0.0,0.0,114.48471380739795
Guava (17),49729.0,892.0,0,0,0,233,0,1240,0,233,48470,19.337432238520407,50176,0.0,0.0,96.04173309948979
Guava (18),49729.0,892.0,0,0,0,217,0,1212,0,217,48530,17.853455835459183,50176,0.0,0.0,116.6649394132653
Guava (19),49729.0,892.0,0,1,0,192,0,1225,0,192,48566,17.1419602997449,50176,0.0,0.0,126.67161591198979
Guava (20),49729.0,892.0,0,0,0,227,0,1226,0,227,48496,18.686922034438776,50176,0.0,0.0,111.16609534438776
Guava (21),16974.0,1580.7249569892883,0,3,0,246,0,1227,0,244,48456,20.4605787627551,50176,0.0,0.0,90.0245137117347
Guava (22),49729.0,892.0,0,0,0,254,0,1210,0,254,48458,19.479731345663264,50176,0.0,0.0,104.34590242346938
Guava (23),49729.0,892.0,0,0,0,225,0,1194,0,225,48532,17.767059948979593,50176,0.0,0.0,128.10985331632654
Guava (24),49729.0,892.0,0,0,0,217,0,1180,0,217,48562,17.080974968112244,50176,0.0,0.0,136.2615593112245
Guava (25),49729.0,892.0,0,0,0,248,0,1186,0,248,48494,18.65134725765306,50176,0.0,0.0,112.44678730867346
Guava (26),49729.0,892.0,0,0,0,233,0,1160,0,233,48550,17.380819515306122,50176,0.0,0.0,131.28617267219389
Guava (27),49729.0,892.0,0,1,0,227,0,1175,0,227,48546,17.467215401785715,50176,0.0,0.0,126.59538424744898
Guava (28),49729.0,892.0,0,0,0,221,0,1228,0,221,48506,18.412488042091837,50176,0.0,0.0,114.06798070790816
Guava (29),49729.0,892.0,0,0,0,194,0,1258,0,194,48530,18.08723294005102,50176,0.0,0.0,111.04920679209184
Guava (30),49729.0,892.0,0,0,0,232,0,1210,0,232,48502,18.458227040816325,50176,0.0,0.0,113.75797193877551
Guava (31),49729.0,892.0,0,0,0,240,0,1192,0,240,48504,18.376913265306122,50176,0.0,0.0,122.28575414540816
Guava (32),49729.0,892.0,0,0,0,217,0,1260,0,217,48482,19.144312021683675,50176,0.0,0.0,95.15744579081633
Guava (33),49729.0,892.0,0,0,0,249,0,1200,0,249,48478,19.052834024234695,50176,0.0,0.0,105.75364716198979
Guava (34),49729.0,892.0,0,0,0,230,0,1210,0,230,48506,18.473473373724488,50176,0.0,0.0,114.08830915178571
Guava (35),49729.0,892.0,0,0,0,217,0,1180,0,217,48562,17.080974968112244,50176,0.0,0.0,136.2615593112245
Guava (36),49729.0,892.0,0,0,0,248,0,1186,0,248,48494,18.65134725765306,50176,0.0,0.0,112.44678730867346
Guava (37),49729.0,892.0,0,0,0,233,0,1160,0,233,48550,17.380819515306122,50176,0.0,0.0,131.28617267219389
Guava (38),49729.0,892.0,0,1,0,227,0,1175,0,227,48546,17.467215401785715,50176,0.0,0.0,126.59538424744898
Guava (39),49729.0,892.0,0,1,0,232,0,1221,0,232,48490,18.737743144132654,50176,0.0,0.0,119.6532206632653
Guava (40),49729.0,892.0,0,0,0,221,0,1228,0,221,48506,18.412488042091837,50176,0.0,0.0,114.06798070790816
Guava (41),49729.0,892.0,0,0,0,194,0,1258,0,194,48530,18.08723294005102,50176,0.0,0.0,111.04920679209184
Guava (42),49729.0,892.0,0,1,0,209,0,1237,0,209,48520,18.15330038265306,50176,0.0,0.0,112.1469427614796
Guava (43),49729.0,892.0,0,0,0,227,0,1236,0,227,48486,18.915617028061224,50176,0.0,0.0,99.2739556760204
Guava (44),49729.0,892.0,0,0,0,188,0,1264,0,188,48536,17.843291613520407,50176,0.0,0.0,113.45812739158163
Guggulu (1),6.5,12.242640614509583,0,32,0,1373,0,2591,0,1422,44758,107.54763233418367,50176,0.0,0.0,118.4487603635204
Guggulu (10),26.5,20.242640614509583,0,28,0,1005,0,1850,0,993,46300,81.12573740433673,50176,0.0,0.0,97.99834582270408
Guggulu (11),103.0,48.485281229019165,0,5,0,294,0,774,0,267,48836,25.67482461734694,50176,0.0,0.0,47.12133290816327
Guggulu (12),12.5,14.242640614509583,1,25,0,1013,0,1805,0,1060,46272,78.32549426020408,50176,0.0,0.0,98.17113759566327
Guggulu (13),5.0,10.828427076339722,0,25,0,839,0,2209,0,873,46230,75.10343590561224,50176,0.0,0.0,167.13030133928572
Guggulu (14),0.0,0.0,3,56,0,934,0,2371,0,1093,45719,79.48421556122449,50176,0.0,0.0,110.22590481505102
Guggulu (15),17.0,18.485281229019165,0,24,0,946,0,1685,0,939,46582,75.80476721938776,50176,0.0,0.0,80.90212452168367
Guggulu (16),12.5,14.242640614509583,1,25,0,1013,0,1805,0,1060,46272,78.32549426020408,50176,0.0,0.0,98.17113759566327
Guggulu (17),2.0,6.828427076339722,0,3,0,121,0,634,0,138,49280,12.40543287627551,50176,0.0,0.0,55.85239955357143
Guggulu (18),5.0,10.828427076339722,0,25,0,839,0,2209,0,873,46230,75.10343590561224,50176,0.0,0.0,167.13030133928572
Guggulu (19),0.0,2.0,0,43,0,1417,0,2653,0,1453,44610,109.98704559948979,50176,0.0,0.0,119.4041972257653
Guggulu (2),3.0,8.0,0,49,0,645,0,1488,0,607,47387,48.29530054209184,50176,0.0,0.0,144.76901307397958
Guggulu (20),0.0,2.0,0,27,0,1112,0,1922,0,1124,45991,88.00183354591837,50176,0.0,0.0,119.97339365433673
Guggulu (21),7.0,10.828427076339722,1,19,0,1114,0,1952,0,1125,45965,88.04757254464286,50176,0.0,0.0,120.81194196428571
Guggulu (22),84.0,55.31370830535889,0,23,0,833,0,1628,0,828,46864,68.30357142857143,50176,0.0,0.0,80.25669642857143
Guggulu (23),11.5,25.41421353816986,0,46,0,808,0,1289,0,699,47334,57.33637595663265,50176,0.0,0.0,43.040397799744895
Guggulu (24),30.0,22.485281109809875,1,33,0,952,0,1650,0,963,46577,74.22931281887755,50176,0.0,0.0,88.04757254464286
Guggulu (25),3.5,9.41421353816986,0,46,0,1214,0,1967,0,1183,45766,90.19222337372449,50176,0.0,0.0,95.47761878188776
Guggulu (26),88.5,53.899494767189026,1,27,0,824,0,1565,0,815,46944,66.3266302614796,50176,0.0,0.0,79.66208944515306
Guggulu (27),88.5,53.899494767189026,1,27,0,824,0,1565,0,815,46944,66.3266302614796,50176,0.0,0.0,79.66208944515306
Guggulu (28),88.5,53.899494767189026,1,27,0,824,0,1565,0,815,46944,66.3266302614796,50176,0.0,0.0,79.66208944515306
Guggulu (29),2.0,6.828427076339722,0,36,0,1099,0,2197,0,1139,45705,87.89002710459184,50176,0.0,0.0,95.24384167729592
Guggulu (3),103.0,48.485281229019165,0,5,0,294,0,774,0,267,48836,25.67482461734694,50176,0.0,0.0,47.12133290816327
Guggulu (30),7.0,18.82842707633972,2,42,0,820,0,1353,0,725,47234,59.308235012755105,50176,0.0,0.0,44.63618064413265
Guggulu (31),1.0,4.828427076339722,0,30,0,534,0,863,0,479,48270,39.83866788903061,50176,0.0,0.0,25.415636957908163
Guggulu (32),4.0,8.0,0,27,0,1060,0,1973,0,1082,46034,87.12771045918367,50176,0.0,0.0,121.50310905612245
Guggulu (33),2.5,7.414213538169861,2,46,0,1044,0,1899,0,1049,46136,84.14451132015306,50176,0.0,0.0,85.17617984693878
Guggulu (34),26.5,20.242640614509583,0,28,0,1005,0,1850,0,993,46300,81.12573740433673,50176,0.0,0.0,97.99834582270408
Guggulu (35),9.5,13.41421353816986,1,33,0,978,0,1748,0,952,46464,78.30008370535714,50176,0.0,0.0,91.89981265943878
Guggulu (4),7.5,11.41421353816986,0,41,0,1214,0,2648,0,1399,44874,100.11758609693878,50176,0.0,0.0,121.58950494260205
Guggulu (5),23.0,19.656854152679443,0,28,0,1418,0,2477,0,1461,44792,111.73020966198979,50176,0.0,0.0,110.63247369260205
Guggulu (6),2.0,6.828427076339722,0,36,0,1099,0,2197,0,1139,45705,87.89002710459184,50176,0.0,0.0,95.24384167729592
Guggulu (7),7.0,18.82842707633972,2,42,0,820,0,1353,0,725,47234,59.308235012755105,50176,0.0,0.0,44.63618064413265
Guggulu (8),4.0,8.0,0,27,0,1060,0,1973,0,1082,46034,87.12771045918367,50176,0.0,0.0,121.50310905612245
Guggulu (9),2.5,7.414213538169861,2,46,0,1044,0,1899,0,1049,46136,84.14451132015306,50176,0.0,0.0,85.17617984693878
Gurmar (1),49729.0,892.0,0,1,0,217,0,1283,0,217,48458,18.681839923469386,50176,0.0,0.0,188.45483896683675
Gurmar (10),2.0,6.828427076339722,0,21,0,571,0,1205,0,537,47842,47.22805723852041,50176,0.0,0.0,77.71055883290816
Gurmar (11),37420.0,2502.503733754158,0,11,0,587,0,1872,0,608,47098,49.75386639030612,50176,0.0,0.0,192.27150430484693
Gurmar (12),0.0,2.0,0,23,0,1013,0,1991,0,1043,46106,81.71526227678571,50176,0.0,0.0,130.87452168367346
Gurmar (13),3.5,7.414213538169861,0,17,0,803,0,1882,0,850,46624,65.51857461734694,50176,0.0,0.0,129.60399394132654
Gurmar (32),49715.5,891.4142135381699,0,3,0,210,0,1333,0,224,48406,19.733836894132654,50176,0.0,0.0,199.2594068877551
Gurmar (33),49729.0,892.0,0,5,0,181,0,1182,0,183,48625,15.713887117346939,50176,0.0,0.0,202.65425701530611
Gurmar (34),49729.0,892.0,0,1,0,269,0,1265,0,273,48368,22.34604193239796,50176,0.0,0.0,122.11804448341837
Gurmar (35),49729.0,892.0,0,1,0,228,0,1292,0,233,48422,20.719766422193878,50176,0.0,0.0,190.3707948022959
Gurmar (36),6187.5,847.4528785943985,0,12,0,724,0,1890,0,738,46812,63.94312021683673,50176,0.0,0.0,117.56955516581633
Gurmar (37),1284.0,218.50966584682465,0,5,0,590,0,1555,0,632,47394,49.204998405612244,50176,0.0,0.0,132.3635801977041
Gurmar (38),6.0,10.828427076339722,0,38,0,1116,0,2162,0,1158,45702,88.9420240752551,50176,0.0,0.0,146.70529735331633
Gurmar (39),4494.5,490.72792184352875,0,0,0,53,0,996,0,37,49090,13.457429846938776,50176,0.0,0.0,52.152622767857146
Gurmar (40),39.5,29.071067690849304,0,32,0,1088,0,1921,0,1146,45989,86.01472815688776,50176,0.0,0.0,155.41603555484693
Gurmar (41),2.0,6.828427076339722,0,21,0,571,0,1205,0,537,47842,47.22805723852041,50176,0.0,0.0,77.71055883290816
Gurmar (42),3.0,8.0,0,16,0,522,0,1354,0,514,47770,50.521265146683675,50176,0.0,0.0,76.47560586734694
Gurmar (43),37420.0,2502.503733754158,0,11,0,587,0,1872,0,608,47098,49.75386639030612,50176,0.0,0.0,192.27150430484693
Gurmar (44),0.0,2.0,0,23,0,1013,0,1991,0,1043,46106,81.71526227678571,50176,0.0,0.0,130.87452168367346
Gurmar (45),112.5,55.55634891986847,0,13,0,341,0,684,0,317,48821,27.514548788265305,50176,0.0,0.0,44.06698421556123
Gurmar (46),139.0,64.97056233882904,0,20,0,1043,0,1871,0,1029,46213,83.68203922193878,50176,0.0,0.0,115.02849968112245
Gurmar (47),49729.0,892.0,0,10,0,313,0,1371,0,348,48134,24.170519770408163,50176,0.0,0.0,210.57726801658163
Gurmar (48),49729.0,892.0,0,3,0,186,0,1174,0,188,48625,15.673230229591837,50176,0.0,0.0,202.89819834183675
Gurmar (49),49699.0,890.8284270763397,0,3,0,211,0,1319,0,231,48412,19.484813456632654,50176,0.0,0.0,199.93532764668367
Gurmar (5),55.0,51.65685415267944,0,9,0,710,0,1235,0,694,47528,58.78477758290816,50176,0.0,0.0,66.23007015306122
Gurmar (50),8018.5,529.9482645988464,0,7,0,530,0,1272,0,551,47816,46.95362324617347,50176,0.0,0.0,143.7271803252551
Gurmar (51),49729.0,892.0,0,1,0,217,0,1283,0,217,48458,18.681839923469386,50176,0.0,0.0,188.45483896683675
Gurmar (52),49729.0,892.0,0,3,0,185,0,1176,0,187,48625,15.673230229591837,50176,0.0,0.0,202.89311623086735
Gurmar (53),49729.0,892.0,0,1,0,269,0,1265,0,273,48368,22.34604193239796,50176,0.0,0.0,122.11804448341837
Gurmar (54),49729.0,892.0,0,1,0,217,0,1247,0,217,48494,17.192781409438776,50176,0.0,0.0,193.17103794642858
Gurmar (55),49729.0,892.0,0,7,0,215,0,1195,0,215,48544,16.948840082908163,50176,0.0,0.0,211.48188376913265
Gurmar (56),18.0,18.0,0,26,0,939,0,1634,0,975,46602,73.54322783801021,50176,0.0,0.0,145.1349250637755
Gurmar (6),18.0,18.0,0,26,0,939,0,1634,0,975,46602,73.54322783801021,50176,0.0,0.0,145.1349250637755
Gurmar (7),55.0,51.65685415267944,0,9,0,710,0,1235,0,694,47528,58.78477758290816,50176,0.0,0.0,66.23007015306122
Gurmar (8),6187.5,847.4528785943985,0,12,0,724,0,1890,0,738,46812,63.94312021683673,50176,0.0,0.0,117.56955516581633
Gurmar (9),4494.5,490.72792184352875,0,0,0,53,0,996,0,37,49090,13.457429846938776,50176,0.0,0.0,52.152622767857146
Haritaki (1),2539.0,264.8528119325638,0,10,0,490,0,1291,0,511,47874,39.10176179846939,50176,0.0,0.0,164.46219308035714
Haritaki (10),49729.0,892.0,0,2,0,312,0,1226,0,316,48320,22.462930484693878,50176,0.0,0.0,166.48487324617346
Haritaki (11),49729.0,892.0,0,2,0,207,0,1166,0,207,48594,16.7252272002551,50176,0.0,0.0,168.81248007015307
Haritaki (12),49729.0,892.0,0,0,0,329,0,1536,0,341,47970,30.482501594387756,50176,0.0,0.0,166.02748325892858
Haritaki (13),27797.0,1294.1219269037247,0,4,0,302,0,980,0,308,48582,32.830436862244895,50176,0.0,0.0,142.47698102678572
Haritaki (14),49729.0,892.0,0,0,0,266,0,1248,0,266,48396,20.856983418367346,50176,0.0,0.0,113.5140306122449
Haritaki (15),49729.0,892.0,0,0,0,202,0,1206,0,246,48522,17.304587850765305,50176,0.0,0.0,183.62175143494898
Haritaki (16),2789.5,295.2964632511139,0,32,0,835,0,1978,0,815,46516,74.25980548469387,50176,0.0,0.0,93.48034917091837
Haritaki (17),2783.5,296.1248902082443,0,31,0,852,0,1959,0,828,46506,74.35636559311224,50176,0.0,0.0,93.48543128188776
Haritaki (18),0.0,0.0,1,6,0,536,0,1564,0,572,47497,46.80115991709184,50176,0.0,0.0,177.60453204719389
Haritaki (19),27797.0,1294.1219269037247,0,4,0,302,0,980,0,308,48582,32.830436862244895,50176,0.0,0.0,142.47698102678572
Haritaki (2),37343.5,1268.884337902069,0,6,0,419,0,1291,0,432,48028,35.49346301020408,50176,0.0,0.0,181.35004783163265
Haritaki (20),5114.5,360.61017167568207,0,5,0,335,0,1642,0,328,47866,35.10214046556123,50176,0.0,0.0,201.3430723852041
Haritaki (21),0.0,2.0,1,29,0,746,0,1854,0,761,46785,69.07097018494898,50176,0.0,0.0,122.05705915178571
Haritaki (22),618.0,185.88224983215332,3,24,0,835,0,1692,0,829,46793,66.41302614795919,50176,0.0,0.0,96.05697943239795
Haritaki (23),5.0,12.828427076339722,0,32,0,858,0,1450,0,842,46994,66.89074457908163,50176,0.0,0.0,81.26295440051021
Haritaki (24),56.5,54.870057106018066,0,26,0,801,0,1812,0,798,46739,67.51076211734694,50176,0.0,0.0,70.93610491071429
Haritaki (25),29.5,22.242640614509583,0,22,0,947,0,2028,0,1010,46169,80.38883131377551,50176,0.0,0.0,125.49764827806122
Haritaki (26),49729.0,892.0,0,0,0,263,0,1252,0,263,48398,20.816326530612244,50176,0.0,0.0,113.56993383290816
Haritaki (27),27410.5,3274.113030076027,0,48,0,1291,0,2714,0,1460,44663,107.30369100765306,50176,0.0,0.0,134.7267617984694
Haritaki (28),0.0,2.0,0,23,0,594,0,1336,0,587,47636,52.30508609693877,50176,0.0,0.0,77.12103396045919
Haritaki (29),29.5,23.071067690849304,0,15,0,735,0,1560,0,708,47158,63.394252232142854,50176,0.0,0.0,97.17504384566327
Haritaki (3),49729.0,892.0,0,1,0,26,0,1713,0,26,48410,21.903898278061224,50176,0.0,0.0,25.273337850765305
Haritaki (30),876.5,156.4680358171463,0,7,0,336,0,907,0,346,48580,27.66701211734694,50176,0.0,0.0,97.00225207270408
Haritaki (31),7.5,12.242640614509583,0,15,0,462,0,845,0,448,48406,35.91527822066327,50176,0.0,0.0,44.44306042729592
Haritaki (32),0.0,0.0,1,27,0,626,0,1362,0,609,47551,54.327766262755105,50176,0.0,0.0,57.71753427933673
Haritaki (33),106.0,52.97056233882904,0,8,0,347,0,705,0,326,48790,24.322983099489797,50176,0.0,0.0,58.28164859693877
Haritaki (34),2789.5,295.2964632511139,0,32,0,835,0,1978,0,815,46516,74.25980548469387,50176,0.0,0.0,93.48034917091837
Haritaki (35),49729.0,892.0,0,0,0,14,0,1726,0,14,48422,21.7056959502551,50176,0.0,0.0,24.71938775510204
Haritaki (4),354.0,86.14213514328003,0,11,0,386,0,918,0,375,48486,30.182657047193878,50176,0.0,0.0,45.296855070153065
Haritaki (5),2789.5,295.2964632511139,0,32,0,835,0,1978,0,815,46516,74.25980548469387,50176,0.0,0.0,93.48034917091837
Haritaki (6),354.0,86.14213514328003,0,11,0,386,0,918,0,375,48486,30.182657047193878,50176,0.0,0.0,45.296855070153065
Haritaki (7),0.0,0.0,2,28,0,484,0,973,0,429,48260,36.08806999362245,50176,0.0,0.0,45.45948262117347
Haritaki (8),6.0,14.828427076339722,0,28,0,830,0,1397,0,781,47140,63.475566007653065,50176,0.0,0.0,78.43730070153062
Haritaki (9),49729.0,892.0,0,4,0,281,0,1231,0,310,48350,20.465660873724488,50176,0.0,0.0,148.73814174107142
Hibiscus (1),49729.0,892.0,0,2,0,193,0,1134,0,193,48654,14.453523596938776,50176,0.0,0.0,191.15343989158163
Hibiscus (11),49729.0,892.0,0,0,0,159,0,1116,0,159,48742,12.522321428571429,50176,0.0,0.0,208.34622130102042
Hibiscus (12),49729.0,892.0,0,0,0,165,0,1182,0,165,48664,14.595822704081632,50176,0.0,0.0,186.5592115752551
Hibiscus (13),49729.0,892.0,0,0,0,137,0,1110,0,137,48792,11.36360012755102,50176,0.0,0.0,215.12575733418367
Hibiscus (14),49729.0,892.0,0,1,0,163,0,1133,0,163,48716,13.386280293367347,50176,0.0,0.0,208.92049984056123
Hibiscus (15),49729.0,892.0,0,0,0,151,0,1138,0,151,48736,12.72052375637755,50176,0.0,0.0,206.99946189413265
Hibiscus (16),49729.0,892.0,0,1,0,197,0,1163,0,197,48618,15.820611447704081,50176,0.0,0.0,182.87468112244898
Hibiscus (17),49729.0,892.0,0,1,0,213,0,1095,0,213,48654,14.621233258928571,50176,0.0,0.0,186.03575414540816
Hibiscus (18),49729.0,892.0,0,1,0,178,0,1145,0,178,48674,14.814353475765307,50176,0.0,0.0,192.88643973214286
Hibiscus (19),49729.0,892.0,0,0,0,212,0,1148,0,212,48604,15.683394451530612,50176,0.0,0.0,173.50326849489795
Hibiscus (20),49729.0,892.0,0,1,0,214,0,1133,0,214,48614,15.617327008928571,50176,0.0,0.0,178.27028858418367
Hibiscus (21),49729.0,892.0,0,2,0,214,0,1192,0,214,48554,17.096221301020407,50176,0.0,0.0,156.7526307397959
Hibiscus (22),49729.0,892.0,0,2,0,220,0,1172,0,220,48562,16.735391422193878,50176,0.0,0.0,162.2413105867347
Hibiscus (23),49729.0,892.0,0,1,0,213,0,1203,0,213,48546,17.213109853316325,50176,0.0,0.0,158.94810267857142
Hibiscus (24),49729.0,892.0,0,0,0,207,0,1216,0,207,48546,17.030153858418366,50176,0.0,0.0,164.0607063137755
Hibiscus (25),49729.0,892.0,0,2,0,211,0,1182,0,211,48570,17.09113919005102,50176,0.0,0.0,167.98409598214286
Hibiscus (26),49729.0,892.0,0,2,0,188,0,1188,0,188,48610,16.455875318877553,50176,0.0,0.0,167.40981744260205
Hibiscus (27),49729.0,892.0,0,1,0,225,0,1207,0,225,48518,17.579021843112244,50176,0.0,0.0,156.35622608418367
Hibiscus (28),49729.0,892.0,0,4,0,203,0,1184,0,203,48582,16.222098214285715,50176,0.0,0.0,165.13303172831633
Hibiscus (29),49729.0,892.0,0,3,0,208,0,1195,0,208,48562,16.628667091836736,50176,0.0,0.0,168.44656808035714
Hibiscus (30),49729.0,892.0,0,2,0,207,0,1224,0,207,48536,17.54852917729592,50176,0.0,0.0,152.9766222895408
Hibiscus (31),49729.0,892.0,0,4,0,205,0,1174,0,205,48588,17.004743303571427,50176,0.0,0.0,163.37462133290816
Hibiscus (32),49729.0,892.0,0,3,0,196,0,1193,0,196,48588,17.009825414540817,50176,0.0,0.0,162.33787069515307
Hibiscus (33),49729.0,892.0,0,3,0,207,0,1193,0,207,48566,17.477379623724488,50176,0.0,0.0,158.1756218112245
Hibiscus (34),49729.0,892.0,0,0,0,197,0,1178,0,197,48604,15.851104113520408,50176,0.0,0.0,167.25735411352042
Hibiscus (35),49729.0,892.0,0,1,0,168,0,1151,0,168,48688,13.919901945153061,50176,0.0,0.0,200.44862085459184
Hibiscus (36),49729.0,892.0,0,0,0,170,0,1166,0,170,48670,14.392538265306122,50176,0.0,0.0,193.29809072066325
Hibiscus (37),49729.0,892.0,0,1,0,151,0,1181,0,151,48692,13.92498405612245,50176,0.0,0.0,198.25314891581633
Hibiscus (38),49729.0,892.0,0,2,0,163,0,1172,0,163,48676,14.311224489795919,50176,0.0,0.0,188.33286830357142
Hibiscus (39),49729.0,892.0,0,0,0,146,0,1148,0,146,48736,12.822165975765307,50176,0.0,0.0,208.33605707908163
Hibiscus (40),49729.0,892.0,0,0,0,159,0,1116,0,159,48742,12.522321428571429,50176,0.0,0.0,208.34622130102042
Hibiscus (41),49729.0,892.0,0,0,0,241,0,1224,0,241,48470,18.55986926020408,50176,0.0,0.0,142.22287547831633
Hibiscus (42),49729.0,892.0,0,2,0,212,0,1192,0,212,48558,16.948840082908163,50176,0.0,0.0,151.12673389668367
Hibiscus (43),49729.0,892.0,0,1,0,187,0,1131,0,187,48670,14.794025031887756,50176,0.0,0.0,194.9040377869898
Hibiscus (44),49729.0,892.0,0,0,0,146,0,1148,0,146,48736,12.822165975765307,50176,0.0,0.0,208.33605707908163
Hijjala (1),173.0,76.6274163722992,0,21,0,985,0,1739,0,993,46438,77.18710140306122,50176,0.0,0.0,125.05550462372449
Hijjala (10),19.5,37.55634891986847,0,13,0,931,0,1479,0,967,46786,72.98419563137755,50176,0.0,0.0,121.83344626913265
Hijjala (11),0.0,2.0,1,46,0,750,0,1714,0,799,46866,61.478296396683675,50176,0.0,0.0,121.1117865114796
Hijjala (12),4.5,9.41421353816986,0,20,0,730,0,1386,0,704,47336,61.793387276785715,50176,0.0,0.0,109.49916294642857
Hijjala (13),2.5,7.414213538169861,0,4,0,116,0,281,0,95,49680,10.97735969387755,50176,0.0,0.0,14.453523596938776
Hijjala (14),5.0,8.828427076339722,0,26,0,506,0,1229,0,457,47958,42.237424266581634,50176,0.0,0.0,44.83946508290816
Hijjala (15),349.5,204.46803617477417,0,10,0,583,0,1331,0,566,47686,53.814473054846935,50176,0.0,0.0,46.44033003826531
Hijjala (16),5.0,8.828427076339722,1,22,0,771,0,1532,0,771,47079,62.74882413903061,50176,0.0,0.0,100.21922831632654
Hijjala (17),62.5,38.72792172431946,1,23,0,827,0,1657,0,761,46907,69.8891900510204,50176,0.0,0.0,93.19575095663265
Hijjala (18),185.0,95.94112467765808,1,66,0,1106,0,2314,0,1116,45573,88.42364875637755,50176,0.0,0.0,118.8705755739796
Hijjala (19),641.0,111.94112467765808,0,24,0,488,0,1193,0,476,47995,41.185427295918366,50176,0.0,0.0,62.01191804846939
Hijjala (2),218.5,76.87005710601807,2,53,0,1094,0,2343,0,1076,45608,88.87595663265306,50176,0.0,0.0,118.75876913265306
Hijjala (20),3.5,7.414213538169861,0,21,0,563,0,1364,0,614,47614,44.09239477040816,50176,0.0,0.0,167.77572943239795
Hijjala (21),2.0,6.828427076339722,1,19,0,567,0,999,0,561,48029,47.08067602040816,50176,0.0,0.0,47.80233577806123
Hijjala (22),185.0,95.94112467765808,1,66,0,1106,0,2314,0,1116,45573,88.42364875637755,50176,0.0,0.0,118.8705755739796
Hijjala (23),173.0,76.6274163722992,0,21,0,985,0,1739,0,993,46438,77.18710140306122,50176,0.0,0.0,125.05550462372449
Hijjala (24),3.0,10.828427076339722,0,44,0,523,0,1222,0,469,47918,42.989576690051024,50176,0.0,0.0,44.33633609693877
Hijjala (25),228.0,140.911687374115,0,10,0,588,0,1272,0,552,47754,52.650669642857146,50176,0.0,0.0,44.50404575892857
Hijjala (26),16.5,52.24264061450958,1,13,0,478,0,1070,0,469,48145,40.47901387117347,50176,0.0,0.0,80.98852040816327
Hijjala (27),2.0,6.0,0,24,0,694,0,1361,0,677,47420,55.41533801020408,50176,0.0,0.0,77.50219228316327
Hijjala (28),3.0,10.828427076339722,0,44,0,523,0,1222,0,469,47918,42.989576690051024,50176,0.0,0.0,44.33633609693877
Hijjala (29),0.0,2.0,0,38,0,986,0,1955,0,1029,46168,79.35716278698979,50176,0.0,0.0,102.33846859056122
Hijjala (3),3440.0,482.6274166107178,1,10,0,293,0,1069,0,304,48499,28.464903539540817,50176,0.0,0.0,47.20264668367347
Hijjala (30),936.0,223.33809328079224,0,24,0,987,0,1910,0,961,46294,78.16286670918367,50176,0.0,0.0,122.48903858418367
Hijjala (31),1.0,4.0,1,43,0,689,0,1523,0,726,47194,54.55137914540816,50176,0.0,0.0,114.96751434948979
Hijjala (32),936.0,223.33809328079224,0,24,0,987,0,1910,0,961,46294,78.16286670918367,50176,0.0,0.0,122.48903858418367
Hijjala (33),1.0,4.0,1,43,0,689,0,1523,0,726,47194,54.55137914540816,50176,0.0,0.0,114.96751434948979
Hijjala (34),3.0,10.828427076339722,0,44,0,523,0,1222,0,469,47918,42.989576690051024,50176,0.0,0.0,44.33633609693877
Hijjala (35),635.0,111.11269736289978,0,28,0,487,0,1178,0,475,48008,41.363301179846935,50176,0.0,0.0,61.76797672193877
Hijjala (36),0.0,0.0,2,67,0,904,0,1832,0,969,46402,70.04165338010205,50176,0.0,0.0,83.73286033163265
Hijjala (37),635.0,111.11269736289978,0,28,0,487,0,1178,0,475,48008,41.363301179846935,50176,0.0,0.0,61.76797672193877
Hijjala (7),34.0,26.485281229019165,0,36,0,1166,0,1936,0,1156,45882,89.11989795918367,50176,0.0,0.0,133.63919005102042
Hijjala (8),6.0,12.828427076339722,0,23,0,528,0,1220,0,477,47928,42.20693160076531,50176,0.0,0.0,43.26909279336735
Hijjala (9),11.0,16.485281109809875,0,21,0,441,0,915,0,414,48385,34.512615593112244,50176,0.0,0.0,85.92325015943878
Howa (1),49729.0,892.0,0,1,0,266,0,1131,0,264,48514,17.878866390306122,50176,0.0,0.0,136.99338329081633
Howa (11),49729.0,892.0,0,1,0,232,0,1233,0,232,48478,18.595444036989797,50176,0.0,0.0,139.63608099489795
Howa (12),49729.0,892.0,0,0,0,219,0,1116,0,219,48622,16.049306441326532,50176,0.0,0.0,176.69991629464286
Howa (13),49729.0,892.0,0,2,0,248,0,1180,0,248,48498,18.117725605867346,50176,0.0,0.0,147.77254065688774
Howa (14),49729.0,892.0,0,1,0,217,0,1191,0,217,48550,16.979332748724488,50176,0.0,0.0,163.50675621811226
Howa (15),49729.0,892.0,0,5,0,182,0,1207,0,182,48600,15.744379783163266,50176,0.0,0.0,159.15138711734693
Howa (16),49729.0,892.0,0,0,0,193,0,1130,0,193,48660,14.590740593112244,50176,0.0,0.0,194.32975924744898
Howa (17),49729.0,892.0,0,5,0,286,0,1269,0,286,48330,21.329619738520407,50176,0.0,0.0,122.72281568877551
Howa (18),49729.0,892.0,0,5,0,460,0,1530,0,461,47720,34.77688536352041,50176,0.0,0.0,165.7276387117347
Howa (19),49729.0,892.0,0,0,0,258,0,1268,0,258,48392,19.957449776785715,50176,0.0,0.0,138.86868223852042
Howa (20),49729.0,892.0,0,3,0,347,0,1428,0,348,48050,29.0950852997449,50176,0.0,0.0,113.73256138392857
Howa (21),49729.0,892.0,0,3,0,147,0,1196,0,152,48678,14.560247927295919,50176,0.0,0.0,180.7960977359694
Howa (22),49729.0,892.0,0,0,0,293,0,1340,0,301,48242,24.333147321428573,50176,0.0,0.0,182.4172911352041
Howa (23),49729.0,892.0,0,0,0,171,0,1168,0,171,48666,14.6923828125,50176,0.0,0.0,168.64477040816325
Howa (24),49729.0,892.0,0,0,0,193,0,1130,0,193,48660,14.590740593112244,50176,0.0,0.0,194.32975924744898
Howa (25),49729.0,892.0,0,2,0,337,0,1331,0,336,48170,25.959422831632654,50176,0.0,0.0,130.64582669005102
Howa (26),49729.0,892.0,0,0,0,173,0,1086,0,177,48740,12.613799426020408,50176,0.0,0.0,202.29342713647958
Howa (27),49729.0,892.0,0,0,0,293,0,1340,0,301,48242,24.333147321428573,50176,0.0,0.0,182.4172911352041
Howa (28),49729.0,892.0,0,1,0,217,0,1191,0,217,48550,16.979332748724488,50176,0.0,0.0,163.50675621811226
Howa (29),49729.0,892.0,0,0,0,269,0,1106,0,269,48532,17.528200733418366,50176,0.0,0.0,154.0133729272959
Howa (30),49729.0,892.0,0,2,0,209,0,1311,0,218,48436,19.525470344387756,50176,0.0,0.0,122.44329958545919
Howa (31),49729.0,892.0,0,0,0,184,0,1190,0,184,48618,15.795200892857142,50176,0.0,0.0,175.5564413265306
Howa (32),49729.0,892.0,0,0,0,185,0,1188,0,185,48618,15.805365114795919,50176,0.0,0.0,174.8195352359694
Howa (33),49729.0,892.0,0,2,0,248,0,1180,0,248,48498,18.117725605867346,50176,0.0,0.0,147.77254065688774
Howa (34),25238.5,1517.3107434511185,0,2,0,247,0,1166,0,241,48520,18.981684470663264,50176,0.0,0.0,131.8655333227041
Howa (35),49729.0,892.0,0,2,0,271,0,1275,0,280,48348,21.659956951530614,50176,0.0,0.0,176.33908641581633
Howa (36),49729.0,892.0,0,1,0,289,0,1275,0,295,48316,22.249481823979593,50176,0.0,0.0,138.72638313137756
Howa (37),49729.0,892.0,0,3,0,147,0,1196,0,152,48678,14.560247927295919,50176,0.0,0.0,180.7960977359694
Howa (38),49729.0,892.0,0,1,0,232,0,1233,0,232,48478,18.595444036989797,50176,0.0,0.0,139.63608099489795
Howa (39),49729.0,892.0,0,0,0,342,0,1616,0,350,47868,34.13653938137755,50176,0.0,0.0,154.87224968112244
Howa (40),49729.0,892.0,0,0,0,193,0,1130,0,193,48660,14.590740593112244,50176,0.0,0.0,194.32975924744898
Howa (41),49729.0,892.0,0,0,0,185,0,1188,0,185,48618,15.805365114795919,50176,0.0,0.0,174.8195352359694
Howa (42),49729.0,892.0,0,0,0,164,0,1114,0,164,48734,12.639209980867347,50176,0.0,0.0,214.60738201530611
Howa (43),49729.0,892.0,0,4,0,276,0,1273,0,281,48342,21.751434948979593,50176,0.0,0.0,182.48335857780611
Howa (44),49729.0,892.0,0,0,0,219,0,1116,0,219,48622,16.049306441326532,50176,0.0,0.0,176.69991629464286
Indian Beech (1),49729.0,892.0,0,0,0,252,0,1136,0,252,48536,17.451969068877553,50176,0.0,0.0,159.06499123086735
Indian Beech (11),49729.0,892.0,0,0,0,252,0,1146,0,252,48526,17.731485172193878,50176,0.0,0.0,148.5907605229592
Indian Beech (12),49729.0,892.0,0,1,0,271,0,1113,0,271,48520,17.817881058673468,50176,0.0,0.0,147.4625318877551
Indian Beech (13),49729.0,892.0,0,0,0,276,0,1142,0,276,48482,18.65134725765306,50176,0.0,0.0,140.26626275510205
Indian Beech (14),49729.0,892.0,0,0,0,256,0,1182,0,256,48482,18.803810586734695,50176,0.0,0.0,126.28537547831633
Indian Beech (15),49729.0,892.0,0,0,0,243,0,1146,0,243,48544,17.29950573979592,50176,0.0,0.0,155.7667012117347
Indian Beech (16),49729.0,892.0,0,0,0,250,0,1146,0,250,48530,17.619678730867346,50176,0.0,0.0,148.82961973852042
Indian Beech (17),49729.0,892.0,0,0,0,249,0,1132,0,249,48546,17.304587850765305,50176,0.0,0.0,152.11774553571428
Indian Beech (18),49729.0,892.0,0,0,0,276,0,1106,0,276,48518,17.83820950255102,50176,0.0,0.0,145.81592793367346
Indian Beech (19),49729.0,892.0,0,1,0,220,0,1159,0,220,48576,16.689652423469386,50176,0.0,0.0,151.2893614477041
Indian Beech (20),49729.0,892.0,0,1,0,243,0,1179,0,243,48510,18.290517378826532,50176,0.0,0.0,141.10989317602042
Indian Beech (21),49729.0,892.0,0,1,0,228,0,1123,0,228,48596,16.150948660714285,50176,0.0,0.0,167.18112244897958
Indian Beech (22),49729.0,892.0,0,0,0,270,0,1110,0,270,48526,17.538364955357142,50176,0.0,0.0,158.44497369260205
Indian Beech (23),49729.0,892.0,0,0,0,260,0,1118,0,260,48538,17.45705117984694,50176,0.0,0.0,148.00631776147958
Indian Beech (24),49729.0,892.0,0,0,0,251,0,1128,0,251,48546,17.24868463010204,50176,0.0,0.0,153.9422233737245
Indian Beech (25),49729.0,892.0,0,1,0,245,0,1173,0,245,48512,18.158382493622447,50176,0.0,0.0,138.94491390306123
Indian Beech (26),49729.0,892.0,0,2,0,251,0,1148,0,251,48524,17.899194834183675,50176,0.0,0.0,139.78854432397958
Indian Beech (27),49729.0,892.0,0,1,0,262,0,1141,0,262,48510,18.066904496173468,50176,0.0,0.0,141.04382573341837
Indian Beech (28),49729.0,892.0,0,0,0,260,0,1146,0,260,48510,18.117725605867346,50176,0.0,0.0,138.77212213010205
Indian Beech (29),49729.0,892.0,0,1,0,260,0,1144,0,261,48510,17.95509805484694,50176,0.0,0.0,138.19276147959184
Indian Beech (30),49729.0,892.0,0,0,0,227,0,1130,0,227,48592,16.247508769132654,50176,0.0,0.0,168.1365593112245
Indian Beech (31),49729.0,892.0,0,1,0,258,0,1163,0,258,48496,18.458227040816325,50176,0.0,0.0,136.6376355229592
Indian Beech (32),49729.0,892.0,0,0,0,236,0,1138,0,236,48566,16.791294642857142,50176,0.0,0.0,167.03882334183675
Indian Beech (33),49729.0,892.0,0,0,0,258,0,1130,0,258,48530,17.54852917729592,50176,0.0,0.0,158.91252790178572
Indian Beech (34),49729.0,892.0,0,0,0,246,0,1162,0,246,48522,17.899194834183675,50176,0.0,0.0,146.11069036989795
Indian Beech (35),49729.0,892.0,0,0,0,266,0,1124,0,266,48520,17.86362005739796,50176,0.0,0.0,144.02194276147958
Indian Beech (36),49729.0,892.0,0,0,0,255,0,1134,0,255,48532,17.58918606505102,50176,0.0,0.0,152.14315609056123
Indian Beech (37),49729.0,892.0,0,0,0,248,0,1170,0,248,48510,18.102479272959183,50176,0.0,0.0,142.42107780612244
Indian Beech (38),49729.0,892.0,0,0,0,262,0,1124,0,262,48528,17.660335618622447,50176,0.0,0.0,141.72482860331633
Indian Beech (39),49729.0,892.0,0,1,0,267,0,1137,0,267,48504,18.188875159438776,50176,0.0,0.0,143.04109534438774
Indian Beech (40),49729.0,892.0,0,1,0,251,0,1123,0,251,48550,17.11654974489796,50176,0.0,0.0,156.7627949617347
Indian Beech (41),49729.0,892.0,0,0,0,250,0,1152,0,250,48524,17.777224170918366,50176,0.0,0.0,137.52700494260205
Indian Beech (42),49729.0,892.0,0,0,0,275,0,1124,0,275,48502,18.158382493622447,50176,0.0,0.0,149.68341438137756
Indian Beech (43),49729.0,892.0,0,0,0,241,0,1174,0,241,48520,17.924605389030614,50176,0.0,0.0,137.26273517219389
Indian Beech (44),49729.0,892.0,0,0,0,250,0,1126,0,250,48550,17.152124521683675,50176,0.0,0.0,160.80307318239795
Isafghol (1),1018.0,161.88224947452545,0,10,0,715,0,1758,0,753,46940,63.404416454081634,50176,0.0,0.0,117.52889827806122
Isafghol (11),171.0,95.88224935531616,0,8,0,543,0,1184,0,563,47878,49.38287228954081,50176,0.0,0.0,90.75633769132654
Isafghol (12),8.5,12.242640614509583,0,32,0,1701,0,3125,0,1738,43580,128.26739875637756,50176,0.0,0.0,142.75141501913265
Isafghol (13),16.5,26.242640614509583,0,18,0,782,0,1846,0,849,46681,59.658900669642854,50176,0.0,0.0,200.5451809630102
Isafghol (14),101.0,53.31370830535889,0,11,0,590,0,914,0,569,48092,45.8203125,50176,0.0,0.0,64.11591198979592
Isafghol (15),21.0,21.656854033470154,0,14,0,907,0,1130,0,896,47229,65.59480628188776,50176,0.0,0.0,66.39269770408163
Isafghol (16),21.0,21.656854033470154,0,14,0,907,0,1130,0,896,47229,65.59480628188776,50176,0.0,0.0,66.39269770408163
Isafghol (17),3.5,7.414213538169861,0,2,0,40,0,55,0,25,50054,2.973034917091837,50176,0.0,0.0,1.1079001913265305
Isafghol (18),6224.0,1028.312831401825,0,5,0,427,0,475,0,437,48832,31.265146683673468,50176,0.0,0.0,33.475864955357146
Isafghol (19),0.0,4.0,0,6,0,4,0,24,0,0,50142,0.8588767538265306,50176,0.0,0.0,0.21344866071428573
Isafghol (20),6626.5,385.46298491954803,0,15,0,804,0,913,0,796,47648,49.85550860969388,50176,0.0,0.0,112.67040019132654
Isafghol (21),100.0,52.485281229019165,0,12,0,599,0,933,0,590,48042,46.165896045918366,50176,0.0,0.0,64.13115832270408
Isafghol (22),0.0,0.0,2,6,0,535,0,850,0,519,48264,41.8359375,50176,0.0,0.0,60.74139030612245
Isafghol (23),0.0,0.0,2,6,0,535,0,850,0,519,48264,41.8359375,50176,0.0,0.0,60.74139030612245
Isafghol (24),0.0,0.0,4,45,0,751,0,1898,0,867,46611,60.731226084183675,50176,0.0,0.0,120.98981584821429
Isafghol (25),6.0,10.828427076339722,0,25,0,836,0,1987,0,776,46552,74.7934271364796,50176,0.0,0.0,67.16009646045919
Isafghol (26),74.0,59.79898941516876,0,17,0,562,0,983,0,561,48053,47.710857780612244,50176,0.0,0.0,54.09907126913265
Isafghol (27),32.0,27.656854033470154,0,8,0,890,0,1154,0,872,47252,65.16282684948979,50176,0.0,0.0,66.65696747448979
Isafghol (28),17.0,18.82842707633972,0,20,0,970,0,2357,0,1101,45728,77.3192362882653,50176,0.0,0.0,161.3265306122449
Isafghol (29),296.5,71.21320307254791,0,11,0,931,0,1989,0,919,46326,78.38647959183673,50176,0.0,0.0,144.4386758609694
Isafghol (30),26.0,29.656854152679443,0,23,0,953,0,2047,0,1045,46108,79.76373166454081,50176,0.0,0.0,123.71382732780613
Isafghol (31),12.0,42.82842707633972,0,2,0,7,0,22,0,1,50144,0.7928093112244898,50176,0.0,0.0,0.21344866071428573
Isafghol (32),5.5,9.41421353816986,0,88,0,1680,0,3590,0,1879,42939,131.1082987882653,50176,0.0,0.0,125.76700015943878
Isafghol (33),0.0,0.0,1,16,0,257,0,417,0,208,49277,18.442980707908163,50176,0.0,0.0,8.23810188137755
Isafghol (34),238.5,66.38477563858032,0,6,0,525,0,1164,0,549,47932,49.72845583545919,50176,0.0,0.0,103.6344068877551
Isafghol (35),18.0,16.82842707633972,0,14,0,805,0,1106,0,823,47428,53.62643494897959,50176,0.0,0.0,82.24888392857143
Isafghol (36),238.5,66.38477563858032,0,6,0,525,0,1164,0,549,47932,49.72845583545919,50176,0.0,0.0,103.6344068877551
Isafghol (37),832.0,213.4558436870575,0,6,0,176,0,457,0,161,49376,15.967992665816327,50176,0.0,0.0,11.927714445153061
Isafghol (38),5.0,12.0,0,6,0,816,0,1355,0,831,47168,64.25821109693878,50176,0.0,0.0,75.58623644770408
Isafghol (39),10530.0,1975.9250903129578,0,5,0,634,0,1062,0,625,47850,50.0537109375,50176,0.0,0.0,57.864915497448976
Isafghol (40),244.5,64.3847758769989,0,8,0,926,0,1527,0,913,46802,71.55104033801021,50176,0.0,0.0,108.94013073979592
Isafghol (41),16.5,26.242640614509583,0,18,0,782,0,1846,0,849,46681,59.658900669642854,50176,0.0,0.0,200.5451809630102
Isafghol (42),8.0,11.656854152679443,0,2,0,204,0,448,0,184,49338,15.073541135204081,50176,0.0,0.0,33.343730070153065
Isafghol (43),238.5,66.38477563858032,0,6,0,525,0,1164,0,549,47932,49.72845583545919,50176,0.0,0.0,103.6344068877551
Isafghol (44),5.0,12.0,0,6,0,816,0,1355,0,831,47168,64.25821109693878,50176,0.0,0.0,75.58623644770408
Jack Fruit (1),49729.0,892.0,0,0,0,261,0,1172,0,261,48482,18.829221141581634,50176,0.0,0.0,123.19545200892857
Jack Fruit (10),49729.0,892.0,0,0,0,250,0,1140,0,250,48536,17.56377551020408,50176,0.0,0.0,141.91794882015307
Jack Fruit (11),49729.0,892.0,0,0,0,244,0,1180,0,244,48508,18.341338488520407,50176,0.0,0.0,121.15752551020408
Jack Fruit (12),49729.0,892.0,0,0,0,245,0,1188,0,245,48498,18.54462292729592,50176,0.0,0.0,119.77010921556122
Jack Fruit (13),49729.0,892.0,0,0,0,243,0,1174,0,243,48516,18.08723294005102,50176,0.0,0.0,125.11140784438776
Jack Fruit (14),49729.0,892.0,0,0,0,256,0,1182,0,256,48482,18.869878029336736,50176,0.0,0.0,116.52772241709184
Jack Fruit (15),49729.0,892.0,0,0,0,246,0,1194,0,246,48490,18.732661033163264,50176,0.0,0.0,117.87956393494898
Jack Fruit (16),49729.0,892.0,0,0,0,280,0,1266,0,272,48358,17.878866390306122,50176,0.0,0.0,130.26466836734693
Jack Fruit (17),49729.0,892.0,0,4,0,282,0,1241,0,279,48370,21.726024394132654,50176,0.0,0.0,142.79715401785714
Jack Fruit (18),49729.0,892.0,0,1,0,289,0,1258,0,286,48342,22.56965481505102,50176,0.0,0.0,116.63952885841837
Jack Fruit (19),49729.0,892.0,0,0,0,259,0,1160,0,259,48498,18.397241709183675,50176,0.0,0.0,126.28537547831633
Jack Fruit (2),49729.0,892.0,0,1,0,237,0,1282,0,234,48422,19.754165338010203,50176,0.0,0.0,128.67904974489795
Jack Fruit (20),49729.0,892.0,0,0,0,254,0,1158,0,254,48510,18.143136160714285,50176,0.0,0.0,126.05159837372449
Jack Fruit (21),49729.0,892.0,0,0,0,256,0,1130,0,256,48534,17.629842952806122,50176,0.0,0.0,135.68728077168367
Jack Fruit (22),49729.0,892.0,0,1,0,260,0,1153,0,260,48502,19.205297353316325,50176,0.0,0.0,121.83344626913265
Jack Fruit (23),49729.0,892.0,0,3,0,297,0,1270,0,296,48310,22.285056600765305,50176,0.0,0.0,132.7345742984694
Jack Fruit (24),49729.0,892.0,0,1,0,240,0,1190,0,231,48514,18.45314492984694,50176,0.0,0.0,136.19549186862244
Jack Fruit (25),49729.0,892.0,0,1,0,249,0,1129,0,249,48548,17.243602519132654,50176,0.0,0.0,142.0602479272959
Jack Fruit (26),49729.0,892.0,0,0,0,232,0,1118,0,232,48594,16.150948660714285,50176,0.0,0.0,157.16936383928572
Jack Fruit (27),49729.0,892.0,0,0,0,220,0,1158,0,220,48578,16.689652423469386,50176,0.0,0.0,142.05516581632654
Jack Fruit (28),49729.0,892.0,0,0,0,242,0,1132,0,242,48560,17.665417729591837,50176,0.0,0.0,144.02194276147958
Jack Fruit (29),49729.0,892.0,0,0,0,237,0,1126,0,237,48576,16.603256536989797,50176,0.0,0.0,149.96801259566325
Jack Fruit (3),49729.0,892.0,0,0,0,248,0,1152,0,252,48524,17.828045280612244,50176,0.0,0.0,130.63566246811226
Jack Fruit (30),49729.0,892.0,0,1,0,255,0,1163,0,255,48502,18.392159598214285,50176,0.0,0.0,125.6297831632653
Jack Fruit (31),49729.0,892.0,0,0,0,237,0,1144,0,237,48558,17.070810746173468,50176,0.0,0.0,146.61890146683675
Jack Fruit (32),49729.0,892.0,0,0,0,239,0,1114,0,239,48584,16.349150988520407,50176,0.0,0.0,157.1337890625
Jack Fruit (33),49729.0,892.0,0,0,0,243,0,1124,0,243,48566,16.730309311224488,50176,0.0,0.0,157.80970982142858
Jack Fruit (34),49729.0,892.0,0,0,0,225,0,1222,0,225,48504,18.097397161989797,50176,0.0,0.0,141.46564094387756
Jack Fruit (35),49729.0,892.0,0,0,0,232,0,1150,0,232,48562,16.994579081632654,50176,0.0,0.0,137.89291693239795
Jack Fruit (4),49729.0,892.0,0,1,0,245,0,1264,0,246,48420,20.546974649234695,50176,0.0,0.0,134.57429846938774
Jack Fruit (5),49729.0,892.0,0,0,0,247,0,1190,0,247,48492,18.575115593112244,50176,0.0,0.0,119.38386878188776
Jack Fruit (6),49729.0,892.0,0,0,0,234,0,1160,0,238,48544,17.40623007015306,50176,0.0,0.0,139.01098134566325
Jack Fruit (7),49729.0,892.0,0,0,0,253,0,1166,0,255,48502,18.285435267857142,50176,0.0,0.0,127.7896803252551
Jack Fruit (8),49729.0,892.0,0,1,0,253,0,1208,0,244,48470,17.035235969387756,50176,0.0,0.0,146.02937659438774
Jack Fruit (9),49729.0,892.0,0,0,0,254,0,1166,0,254,48502,18.366749043367346,50176,0.0,0.0,128.9890585140306
Jamun (1),39715.5,1387.5706321001053,0,0,0,213,0,1088,0,209,48666,15.37338568239796,50176,0.0,0.0,205.1495735012755
Jamun (11),37538.0,1533.3178857564926,0,1,0,348,0,1040,0,345,48442,21.029775191326532,50176,0.0,0.0,194.30943080357142
Jamun (12),49729.0,892.0,0,0,0,303,0,1138,0,303,48432,19.972696109693878,50176,0.0,0.0,178.86489556760205
Jamun (13),0.0,2.0,0,4,0,327,0,1094,0,321,48430,21.578643176020407,50176,0.0,0.0,170.2151426977041
Jamun (14),49729.0,892.0,0,0,0,235,0,1114,0,235,48592,16.156030771683675,50176,0.0,0.0,206.7301100127551
Jamun (15),49729.0,892.0,0,0,0,355,0,1042,0,353,48426,19.835479113520407,50176,0.0,0.0,200.42829241071428
Jamun (16),36432.5,1559.0752421617508,0,0,0,347,0,1070,0,343,48416,21.25847018494898,50176,0.0,0.0,188.759765625
Jamun (17),49729.0,892.0,0,0,0,308,0,1076,0,308,48484,18.51921237244898,50176,0.0,0.0,203.2082071109694
Jamun (18),35167.0,1559.033612728119,0,1,0,328,0,1094,0,325,48428,21.410933514030614,50176,0.0,0.0,182.34614158163265
Jamun (19),50.5,31.071067690849304,0,3,0,336,0,1058,0,331,48448,21.248305963010203,50176,0.0,0.0,168.89379384566325
Jamun (20),36550.0,1568.8326033353806,0,0,0,344,0,1084,0,340,48408,21.54815051020408,50176,0.0,0.0,189.3848652742347
Jamun (21),21063.5,764.4579344987869,0,1,0,353,0,1066,0,346,48410,21.629464285714285,50176,0.0,0.0,188.6835339604592
Jamun (22),16169.5,768.5168068408966,0,1,0,352,0,1056,0,345,48422,21.466836734693878,50176,0.0,0.0,188.89698262117346
Jamun (23),49729.0,892.0,0,0,0,233,0,1020,0,233,48690,13.706453284438776,50176,0.0,0.0,223.84157764668367
Jamun (24),36839.0,1562.4894567728043,0,1,0,346,0,1066,0,341,48422,21.380440848214285,50176,0.0,0.0,190.8332669005102
Jamun (25),49729.0,892.0,0,0,0,345,0,1072,0,343,48416,21.34994818239796,50176,0.0,0.0,187.3875956632653
Jamun (26),49729.0,892.0,0,0,0,252,0,1078,0,252,48594,15.993403220663266,50176,0.0,0.0,212.63552295918367
Jamun (27),49729.0,892.0,0,0,0,231,0,1044,0,231,48670,14.184171715561224,50176,0.0,0.0,220.93969228316325
Jamun (28),19232.0,762.2152910232544,0,2,0,370,0,1022,0,364,48418,21.568478954081634,50176,0.0,0.0,199.11202566964286
Jamun (29),0.0,2.0,0,4,0,263,0,1055,0,260,48594,16.882772640306122,50176,0.0,0.0,219.36423788265307
Jamun (30),32005.5,1556.9919842481613,0,1,0,311,0,1116,0,308,48440,21.156827965561224,50176,0.0,0.0,166.29175302933675
Jamun (31),41537.0,1448.1219265460968,0,0,0,294,0,1034,0,290,48558,16.806540975765305,50176,0.0,0.0,214.47524713010205
Jamun (32),49729.0,892.0,0,1,0,245,0,1035,0,243,48652,14.651725924744898,50176,0.0,0.0,218.61716757015307
Jamun (33),39783.5,1491.8204103708267,0,0,0,315,0,1048,0,311,48502,19.20021524234694,50176,0.0,0.0,205.6527024872449
Jamun (34),35589.0,1556.2051872015,0,1,0,326,0,1092,0,323,48434,21.03485730229592,50176,0.0,0.0,184.4857102997449
Jamun (35),36648.0,1562.8326021432877,0,1,0,342,0,1078,0,339,48416,21.365194515306122,50176,0.0,0.0,189.86766581632654
Jamun (36),49729.0,892.0,0,0,0,304,0,1078,0,304,48490,18.376913265306122,50176,0.0,0.0,201.05339205994898
Jamun (37),17342.5,771.3452345132828,0,1,0,326,0,1106,0,319,48424,21.50749362244898,50176,0.0,0.0,170.42350924744898
Jamun (38),49729.0,892.0,0,0,0,241,0,1018,0,241,48676,13.975805165816327,50176,0.0,0.0,224.2532286352041
Jamun (39),40476.5,1466.8498505353928,0,0,0,303,0,1040,0,299,48534,18.371831154336736,50176,0.0,0.0,209.12378427933675
Jamun (40),49729.0,892.0,0,0,0,292,0,1068,0,292,48524,17.558693399234695,50176,0.0,0.0,207.46701610331633
Jamun (41),49729.0,892.0,0,0,0,269,0,1052,0,269,48586,16.140784438775512,50176,0.0,0.0,209.94708625637756
Jamun (42),36648.0,1562.8326021432877,0,1,0,342,0,1078,0,339,48416,21.365194515306122,50176,0.0,0.0,189.86766581632654
Jamun (43),49729.0,892.0,0,0,0,304,0,1078,0,304,48490,18.376913265306122,50176,0.0,0.0,201.05339205994898
Jamun (44),17342.5,771.3452345132828,0,1,0,326,0,1106,0,319,48424,21.50749362244898,50176,0.0,0.0,170.42350924744898
Jatimisak (1),285.5,74.87005686759949,0,2,0,62,0,96,0,54,49962,4.14192044005102,50176,0.0,0.0,3.1864835778061225
Jatimisak (11),36704.0,2009.5920485258102,0,18,0,663,0,1690,0,734,47071,55.98453443877551,50176,0.0,0.0,184.97359295280611
Jatimisak (12),85.5,48.72792184352875,0,5,0,370,0,572,0,363,48866,29.953962053571427,50176,0.0,0.0,38.192063934948976
Jatimisak (13),306.0,79.94112467765808,0,0,0,66,0,105,0,59,49946,4.274055325255102,50176,0.0,0.0,3.501574457908163
Jatimisak (14),175.5,72.04162991046906,0,8,0,473,0,749,0,488,48458,37.704181281887756,50176,0.0,0.0,60.853196747448976
Jatimisak (15),8834.5,1441.834688425064,0,8,0,518,0,762,0,528,48360,40.90082908163265,50176,0.0,0.0,47.665118781887756
Jatimisak (16),151.0,63.79898917675018,0,24,0,665,0,1002,0,660,47825,51.53260522959184,50176,0.0,0.0,64.07525510204081
Jatimisak (17),151.0,63.79898917675018,0,24,0,665,0,1002,0,660,47825,51.53260522959184,50176,0.0,0.0,64.07525510204081
Jatimisak (18),306.0,79.94112467765808,0,0,0,66,0,105,0,59,49946,4.274055325255102,50176,0.0,0.0,3.501574457908163
Jatimisak (19),89.0,54.14213538169861,0,7,0,384,0,549,0,378,48858,30.035275829081634,50176,0.0,0.0,38.35469148596939
Jatimisak (20),0.0,0.0,0,0,0,0,0,0,0,0,50176,0.0,50176,0.0,0.0,0.0
Jatimisak (21),150.5,64.38477575778961,0,25,0,686,0,1060,0,688,47717,53.21986607142857,50176,0.0,0.0,63.83639588647959
Jatimisak (22),285.5,74.87005686759949,0,2,0,62,0,96,0,54,49962,4.14192044005102,50176,0.0,0.0,3.1864835778061225
Jatimisak (23),4.0,8.828427076339722,0,143,0,2315,0,4826,0,2700,40192,178.5904615752551,50176,0.0,0.0,139.72247688137756
Jatimisak (24),86.5,41.899494767189026,0,21,0,671,0,1478,0,706,47300,56.22847576530612,50176,0.0,0.0,38.66978236607143
Jatimisak (25),8986.0,1381.5676629543304,0,7,0,453,0,787,0,467,48462,39.18307557397959,50176,0.0,0.0,48.407106983418366
Jatimisak (26),60.0,43.31370830535889,0,37,0,1283,0,2162,0,1306,45388,99.74659199617346,50176,0.0,0.0,88.96743463010205
Jatimisak (27),1478.0,308.53405153751373,0,3,0,120,0,135,0,116,49802,8.690409757653061,50176,0.0,0.0,8.17203443877551
Jatimisak (28),0.0,2.0,0,44,0,1055,0,2042,0,1017,46018,86.72622369260205,50176,0.0,0.0,83.85991310586735
Jatimisak (29),52.0,32.14213514328003,1,25,0,918,0,1995,0,920,46317,74.81375558035714,50176,0.0,0.0,123.58169244260205
Jatimisak (30),20.0,19.656854152679443,0,29,0,1066,0,1864,0,1102,46115,80.93769929846938,50176,0.0,0.0,63.968530771683675
Jatimisak (31),185.5,70.04162979125977,0,1,0,447,0,727,0,459,48542,36.40316087372449,50176,0.0,0.0,61.68666294642857
Jatimisak (32),60.0,37.31370830535889,0,8,0,498,0,1216,0,474,47980,40.02670599489796,50176,0.0,0.0,108.74701052295919
Jatimisak (33),287.0,76.28427052497864,0,1,0,83,0,173,0,75,49844,6.627072704081633,50176,0.0,0.0,5.219327965561225
Jatimisak (34),1.5,5.414213538169861,0,13,0,447,0,903,0,506,48307,39.41685267857143,50176,0.0,0.0,53.138552295918366
Jatimisak (35),10.5,14.242640614509583,0,18,0,653,0,1000,0,669,47836,50.96340880102041,50176,0.0,0.0,29.628706951530614
Jatimisak (36),9680.0,714.9848421812057,0,7,0,200,0,418,0,185,49366,16.694734534438776,50176,0.0,0.0,50.79569913903061
Jatimisak (37),0.0,0.0,2,59,0,846,0,1799,0,884,46586,64.72576530612245,50176,0.0,0.0,81.4713209502551
Jatimisak (38),3.5,7.414213538169861,4,50,0,1190,0,2442,0,1339,45151,88.63201530612245,50176,0.0,0.0,76.87201052295919
Jatimisak (39),0.0,2.0,0,115,0,2016,0,3991,0,2229,41825,149.42422672193877,50176,0.0,0.0,119.31271922831633
Jatimisak (40),0.5,3.414213538169861,0,33,0,648,0,2061,0,954,46480,59.95874521683673,50176,0.0,0.0,173.95557637117346
Jatimisak (41),184.0,78.28427076339722,0,7,0,462,0,752,0,487,48468,37.72450972576531,50176,0.0,0.0,61.52911750637755
Jatimisak (42),415.0,105.94112479686737,0,2,0,28,0,68,0,24,50054,2.032844387755102,50176,0.0,0.0,2.373345822704082
Jatimisak (43),120.5,48.72792172431946,0,4,0,228,0,380,0,224,49340,18.437898596938776,50176,0.0,0.0,14.89566725127551
Jatimisak (44),6.5,15.41421353816986,0,10,0,654,0,1127,0,709,47676,52.757393973214285,50176,0.0,0.0,69.52327806122449
Jivanti  (1),8.5,19.41421353816986,0,102,0,1677,0,3410,0,1864,43123,134.25412547831633,50176,0.0,0.0,153.8507453762755
Jivanti  (10),3.5,9.41421353816986,0,22,0,1000,0,2051,0,1003,46100,83.91581632653062,50176,0.0,0.0,103.84785554846938
Jivanti  (11),3.0,6.828427076339722,0,27,0,747,0,1588,0,721,47093,60.42629942602041,50176,0.0,0.0,147.919921875
Jivanti  (12),310.5,101.21320307254791,0,16,0,662,0,1620,0,680,47198,54.03300382653061,50176,0.0,0.0,170.2151426977041
Jivanti  (13),37.0,32.485281109809875,0,57,0,1602,0,2972,0,1703,43842,118.92139668367346,50176,0.0,0.0,143.74750876913265
Jivanti  (14),0.5,3.414213538169861,0,22,0,681,0,1647,0,714,47112,56.01502710459184,50176,0.0,0.0,170.13382892219389
Jivanti  (15),16.0,15.656854152679443,1,23,0,997,0,2022,0,1018,46115,83.45842633928571,50176,0.0,0.0,122.91085379464286
Jivanti  (16),0.0,0.0,1,11,0,254,0,646,0,243,49021,19.871053890306122,50176,0.0,0.0,51.96966677295919
Jivanti  (17),71.0,62.97056245803833,0,16,0,663,0,1561,0,669,47267,53.92627949617347,50176,0.0,0.0,156.52393574617346
Jivanti  (18),2.0,6.0,0,21,0,644,0,1610,0,686,47215,53.199537627551024,50176,0.0,0.0,171.6940369897959
Jivanti  (19),2.0,6.0,0,21,0,644,0,1610,0,686,47215,53.199537627551024,50176,0.0,0.0,171.6940369897959
Jivanti  (2),0.0,2.0,0,109,0,1490,0,2822,0,1562,44193,114.3881536989796,50176,0.0,0.0,104.43738042091837
Jivanti  (20),0.0,2.0,0,18,0,660,0,1567,0,685,47246,52.53886320153061,50176,0.0,0.0,171.88715720663265
Jivanti  (21),39.0,33.31370830535889,0,11,0,662,0,1511,0,666,47326,53.189373405612244,50176,0.0,0.0,156.07162786989795
Jivanti  (22),3.5,9.41421353816986,1,59,0,1347,0,2292,0,1340,45137,100.5648118622449,50176,0.0,0.0,132.0281608737245
Jivanti  (23),5352.0,494.0,0,0,0,14,0,976,0,6,49180,11.505899234693878,50176,0.0,0.0,58.20541693239796
Jivanti  (24),4.0,10.0,0,22,0,942,0,1963,0,939,46310,80.92753507653062,50176,0.0,0.0,104.36114875637755
Jivanti  (25),305.0,103.94112467765808,0,8,0,970,0,1731,0,1067,46400,73.66519850127551,50176,0.0,0.0,170.97745934311226
Jivanti  (26),16.0,16.82842707633972,0,23,0,735,0,1594,0,845,46979,61.69174505739796,50176,0.0,0.0,128.26231664540816
Jivanti  (27),0.0,4.0,0,14,0,591,0,1314,0,603,47654,48.61039142219388,50176,0.0,0.0,114.62701291454081
Jivanti  (28),0.0,6.0,0,56,0,1440,0,3000,0,1592,44088,119.9886399872449,50176,0.0,0.0,148.40780452806123
Jivanti  (29),317.0,101.79898953437805,0,5,0,614,0,1606,0,625,47326,52.254264987244895,50176,0.0,0.0,171.05369100765307
Jivanti  (3),314.5,121.49747371673584,0,10,0,1062,0,1811,0,1181,46112,78.61009247448979,50176,0.0,0.0,170.13891103316325
Jivanti  (30),0.0,4.0,0,53,0,1113,0,2163,0,1159,45688,86.98541135204081,50176,0.0,0.0,139.951171875
Jivanti  (31),3.5,7.414213538169861,0,47,0,1239,0,2455,0,1223,45212,92.74344308035714,50176,0.0,0.0,106.64809869260205
Jivanti  (32),15542.0,1886.729130744934,0,20,0,737,0,1493,0,836,47090,61.285176179846935,50176,0.0,0.0,77.57842394770408
Jivanti  (33),22.5,18.242640614509583,0,9,0,775,0,1793,0,815,46784,67.60224011479592,50176,0.0,0.0,125.06566884566327
Jivanti  (34),19.5,21.071067690849304,0,56,0,1351,0,2304,0,1413,45052,104.87444196428571,50176,0.0,0.0,102.19108737244898
Jivanti  (35),44.5,33.071067690849304,0,58,0,1508,0,2954,0,1651,44005,117.64578683035714,50176,0.0,0.0,143.38159677933675
Jivanti  (4),310.5,101.21320307254791,0,16,0,662,0,1620,0,680,47198,54.03300382653061,50176,0.0,0.0,170.2151426977041
Jivanti  (5),38.5,34.72792184352875,0,17,0,540,0,1128,0,557,47934,48.203822544642854,50176,0.0,0.0,55.23746412627551
Jivanti  (6),16.0,15.656854152679443,0,23,0,1000,0,2032,0,1025,46096,83.7989277742347,50176,0.0,0.0,121.93000637755102
Jivanti  (7),23.0,18.82842707633972,0,8,0,789,0,1848,0,825,46706,68.63390864158163,50176,0.0,0.0,123.2259446747449
Jivanti  (8),3.5,9.41421353816986,0,22,0,1000,0,2051,0,1003,46100,83.91581632653062,50176,0.0,0.0,103.84785554846938
Jivanti  (9),3.0,6.828427076339722,0,27,0,747,0,1588,0,721,47093,60.42629942602041,50176,0.0,0.0,147.919921875
Kahava  (1),3.5,7.414213538169861,0,29,0,1064,0,2174,0,1021,45888,89.65860172193878,50176,0.0,0.0,92.15900031887755
Kahava  (10),0.0,2.0,0,43,0,1025,0,2166,0,1102,45840,84.90174585459184,50176,0.0,0.0,127.69820232780613
Kahava  (11),1.0,4.0,0,53,0,966,0,1812,0,978,46367,74.06160315688776,50176,0.0,0.0,102.11993781887755
Kahava  (12),21.0,20.82842707633972,2,25,0,598,0,1255,0,595,47701,49.2253268494898,50176,0.0,0.0,135.89564732142858
Kahava  (13),323.5,77.6984840631485,0,26,0,502,0,832,0,476,48340,36.946946747448976,50176,0.0,0.0,36.37775031887755
Kahava  (14),189.0,61.79898953437805,1,13,0,556,0,1375,0,528,47703,49.764030612244895,50176,0.0,0.0,75.97755899234694
Kahava  (15),179.5,71.6984840631485,0,30,0,708,0,1496,0,707,47235,55.740593112244895,50176,0.0,0.0,78.6050103635204
Kahava  (16),5.5,9.41421353816986,0,35,0,853,0,1874,0,840,46574,71.08348612882654,50176,0.0,0.0,109.76343271683673
Kahava  (17),0.0,2.0,1,23,0,339,0,613,0,311,48889,25.8984375,50176,0.0,0.0,22.574736926020407
Kahava  (18),0.0,2.0,1,23,0,339,0,613,0,311,48889,25.8984375,50176,0.0,0.0,22.574736926020407
Kahava  (19),6.0,12.828427076339722,0,41,0,992,0,1884,0,1017,46242,79.52995455994898,50176,0.0,0.0,104.12228954081633
Kahava  (2),8.5,12.242640614509583,0,17,0,733,0,1345,0,767,47314,56.878985969387756,50176,0.0,0.0,112.91942362882654
Kahava  (20),1.0,4.828427076339722,1,36,0,985,0,1975,0,1098,46081,79.79422433035714,50176,0.0,0.0,148.4230508609694
Kahava  (21),2.5,7.414213538169861,0,22,0,572,0,1100,0,534,47948,44.33125398596939,50176,0.0,0.0,57.11276307397959
Kahava  (22),49729.0,892.0,0,0,0,129,0,1620,0,133,48294,24.099370216836736,50176,0.0,0.0,67.0279615752551
Kahava  (23),28.0,23.313708066940308,0,31,0,718,0,1445,0,768,47214,58.60690369897959,50176,0.0,0.0,113.20910395408163
Kahava  (24),8.5,12.242640614509583,0,32,0,812,0,1782,0,800,46750,69.63508450255102,50176,0.0,0.0,72.36926020408163
Kahava  (25),3257.0,544.9360717535019,0,4,0,358,0,1350,0,350,48114,29.41017617984694,50176,0.0,0.0,122.24509725765306
Kahava  (26),8.0,13.656854152679443,1,19,0,553,0,1219,0,584,47800,48.56973453443877,50176,0.0,0.0,60.263671875
Kahava  (27),49729.0,892.0,0,2,0,405,0,1735,0,430,47604,38.390266262755105,50176,0.0,0.0,129.2380819515306
Kahava  (28),49729.0,892.0,0,1,0,411,0,1691,0,433,47640,37.7702487244898,50176,0.0,0.0,130.66615513392858
Kahava  (29),18187.5,1753.741322875023,0,31,0,724,0,1376,0,839,47206,55.54747289540816,50176,0.0,0.0,91.80833466198979
Kahava  (3),173.0,64.97056245803833,0,26,0,822,0,1959,0,816,46553,70.66675302933673,50176,0.0,0.0,121.38113839285714
Kahava  (30),49729.0,892.0,0,1,0,128,0,1615,0,132,48300,23.987563775510203,50176,0.0,0.0,67.03812579719387
Kahava  (31),0.0,0.0,1,33,0,981,0,1987,0,969,46205,79.79422433035714,50176,0.0,0.0,138.23850047831633
Kahava  (32),4.0,8.828427076339722,1,18,0,901,0,1798,0,866,46592,71.89662388392857,50176,0.0,0.0,74.99162946428571
Kahava  (33),57.0,34.485281229019165,0,9,0,607,0,1467,0,617,47476,51.014229910714285,50176,0.0,0.0,106.18054448341837
Kahava  (34),13.0,18.82842707633972,1,24,0,954,0,1838,0,966,46393,74.44784359056122,50176,0.0,0.0,122.58051658163265
Kahava  (35),63.0,48.485281229019165,1,14,0,323,0,787,0,287,48764,29.0950852997449,50176,0.0,0.0,27.98210299744898
Kahava  (4),144.0,66.28427076339722,1,19,0,785,0,1551,0,799,47021,68.49160953443878,50176,0.0,0.0,87.68674266581633
Kahava  (5),37.5,25.071067571640015,0,25,0,1175,0,2083,0,1212,45681,94.40021125637755,50176,0.0,0.0,119.67354910714286
Kahava  (6),3.5,9.41421353816986,0,24,0,342,0,751,0,303,48756,27.290935905612244,50176,0.0,0.0,23.580994897959183
Kahava  (7),0.0,2.0,0,26,0,579,0,1741,0,609,47221,57.11276307397959,50176,0.0,0.0,117.84398915816327
Kahava  (8),11579.0,708.4751772880554,0,2,0,317,0,1217,0,306,48334,25.751056281887756,50176,0.0,0.0,112.95499840561224
Kahava  (9),49729.0,892.0,0,0,0,129,0,1620,0,133,48294,24.099370216836736,50176,0.0,0.0,67.0279615752551
Kanchanara (1),41478.0,818.0,0,1,0,211,0,1093,0,211,48660,27.743243781887756,50176,0.0,0.0,135.0520169005102
Kanchanara (11),30.0,37.65685415267944,0,27,0,640,0,1224,0,652,47633,49.454021843112244,50176,0.0,0.0,156.27491230867346
Kanchanara (12),10.0,14.828427076339722,0,71,0,984,0,1918,0,1023,46180,77.10070551658163,50176,0.0,0.0,71.53071189413265
Kanchanara (13),49729.0,892.0,0,3,0,299,0,1366,0,300,48208,24.739716198979593,50176,0.0,0.0,116.90888073979592
Kanchanara (14),60.0,33.3137081861496,0,28,0,770,0,1542,0,798,47038,59.57758689413265,50176,0.0,0.0,172.60373485331633
Kanchanara (15),49729.0,892.0,0,2,0,187,0,1224,0,189,48574,16.781130420918366,50176,0.0,0.0,185.58344626913265
Kanchanara (16),49729.0,892.0,0,12,0,314,0,1365,0,331,48154,23.951988998724488,50176,0.0,0.0,147.7166374362245
Kanchanara (17),90.0,38.14213538169861,0,10,0,470,0,1237,0,457,48002,40.97197863520408,50176,0.0,0.0,166.40864158163265
Kanchanara (18),0.0,0.0,0,0,0,0,0,0,0,0,50176,0.0,50176,0.0,0.0,0.0
Kanchanara (19),523.0,119.94112467765808,0,7,0,535,0,1220,0,528,47886,43.83320711096939,50176,0.0,0.0,157.0067362882653
Kanchanara (20),49729.0,892.0,0,1,0,230,0,1216,0,235,48494,19.139229910714285,50176,0.0,0.0,160.7370057397959
Kanchanara (21),101.0,43.79898917675018,0,12,0,471,0,1215,0,460,48018,40.47901387117347,50176,0.0,0.0,166.62209024234693
Kanchanara (22),49729.0,892.0,0,3,0,299,0,1366,0,300,48208,24.739716198979593,50176,0.0,0.0,116.90888073979592
Kanchanara (23),30.0,37.65685415267944,0,22,0,621,0,1168,0,626,47739,47.31953523596939,50176,0.0,0.0,156.0106425382653
Kanchanara (24),87.0,40.97056257724762,0,12,0,477,0,1214,0,469,48004,40.72803730867347,50176,0.0,0.0,166.60684390943877
Kanchanara (25),27.0,33.3137081861496,0,69,0,1039,0,2454,0,1246,45368,83.0467753507653,50176,0.0,0.0,161.17914939413265
Kanchanara (26),49729.0,892.0,0,3,0,221,0,1218,0,226,48508,18.326092155612244,50176,0.0,0.0,160.60995296556123
Kanchanara (27),17.0,20.82842707633972,0,23,0,913,0,1776,0,914,46550,69.85869738520408,50176,0.0,0.0,150.83705357142858
Kanchanara (28),164.5,73.55634891986847,0,12,0,385,0,722,0,355,48702,27.712751116071427,50176,0.0,0.0,54.927455357142854
Kanchanara (29),0.0,0.0,1,11,0,551,0,1388,0,552,47673,46.709681919642854,50176,0.0,0.0,163.02395567602042
Kanchanara (30),97.5,40.3847758769989,0,9,0,506,0,1278,0,491,47892,43.39106345663265,50176,0.0,0.0,168.68542729591837
Kanchanara (31),0.5,3.414213538169861,1,18,0,672,0,1542,0,638,47305,54.73941725127551,50176,0.0,0.0,146.89841757015307
Kanchanara (32),15.5,25.071067690849304,0,28,0,759,0,1472,0,719,47198,56.4470065369898,50176,0.0,0.0,73.46699617346938
Kanchanara (33),29.5,37.071067690849304,3,22,0,664,0,1183,0,659,47645,48.93056441326531,50176,0.0,0.0,156.7678770727041
Kanchanara (34),49729.0,892.0,0,2,0,276,0,1270,0,280,48348,21.944555165816325,50176,0.0,0.0,90.14140226403062
Kanchanara (35),49729.0,892.0,0,1,0,306,0,1441,0,316,48112,27.057158801020407,50176,0.0,0.0,77.22775829081633
Kanchanara (36),49729.0,892.0,0,2,0,189,0,1220,0,191,48574,16.77604830994898,50176,0.0,0.0,185.59361049107142
Kanchanara (37),49729.0,892.0,0,2,0,189,0,1220,0,191,48574,16.77604830994898,50176,0.0,0.0,185.59361049107142
Kanchanara (38),12.0,16.82842707633972,0,10,0,732,0,1601,0,751,47082,60.14678332270408,50176,0.0,0.0,132.63293207908163
Kanchanara (39),59.0,39.31370830535889,0,22,0,638,0,1741,0,727,47048,54.17530293367347,50176,0.0,0.0,205.1902303890306
Kanchanara (40),36.5,40.72792184352875,0,8,0,329,0,756,0,311,48772,29.400011957908163,50176,0.0,0.0,51.019312021683675
Kanchanara (41),72.0,49.31370830535889,0,10,0,445,0,868,0,442,48411,38.22255660076531,50176,0.0,0.0,147.25924744897958
Kanchanara (42),0.0,2.0,0,15,0,565,0,1147,0,547,47902,45.8203125,50176,0.0,0.0,44.539620535714285
Kanchanara (43),991.0,129.25483334064484,1,4,0,473,0,1154,0,493,48051,37.65336017219388,50176,0.0,0.0,178.49898357780611
Kanchanara (44),27.0,33.3137081861496,0,69,0,1039,0,2454,0,1246,45368,83.0467753507653,50176,0.0,0.0,161.17914939413265
Kantiaari (1),49729.0,892.0,0,9,0,322,0,1357,0,322,48166,25.1920240752551,50176,0.0,0.0,181.09086017219389
Kantiaari (11),34.5,27.071067690849304,0,53,0,905,0,1569,0,851,46798,69.16753029336735,50176,0.0,0.0,74.2953802614796
Kantiaari (12),4.5,11.41421353816986,1,33,0,494,0,962,0,455,48231,38.629125478316325,50176,0.0,0.0,33.78079161352041
Kantiaari (13),49729.0,892.0,0,6,0,339,0,1403,0,338,48090,27.031748246173468,50176,0.0,0.0,162.74952168367346
Kantiaari (14),49729.0,892.0,0,17,0,408,0,1518,0,417,47816,33.211595184948976,50176,0.0,0.0,188.20073341836735
Kantiaari (15),88.0,52.14213538169861,0,17,0,553,0,1839,0,565,47202,48.37153220663265,50176,0.0,0.0,195.68160076530611
Kantiaari (16),49729.0,892.0,0,9,0,339,0,1529,0,397,47902,29.3441087372449,50176,0.0,0.0,185.7664022640306
Kantiaari (17),49729.0,892.0,0,10,0,252,0,1324,0,258,48332,20.506317761479593,50176,0.0,0.0,204.42283163265307
Kantiaari (18),0.0,4.0,0,16,0,403,0,1159,0,408,48190,34.05522560586735,50176,0.0,0.0,94.44595025510205
Kantiaari (19),1357.5,179.78174436092377,0,17,0,541,0,1757,0,523,47338,46.93837691326531,50176,0.0,0.0,191.748046875
Kantiaari (20),33018.0,2096.7148518562317,0,7,0,383,0,1559,0,385,47842,33.272580516581634,50176,0.0,0.0,172.5732421875
Kantiaari (21),49729.0,892.0,0,5,0,334,0,1344,0,331,48162,25.28350207270408,50176,0.0,0.0,180.89265784438774
Kantiaari (22),3.0,6.828427076339722,0,54,0,956,0,1908,0,1023,46235,78.07647082270408,50176,0.0,0.0,98.57770647321429
Kantiaari (23),1.5,9.41421353816986,0,44,0,904,0,1873,0,973,46382,75.73869977678571,50176,0.0,0.0,99.72626355229592
Kantiaari (24),0.0,0.0,1,63,0,1359,0,2909,0,1572,44272,110.24623325892857,50176,0.0,0.0,126.59538424744898
Kantiaari (25),1.0,4.0,0,50,0,1337,0,2739,0,1380,44670,108.3251953125,50176,0.0,0.0,125.56371572066327
Kantiaari (26),1.0,4.0,1,40,0,1297,0,2383,0,1382,45073,100.59530452806122,50176,0.0,0.0,103.27357700892857
Kantiaari (27),2.0,8.828427076339722,0,42,0,861,0,1361,0,825,47087,65.8641581632653,50176,0.0,0.0,78.63042091836735
Kantiaari (28),1.5,5.414213538169861,1,48,0,1163,0,2885,0,1225,44854,99.90921954719387,50176,0.0,0.0,150.7862324617347
Kantiaari (29),97.5,55.21320295333862,0,6,0,126,0,198,0,118,49728,9.188456632653061,50176,0.0,0.0,8.039899553571429
Kantiaari (30),37631.0,1789.7199047803879,0,13,0,296,0,1339,0,294,48234,24.551678093112244,50176,0.0,0.0,195.46306999362244
Kantiaari (31),51.0,32.485281109809875,1,46,0,1327,0,2759,0,1416,44627,106.80564413265306,50176,0.0,0.0,152.70218829719389
Kantiaari (32),0.0,0.0,1,83,0,1527,0,3142,0,1806,43617,118.18957270408163,50176,0.0,0.0,134.54380580357142
Kantiaari (33),0.0,2.0,0,70,0,1420,0,2818,0,1533,44335,109.43817761479592,50176,0.0,0.0,122.23493303571429
Kantiaari (34),1357.5,179.78174436092377,0,17,0,541,0,1757,0,523,47338,46.93837691326531,50176,0.0,0.0,191.748046875
Kantiaari (35),4.5,10.242640614509583,0,28,0,918,0,1872,0,953,46405,75.18474968112245,50176,0.0,0.0,95.05072146045919
Kantiaari (36),224.0,86.76955187320709,0,18,0,756,0,1411,0,757,47234,60.96500318877551,50176,0.0,0.0,89.25203284438776
Kantiaari (37),0.0,2.0,0,48,0,1208,0,2123,0,1233,45564,90.81224091198979,50176,0.0,0.0,83.97680165816327
Kantiaari (38),34.5,27.071067690849304,0,53,0,905,0,1569,0,851,46798,69.16753029336735,50176,0.0,0.0,74.2953802614796
Kantiaari (39),49729.0,892.0,0,13,0,364,0,1568,0,370,47861,32.98290019132653,50176,0.0,0.0,184.9431002869898
Kantiaari (4),4.5,10.242640614509583,0,28,0,918,0,1872,0,953,46405,75.18474968112245,50176,0.0,0.0,95.05072146045919
Kantiaari (40),49729.0,892.0,0,12,0,336,0,1424,0,329,48075,26.48796237244898,50176,0.0,0.0,177.83830915178572
Kantiaari (41),32625.5,1876.874233007431,0,17,0,327,0,1373,0,325,48134,27.224868463010203,50176,0.0,0.0,170.2049784757653
Kantiaari (42),0.5,3.414213538169861,0,35,0,426,0,1221,0,423,48071,35.06656568877551,50176,0.0,0.0,140.10363520408163
Kantiaari (43),1.5,5.414213538169861,0,53,0,1444,0,2849,0,1659,44171,110.93231823979592,50176,0.0,0.0,145.96330915178572
Kanwal (1),0.0,0.0,5,24,0,288,0,564,0,248,49047,22.915238360969386,50176,0.0,0.0,12.933972417091837
Kanwal (11),12.0,14.828427076339722,0,6,0,223,0,477,0,206,49264,19.916792889030614,50176,0.0,0.0,22.178332270408163
Kanwal (12),12.5,14.242640614509583,0,35,0,698,0,1227,0,737,47479,54.0380859375,50176,0.0,0.0,72.01859454719387
Kanwal (13),12.0,15.656854152679443,0,42,0,1061,0,2077,0,1162,45834,84.89158163265306,50176,0.0,0.0,113.19893973214286
Kanwal (14),0.0,0.0,1,4,0,9,0,8,0,3,50151,0.7369060905612245,50176,0.0,0.0,0.16770966198979592
Kanwal (15),2.5,6.2426406145095825,0,21,0,422,0,863,0,405,48465,34.77688536352041,50176,0.0,0.0,67.34813456632654
Kanwal (16),10.0,15.656854152679443,1,36,0,998,0,1752,0,1041,46348,76.06903698979592,50176,0.0,0.0,100.67153619260205
Kanwal (17),4.0,8.828427076339722,1,66,0,997,0,2445,0,983,45684,88.50496253188776,50176,0.0,0.0,126.92063934948979
Kanwal (18),0.0,8.0,0,32,0,1032,0,1659,0,1073,46380,76.59757653061224,50176,0.0,0.0,135.57547433035714
Kanwal (19),0.0,2.0,0,43,0,1043,0,1478,0,1132,46480,73.93963249362245,50176,0.0,0.0,89.4858099489796
Kanwal (20),1.0,4.828427076339722,0,69,0,782,0,1317,0,712,47296,53.331672512755105,50176,0.0,0.0,33.06929607780612
Kanwal (21),3.5,9.41421353816986,0,23,0,201,0,300,0,136,49516,14.189253826530612,50176,0.0,0.0,5.996890943877551
Kanwal (22),49.0,41.455843687057495,1,8,0,170,0,523,0,159,49315,13.294802295918368,50176,0.0,0.0,41.439532844387756
Kanwal (23),390.5,89.69848418235779,0,5,0,73,0,155,0,51,49892,5.280313297193878,50176,0.0,0.0,5.32097018494898
Kanwal (24),155.0,76.28427076339722,0,22,0,533,0,901,0,516,48204,42.95400191326531,50176,0.0,0.0,58.53575414540816
Kanwal (25),0.0,4.0,2,34,0,697,0,1176,0,715,47552,53.631517059948976,50176,0.0,0.0,69.38097895408163
Kanwal (26),1.0,4.828427076339722,0,69,0,782,0,1317,0,712,47296,53.331672512755105,50176,0.0,0.0,33.06929607780612
Kanwal (27),1.0,4.0,0,2,0,4,0,0,0,0,50170,0.25918765943877553,50176,0.0,0.0,0.03049266581632653
Kanwal (28),1.5,5.414213538169861,1,67,0,1254,0,2135,0,1211,45508,96.97684151785714,50176,0.0,0.0,99.7364277742347
Kanwal (29),1.5,5.414213538169861,0,65,0,1118,0,1502,0,1198,46293,77.5326849489796,50176,0.0,0.0,86.0757134885204
Kanwal (30),6.0,10.828427076339722,0,15,0,171,0,309,0,141,49540,13.21857063137755,50176,0.0,0.0,10.397999043367347
Kanwal (31),1.0,4.0,0,22,0,446,0,745,0,448,48515,35.73740433673469,50176,0.0,0.0,73.53306361607143
Kanwal (32),0.5,3.414213538169861,1,53,0,1074,0,1498,0,1167,46383,76.68905452806122,50176,0.0,0.0,90.20238759566327
Kanwal (33),0.0,2.0,0,49,0,850,0,1764,0,1023,46490,73.1722337372449,50176,0.0,0.0,123.71890943877551
Kanwal (34),3.0,8.0,1,17,0,536,0,782,0,498,48342,39.84375,50176,0.0,0.0,53.580695950255105
Kanwal (35),0.0,2.0,0,8,0,79,0,147,0,50,49892,6.001973054846939,50176,0.0,0.0,3.364357461734694
Kanwal (36),670.0,126.28427064418793,0,15,0,480,0,1139,0,523,48019,41.89692283163265,50176,0.0,0.0,60.70073341836735
Kanwal (37),3.0,10.828427076339722,0,8,0,235,0,715,0,232,48986,20.882393973214285,50176,0.0,0.0,115.11997767857143
Kanwal (38),9.0,12.828427076339722,1,36,0,1004,0,1662,0,1088,46385,76.22150031887755,50176,0.0,0.0,109.33653539540816
Kanwal (39),13.5,20.242640614509583,1,46,0,1059,0,2282,0,1099,45689,88.95727040816327,50176,0.0,0.0,123.30217633928571
Kanwal (40),1.0,4.0,1,80,0,1419,0,2927,0,1525,44224,111.30331234056122,50176,0.0,0.0,134.9249641262755
Kanwal (41),0.5,5.414213538169861,0,28,0,875,0,1822,0,983,46468,73.53306361607143,50176,0.0,0.0,121.0660475127551
Kanwal (42),26.0,26.485281229019165,0,41,0,980,0,2171,0,1050,45934,85.35913584183673,50176,0.0,0.0,110.88657924107143
Kanwal (43),0.0,0.0,2,18,0,852,0,1401,0,867,47036,64.60379464285714,50176,0.0,0.0,128.31821986607142
Kanwal (44),229.0,93.11269783973694,0,12,0,587,0,1281,0,624,47672,47.55839445153061,50176,0.0,0.0,179.56622688137756
Karandas (1),49729.0,892.0,0,0,0,238,0,1108,0,238,48592,16.21193399234694,50176,0.0,0.0,155.57866310586735
Karandas (11),49729.0,892.0,0,0,0,204,0,1140,0,204,48628,15.475027901785714,50176,0.0,0.0,164.29448341836735
Karandas (12),49729.0,892.0,0,0,0,202,0,1122,0,202,48650,14.880420918367347,50176,0.0,0.0,171.98879942602042
Karandas (13),49729.0,892.0,0,1,0,203,0,1153,0,203,48616,15.861268335459183,50176,0.0,0.0,158.24168925382654
Karandas (14),49729.0,892.0,0,0,0,233,0,1136,0,233,48574,16.7252272002551,50176,0.0,0.0,147.98090720663265
Karandas (15),49729.0,892.0,0,0,0,184,0,1160,0,184,48648,15.129444355867347,50176,0.0,0.0,170.77925701530611
Karandas (16),49729.0,892.0,0,0,0,241,0,1112,0,241,48582,16.440628985969386,50176,0.0,0.0,153.95746970663265
Karandas (17),49729.0,892.0,0,1,0,218,0,1133,0,218,48606,15.901925223214286,50176,0.0,0.0,162.16507892219389
Karandas (18),49729.0,892.0,0,0,0,228,0,1126,0,228,48594,16.196687659438776,50176,0.0,0.0,156.73230229591837
Karandas (19),49729.0,892.0,0,0,0,216,0,1130,0,216,48614,15.805365114795919,50176,0.0,0.0,160.0458386479592
Karandas (20),49729.0,892.0,0,0,0,219,0,1128,0,219,48610,15.89176100127551,50176,0.0,0.0,159.69009088010205
Karandas (21),49729.0,892.0,0,0,0,224,0,1146,0,224,48582,16.532106983418366,50176,0.0,0.0,151.44182477678572
Karandas (22),49729.0,892.0,0,0,0,216,0,1130,0,216,48614,15.718969228316327,50176,0.0,0.0,165.91567681760205
Karandas (23),49729.0,892.0,0,0,0,192,0,1168,0,192,48624,15.663066007653061,50176,0.0,0.0,164.99581473214286
Karandas (24),49729.0,892.0,0,0,0,207,0,1140,0,207,48622,15.683394451530612,50176,0.0,0.0,162.21081792091837
Karandas (25),49729.0,892.0,0,1,0,178,0,1177,0,178,48642,15.215840242346939,50176,0.0,0.0,169.05133928571428
Karandas (26),49729.0,892.0,0,0,0,226,0,1124,0,226,48600,16.09504544005102,50176,0.0,0.0,155.7158801020408
Karandas (27),49729.0,892.0,0,0,0,204,0,1130,0,204,48638,15.241250797193878,50176,0.0,0.0,165.25500239158163
Karandas (28),49729.0,892.0,0,0,0,188,0,1152,0,188,48648,15.022720025510203,50176,0.0,0.0,176.66434151785714
Karandas (29),49729.0,892.0,0,0,0,233,0,1136,0,233,48574,16.7252272002551,50176,0.0,0.0,147.9605787627551
Karandas (30),49729.0,892.0,0,0,0,243,0,1154,0,243,48536,17.54852917729592,50176,0.0,0.0,142.54813058035714
Karandas (31),49729.0,892.0,0,0,0,197,0,1142,0,197,48640,15.241250797193878,50176,0.0,0.0,164.24874441964286
Karandas (32),49729.0,892.0,0,0,0,209,0,1138,0,209,48620,15.602080676020408,50176,0.0,0.0,163.5677415497449
Karandas (33),49729.0,892.0,0,0,0,215,0,1152,0,215,48594,16.272919323979593,50176,0.0,0.0,154.07435825892858
Karandas (34),49729.0,892.0,0,0,0,233,0,1136,0,233,48574,16.7252272002551,50176,0.0,0.0,147.9605787627551
Karandas (35),49729.0,892.0,0,0,0,226,0,1140,0,226,48584,16.557517538265305,50176,0.0,0.0,147.28465800382654
Karandas (36),49729.0,892.0,0,1,0,203,0,1153,0,203,48616,15.861268335459183,50176,0.0,0.0,158.23660714285714
Karandas (37),49729.0,892.0,0,0,0,203,0,1122,0,203,48648,14.92107780612245,50176,0.0,0.0,171.83633609693877
Karandas (38),49729.0,892.0,0,0,0,204,0,1140,0,204,48628,15.475027901785714,50176,0.0,0.0,164.24874441964286
Karandas (39),49729.0,892.0,0,0,0,214,0,1132,0,214,48616,15.724051339285714,50176,0.0,0.0,162.52590880102042
Karandas (40),49729.0,892.0,0,0,0,226,0,1140,0,226,48584,16.557517538265305,50176,0.0,0.0,147.3761360012755
Karandas (41),49729.0,892.0,0,1,0,196,0,1139,0,196,48644,15.14469068877551,50176,0.0,0.0,168.5939492984694
Karandas (42),49729.0,892.0,0,0,0,188,0,1152,0,188,48648,15.022720025510203,50176,0.0,0.0,176.79139429209184
Karandas (43),49729.0,892.0,0,0,0,209,0,1138,0,209,48620,16.283083545918366,50176,0.0,0.0,158.98875956632654
Karandas (44),49729.0,892.0,0,0,0,211,0,1126,0,211,48628,15.475027901785714,50176,0.0,0.0,162.55640146683675
Karir (1),0.5,3.414213538169861,0,52,0,1139,0,2392,0,1194,45399,93.65314094387755,50176,0.0,0.0,96.29583864795919
Karir (11),0.0,0.0,0,0,0,0,0,0,0,0,50176,0.0,50176,0.0,0.0,0.0
Karir (12),0.5,3.414213538169861,2,92,0,1515,0,2863,0,1438,44266,112.56875797193878,50176,0.0,0.0,70.59052136479592
Karir (13),0.5,3.414213538169861,0,92,0,1110,0,2716,0,1351,44907,84.63239397321429,50176,0.0,0.0,104.56443319515306
Karir (14),0.0,0.0,0,0,0,0,0,0,0,0,50176,0.0,50176,0.0,0.0,0.0
Karir (15),21.0,23.656854152679443,0,15,0,938,0,1732,0,971,46520,71.89154177295919,50176,0.0,0.0,124.13056042729592
Karir (16),2.0,6.0,0,33,0,1107,0,1955,0,1143,45938,82.0557637117347,50176,0.0,0.0,87.51903300382654
Karir (17),4.5,10.242640614509583,2,48,0,682,0,1352,0,650,47442,51.10570790816327,50176,0.0,0.0,48.219068877551024
Karir (18),0.0,2.0,1,88,0,2055,0,3202,0,2052,42778,147.81827965561226,50176,0.0,0.0,104.37639508928571
Karir (19),939.5,328.97770261764526,0,11,0,854,0,1282,0,881,47148,65.32545440051021,50176,0.0,0.0,48.80351163903061
Karir (2),88.0,70.28427076339722,0,10,0,418,0,507,0,397,48844,30.22331393494898,50176,0.0,0.0,16.608338647959183
Karir (20),1.0,4.0,0,51,0,1500,0,2271,0,1485,44869,108.72668207908163,50176,0.0,0.0,85.49635283801021
Karir (21),32.0,33.31370830535889,0,65,0,2098,0,3805,0,2225,41983,160.40158641581633,50176,0.0,0.0,129.2889030612245
Karir (22),0.5,3.414213538169861,2,92,0,1515,0,2863,0,1438,44266,112.56875797193878,50176,0.0,0.0,70.59052136479592
Karir (23),1.0,4.0,0,37,0,951,0,2426,0,1014,45748,74.37669403698979,50176,0.0,0.0,187.74334343112244
Karir (24),0.5,3.414213538169861,2,70,0,1390,0,2496,0,1335,44883,104.07146843112245,50176,0.0,0.0,85.51668128188776
Karir (25),240.5,64.87005734443665,0,17,0,1000,0,1861,0,996,46302,75.66755022321429,50176,0.0,0.0,107.81698421556122
Karir (26),841.5,297.6639943122864,0,15,0,857,0,1557,0,899,46848,67.99864477040816,50176,0.0,0.0,77.19218351403062
Karir (27),6.5,11.41421353816986,1,94,0,1405,0,3174,0,1575,43927,105.25560028698979,50176,0.0,0.0,108.51831552933673
Karir (28),421.5,197.52185833454132,0,18,0,1062,0,1844,0,1055,46197,82.86890146683673,50176,0.0,0.0,97.97801737882654
Karir (29),3.0,6.828427076339722,1,41,0,719,0,1389,0,653,47373,53.40790417729592,50176,0.0,0.0,49.01187818877551
Karir (3),243.5,65.69848418235779,0,8,0,1021,0,1842,0,1003,46302,75.3321308992347,50176,0.0,0.0,107.79665577168367
Karir (30),2.0,6.828427076339722,1,64,0,1730,0,3680,0,1964,42737,135.5449816645408,50176,0.0,0.0,127.41868622448979
Karir (31),226.0,93.39696836471558,0,4,0,292,0,746,0,286,48848,22.539162149234695,50176,0.0,0.0,78.96584024234694
Karir (32),4.0,8.828427076339722,0,79,0,2001,0,3238,0,2017,42841,146.26315369897958,50176,0.0,0.0,108.62503985969387
Karir (33),0.0,4.0,0,44,0,921,0,1677,0,894,46640,72.24728954081633,50176,0.0,0.0,77.78679049744898
Karir (34),122.0,52.14213526248932,0,53,0,1092,0,1782,0,1173,46076,80.4752272002551,50176,0.0,0.0,87.30050223214286
Karir (35),32.0,33.31370830535889,0,66,0,2081,0,3801,0,2223,42005,159.43090322066325,50176,0.0,0.0,129.26349250637756
Karir (36),939.5,328.97770261764526,0,11,0,854,0,1282,0,881,47148,65.32545440051021,50176,0.0,0.0,48.80351163903061
Karir (4),5.5,15.41421353816986,0,65,0,2280,0,3598,0,2303,41930,165.49386160714286,50176,0.0,0.0,119.9022441007653
Karir (5),421.5,197.52185833454132,0,18,0,1062,0,1844,0,1055,46197,82.86890146683673,50176,0.0,0.0,97.97801737882654
Karir (6),762.0,297.9066342115402,0,20,0,825,0,1458,0,859,47014,64.48182397959184,50176,0.0,0.0,72.22696109693878
Karir (7),1.0,4.0,0,37,0,951,0,2426,0,1014,45748,74.37669403698979,50176,0.0,0.0,187.74334343112244
Karir (8),3.0,6.828427076339722,0,30,0,688,0,1341,0,627,47490,51.00406568877551,50176,0.0,0.0,47.83282844387755
Karir (9),226.0,93.39696836471558,0,4,0,292,0,746,0,286,48848,22.539162149234695,50176,0.0,0.0,78.96584024234694
Karkandhu (1),0.5,3.414213538169861,0,28,0,920,0,1863,0,949,46416,69.8536152742347,50176,0.0,0.0,163.0646125637755
Karkandhu (11),3.5,8.242640614509583,1,27,0,1098,0,2411,0,1231,45408,90.9799505739796,50176,0.0,0.0,163.6846301020408
Karkandhu (12),93.0,44.97056245803833,0,23,0,1069,0,1785,0,1063,46236,79.6468431122449,50176,0.0,0.0,104.5034478635204
Karkandhu (13),246.0,77.11269783973694,1,25,0,1129,0,2180,0,1230,45611,90.88847257653062,50176,0.0,0.0,124.00858976403062
Karkandhu (14),0.0,6.0,0,50,0,1308,0,2617,0,1329,44872,107.33418367346938,50176,0.0,0.0,105.9213568239796
Karkandhu (15),25.5,23.071067571640015,0,25,0,976,0,2149,0,1016,46010,81.5932916135204,50176,0.0,0.0,168.53804607780611
Karkandhu (16),1813.5,223.98275482654572,0,8,0,690,0,1617,0,711,47150,61.9255221619898,50176,0.0,0.0,147.9961535395408
Karkandhu (17),4.5,9.41421353816986,0,15,0,694,0,1346,0,734,47387,56.89931441326531,50176,0.0,0.0,83.13825334821429
Karkandhu (18),619.5,110.52691173553467,0,9,0,751,0,1465,0,817,47134,61.57485650510204,50176,0.0,0.0,124.46597975127551
Karkandhu (19),318.5,96.38477599620819,0,3,0,706,0,1462,0,729,47276,59.918088329081634,50176,0.0,0.0,146.20725047831633
Karkandhu (20),37.5,29.899494767189026,1,46,0,885,0,1927,0,897,46420,68.91342474489795,50176,0.0,0.0,128.54691485969389
Karkandhu (21),225.0,79.59797894954681,0,28,0,1102,0,2165,0,1218,45663,90.00418526785714,50176,0.0,0.0,121.91476004464286
Karkandhu (22),5.0,8.828427076339722,0,20,0,949,0,1803,0,1006,46398,69.71131616709184,50176,0.0,0.0,161.97195870535714
Karkandhu (23),35.5,25.071067690849304,0,18,0,961,0,2161,0,1032,46004,82.07101004464286,50176,0.0,0.0,160.1983019770408
Karkandhu (24),121.0,89.11269772052765,0,26,0,849,0,1952,0,865,46484,75.90640943877551,50176,0.0,0.0,86.7008131377551
Karkandhu (25),0.0,0.0,2,31,0,765,0,1325,0,745,47308,57.27030851403061,50176,0.0,0.0,54.5361328125
Karkandhu (26),620.5,110.52691197395325,0,9,0,820,0,1457,0,898,46992,63.24178890306123,50176,0.0,0.0,123.69349888392857
Karkandhu (27),3.0,8.828427076339722,0,25,0,912,0,2154,0,1029,46056,79.62143255739795,50176,0.0,0.0,151.2791972257653
Karkandhu (28),226.5,79.01219236850739,0,30,0,1087,0,2183,0,1200,45676,90.12107382015306,50176,0.0,0.0,122.02656648596938
Karkandhu (29),3.0,8.0,0,12,0,868,0,1825,0,915,46556,66.2808912627551,50176,0.0,0.0,163.91840720663265
Karkandhu (30),459.5,89.01219296455383,1,9,0,863,0,1522,0,912,46869,68.50177375637755,50176,0.0,0.0,119.84125876913265
Karkandhu (31),103.5,50.72792184352875,0,8,0,627,0,1735,0,688,47118,51.68506855867347,50176,0.0,0.0,187.10299744897958
Karkandhu (32),0.5,3.414213538169861,0,26,0,767,0,1461,0,780,47142,58.45444036989796,50176,0.0,0.0,75.12376434948979
Karkandhu (33),7.0,13.656854152679443,0,18,0,893,0,1810,0,1001,46454,72.1304009885204,50176,0.0,0.0,155.50243144132654
Karkandhu (34),459.5,89.01219296455383,1,9,0,863,0,1522,0,912,46869,68.50177375637755,50176,0.0,0.0,119.84125876913265
Karkandhu (35),3.0,8.0,0,12,0,868,0,1825,0,915,46556,66.2808912627551,50176,0.0,0.0,163.91840720663265
Karkandhu (36),103.5,50.72792184352875,0,8,0,627,0,1735,0,688,47118,51.68506855867347,50176,0.0,0.0,187.10299744897958
Karkandhu (37),3.5,7.414213538169861,0,30,0,1049,0,2186,0,1087,45824,89.65351961096938,50176,0.0,0.0,113.65124760841837
Karkandhu (38),0.5,3.414213538169861,0,26,0,767,0,1461,0,780,47142,58.45444036989796,50176,0.0,0.0,75.12376434948979
Karkandhu (39),120.5,86.52691102027893,0,20,0,767,0,1999,0,760,46630,71.63743622448979,50176,0.0,0.0,87.72739955357143
Karkandhu (40),23.5,19.071067690849304,0,9,0,661,0,1363,0,665,47478,59.14560746173469,50176,0.0,0.0,83.82433832908163
Karkandhu (41),7.0,13.656854152679443,0,18,0,893,0,1810,0,1001,46454,72.1304009885204,50176,0.0,0.0,155.50243144132654
Karkandhu (42),33.5,25.071067690849304,0,16,0,941,0,2121,0,996,46102,80.26177853954081,50176,0.0,0.0,161.21980628188774
Karkandhu (43),33.0,24.485281229019165,0,7,0,765,0,1951,0,895,46558,65.25430484693878,50176,0.0,0.0,193.5318678252551
Karkandhu (44),10.0,17.656854152679443,1,60,0,1272,0,2549,0,1291,45003,101.74894371811224,50176,0.0,0.0,113.12779017857143
Karvira (1),4.0,10.828427076339722,0,43,0,1261,0,2109,0,1228,45535,81.27311862244898,50176,0.0,0.0,135.6720344387755
Karvira (11),1.5,5.414213538169861,0,113,0,1972,0,3362,0,2192,42537,139.42771444515307,50176,0.0,0.0,104.4627909757653
Karvira (12),30.5,27.071067690849304,0,5,0,19,0,43,0,9,50100,1.6872608418367347,50176,0.0,0.0,0.6200175382653061
Karvira (13),424.5,194.6101714372635,0,21,0,928,0,2209,0,894,46124,84.99830596301021,50176,0.0,0.0,105.76889349489795
Karvira (14),1.0,4.0,0,11,0,242,0,439,0,188,49296,18.04657605229592,50176,0.0,0.0,15.276825573979592
Karvira (15),6.0,14.828427076339722,0,10,0,210,0,299,0,193,49464,14.234992825255102,50176,0.0,0.0,14.82959980867347
Karvira (16),31.5,67.1543276309967,1,5,0,53,0,40,0,22,50055,3.796336894132653,50176,0.0,0.0,1.077407525510204
Karvira (17),0.0,0.0,1,24,0,222,0,366,0,167,49396,15.66814811862245,50176,0.0,0.0,10.59620137117347
Karvira (18),1.5,5.414213538169861,0,92,0,1084,0,2056,0,1060,45884,79.33175223214286,50176,0.0,0.0,57.27030851403061
Karvira (19),82.5,61.55634880065918,1,35,0,1138,0,2207,0,1155,45640,92.98230229591837,50176,0.0,0.0,101.92681760204081
Karvira (20),0.0,0.0,1,23,0,916,0,1045,0,853,47338,63.23162468112245,50176,0.0,0.0,50.67372847576531
Karvira (21),7.0,10.828427076339722,0,53,0,1457,0,2829,0,1619,44218,113.37681361607143,50176,0.0,0.0,112.46711575255102
Karvira (22),9.0,27.313708186149597,0,65,0,1187,0,2685,0,1512,44727,96.64142219387755,50176,0.0,0.0,131.3522401147959
Karvira (23),12.5,28.242640614509583,0,33,0,677,0,1233,0,634,47599,53.509546396683675,50176,0.0,0.0,56.46733498086735
Karvira (24),44.0,51.455843567848206,0,31,0,1290,0,2130,0,1273,45452,97.06831951530613,50176,0.0,0.0,68.64915497448979
Karvira (25),1.5,5.414213538169861,0,113,0,1972,0,3362,0,2192,42537,139.42771444515307,50176,0.0,0.0,104.4627909757653
Karvira (26),1.0,4.0,0,11,0,242,0,439,0,188,49296,18.04657605229592,50176,0.0,0.0,15.276825573979592
Karvira (27),6.0,14.828427076339722,0,10,0,210,0,299,0,193,49464,14.234992825255102,50176,0.0,0.0,14.82959980867347
Karvira (28),12.5,28.242640614509583,0,33,0,677,0,1233,0,634,47599,53.509546396683675,50176,0.0,0.0,56.46733498086735
Karvira (29),9.0,12.828427076339722,0,49,0,1684,0,2907,0,1767,43769,125.94995615433673,50176,0.0,0.0,133.11573262117346
Karvira (30),104.0,56.28427076339722,0,14,0,904,0,1508,0,860,46890,66.1182637117347,50176,0.0,0.0,104.3814772002551
Karvira (31),4.5,9.41421353816986,0,29,0,1064,0,2125,0,1090,45868,84.18516820790816,50176,0.0,0.0,109.45850605867346
Karvira (32),0.0,4.0,0,46,0,1821,0,3019,0,1983,43307,137.92849170918367,50176,0.0,0.0,129.42103794642858
Karvira (33),177.0,104.97056233882904,0,12,0,902,0,1548,0,966,46748,70.87511957908163,50176,0.0,0.0,100.15824298469387
Karvira (34),8508.5,1408.8641275167465,0,36,0,1641,0,2836,0,1723,43940,119.60239955357143,50176,0.0,0.0,132.37882653061226
Karvira (35),2292.0,540.8528119325638,0,53,0,1494,0,2687,0,1543,44399,115.35375478316327,50176,0.0,0.0,98.01867426658163
Karvira (36),0.0,2.0,2,117,0,1717,0,3366,0,1923,43051,138.5383450255102,50176,0.0,0.0,121.08129384566327
Karvira (37),3.0,16.82842707633972,1,34,0,813,0,1784,0,889,46655,67.81568877551021,50176,0.0,0.0,104.98624840561224
Karvira (38),3.0,6.828427076339722,0,19,0,231,0,564,0,192,49170,22.305385044642858,50176,0.0,0.0,11.587213010204081
Karvira (39),1.0,4.0,2,109,0,1977,0,3728,0,2095,42265,145.7193678252551,50176,0.0,0.0,101.38303172831633
Karvira (40),44.0,51.455843567848206,0,31,0,1290,0,2130,0,1273,45452,97.06831951530613,50176,0.0,0.0,68.64915497448979
Karvira (41),3.5,7.414213538169861,1,41,0,578,0,1065,0,518,47973,41.02279974489796,50176,0.0,0.0,35.35116390306123
Karvira (42),1.5,5.414213538169861,1,91,0,1874,0,3800,0,1949,42461,151.12673389668367,50176,0.0,0.0,108.24388153698979
Karvira (43),16.0,26.82842707633972,0,14,0,523,0,1012,0,488,48139,45.113899075255105,50176,0.0,0.0,87.6969068877551
Karvira (44),0.0,2.0,0,40,0,912,0,1691,0,937,46596,69.21835140306122,50176,0.0,0.0,101.13909040178571
Kasni (1),7.5,14.242640614509583,0,35,0,1149,0,1896,0,1214,45882,84.57140864158163,50176,0.0,0.0,120.2783203125
Kasni (11),10.0,12.828427076339722,0,13,0,839,0,1644,0,906,46774,69.8891900510204,50176,0.0,0.0,125.7161790497449
Kasni (12),7.5,14.242640614509583,0,35,0,1149,0,1896,0,1214,45882,84.57140864158163,50176,0.0,0.0,120.2783203125
Kasni (13),1.0,4.0,0,21,0,653,0,1104,0,610,47788,52.11704799107143,50176,0.0,0.0,75.57099011479592
Kasni (14),8.0,18.82842707633972,1,13,0,464,0,793,0,482,48423,38.446169483418366,50176,0.0,0.0,67.2769850127551
Kasni (15),15.0,16.82842707633972,0,42,0,1042,0,2040,0,1046,46006,81.20705117984694,50176,0.0,0.0,63.70426100127551
Kasni (16),7.5,11.41421353816986,1,138,0,2013,0,3771,0,2245,42008,148.97191884566325,50176,0.0,0.0,122.29591836734694
Kasni (17),0.0,0.0,2,43,0,1214,0,2368,0,1301,45248,94.60857780612245,50176,0.0,0.0,129.50743383290816
Kasni (18),8.5,12.242640614509583,1,25,0,1094,0,1882,0,1165,46009,82.17265226403062,50176,0.0,0.0,119.99372209821429
Kasni (19),0.0,0.0,1,31,0,756,0,1277,0,706,47405,56.4470065369898,50176,0.0,0.0,58.733956473214285
Kasni (20),18.5,18.242640614509583,0,10,0,650,0,1519,0,629,47368,50.7194674744898,50176,0.0,0.0,165.53960060586735
Kasni (21),53.0,49.79898941516876,1,83,0,1565,0,2958,0,1766,43803,118.30137914540816,50176,0.0,0.0,102.1402662627551
Kasni (22),2.5,7.414213538169861,0,92,0,1349,0,2422,0,1378,44935,99.53314333545919,50176,0.0,0.0,85.89783960459184
Kasni (23),773.5,230.1248904466629,2,78,0,1922,0,3969,0,1997,42208,147.43712133290816,50176,0.0,0.0,118.92647879464286
Kasni (24),0.0,0.0,3,94,0,1801,0,3408,0,1899,42971,136.87141262755102,50176,0.0,0.0,115.03358179209184
Kasni (25),1.0,4.0,0,21,0,653,0,1104,0,610,47788,52.11704799107143,50176,0.0,0.0,75.57099011479592
Kasni (26),15.0,16.82842707633972,0,42,0,1042,0,2040,0,1046,46006,81.20705117984694,50176,0.0,0.0,63.70426100127551
Kasni (27),3.0,8.0,0,79,0,1481,0,3442,0,1992,43182,124.62860730229592,50176,0.0,0.0,161.7839205994898
Kasni (28),2.5,7.414213538169861,0,92,0,1349,0,2422,0,1378,44935,99.53314333545919,50176,0.0,0.0,85.89783960459184
Kasni (29),6.5,12.242640614509583,0,22,0,1098,0,1903,0,1175,45978,83.21956712372449,50176,0.0,0.0,120.1563496492347
Kasni (30),0.0,0.0,1,31,0,756,0,1277,0,706,47405,56.4470065369898,50176,0.0,0.0,58.733956473214285
Kasni (31),0.0,2.0,0,38,0,1115,0,2183,0,1116,45724,87.30050223214286,50176,0.0,0.0,67.39387356505102
Kasni (32),49.5,31.55634868144989,0,60,0,965,0,1484,0,940,46727,74.6206353635204,50176,0.0,0.0,87.50378667091837
Kasni (33),0.0,2.0,0,40,0,745,0,1343,0,708,47340,57.6921237244898,50176,0.0,0.0,58.18508848852041
Kasni (34),1.5,5.414213538169861,0,27,0,430,0,827,0,408,48484,34.92426658163265,50176,0.0,0.0,45.25111607142857
Kasni (35),0.0,2.0,0,38,0,1115,0,2183,0,1116,45724,87.30050223214286,50176,0.0,0.0,67.39387356505102
Kasni (36),1.5,5.414213538169861,0,27,0,430,0,827,0,408,48484,34.92426658163265,50176,0.0,0.0,45.25111607142857
Kasni (37),0.0,2.0,0,40,0,745,0,1343,0,708,47340,57.6921237244898,50176,0.0,0.0,58.18508848852041
Kasni (38),0.0,0.0,1,34,0,744,0,1275,0,707,47415,55.994698660714285,50176,0.0,0.0,58.14443160076531
Kasni (39),1.5,5.414213538169861,0,35,0,767,0,1290,0,718,47366,56.82816485969388,50176,0.0,0.0,58.33246970663265
Kasni (40),4.0,8.0,1,23,0,447,0,826,0,433,48446,35.717075892857146,50176,0.0,0.0,45.723752391581634
Kasni (41),4.0,8.0,1,23,0,447,0,826,0,433,48446,35.717075892857146,50176,0.0,0.0,45.723752391581634
Kasni (42),0.0,0.0,3,65,0,1552,0,2995,0,1599,43962,117.86431760204081,50176,0.0,0.0,169.0919961734694
Kasni (43),65.5,61.899494767189026,0,14,0,565,0,1159,0,508,47930,45.220623405612244,50176,0.0,0.0,38.33944515306123
Kasni (44),0.0,0.0,1,33,0,1538,0,2999,0,1678,43927,115.79081632653062,50176,0.0,0.0,129.2482461734694
Kasondi (1),7.0,10.828427076339722,0,6,0,272,0,541,0,241,49116,20.165816326530614,50176,0.0,0.0,31.50908801020408
Kasondi (10),6146.0,525.2548332214355,2,42,0,141,0,1039,0,123,48829,20.765505420918366,50176,0.0,0.0,68.76096141581633
Kasondi (11),3.0,12.828427076339722,1,12,0,956,0,1846,0,960,46401,74.42243303571429,50176,0.0,0.0,111.63364955357143
Kasondi (12),1.0,4.0,0,59,0,1511,0,3123,0,1701,43782,119.96322943239795,50176,0.0,0.0,123.29709422831633
Kasondi (13),2.0,6.0,0,34,0,771,0,1445,0,769,47157,60.83286830357143,50176,0.0,0.0,55.9489596619898
Kasondi (14),38.5,32.72792184352875,0,68,0,1507,0,2480,0,1534,44587,113.64616549744898,50176,0.0,0.0,86.54326769770408
Kasondi (15),68.5,36.24264061450958,0,15,0,972,0,2206,0,1049,45934,84.90682796556122,50176,0.0,0.0,122.87527901785714
Kasondi (16),6.0,10.828427076339722,0,7,0,619,0,1098,0,607,47845,48.783183195153065,50176,0.0,0.0,97.42914939413265
Kasondi (17),24403.0,2035.9595801830292,0,13,0,925,0,1932,0,970,46336,82.16248804209184,50176,0.0,0.0,98.74541613520408
Kasondi (18),0.0,0.0,2,85,0,1417,0,3368,0,1676,43628,119.88191565688776,50176,0.0,0.0,116.06016820790816
Kasondi (19),35333.0,1850.8914786577225,0,5,0,323,0,1493,0,359,47996,30.238560267857142,50176,0.0,0.0,183.52010921556123
Kasondi (2),38.5,32.72792184352875,0,68,0,1507,0,2480,0,1534,44587,113.64616549744898,50176,0.0,0.0,86.54326769770408
Kasondi (20),134.0,59.79898941516876,0,30,0,852,0,1670,0,828,46796,74.48850047831633,50176,0.0,0.0,104.15278220663265
Kasondi (21),49729.0,892.0,0,4,0,296,0,1366,0,334,48176,24.754962531887756,50176,0.0,0.0,215.84741709183675
Kasondi (22),34232.0,1891.3767580986023,0,5,0,316,0,1435,0,313,48107,28.708844866071427,50176,0.0,0.0,178.44308035714286
Kasondi (23),207.5,77.55634891986847,0,9,0,436,0,1016,0,437,48278,38.375019929846935,50176,0.0,0.0,100.42251275510205
Kasondi (24),134.0,59.79898941516876,0,30,0,852,0,1670,0,828,46796,74.48850047831633,50176,0.0,0.0,104.15278220663265
Kasondi (25),135.0,54.14213538169861,0,33,0,966,0,1933,0,1032,46212,77.38022161989795,50176,0.0,0.0,154.73503268494898
Kasondi (26),49729.0,892.0,0,4,0,296,0,1366,0,334,48176,24.754962531887756,50176,0.0,0.0,215.84741709183675
Kasondi (27),49704.0,905.6568541526794,0,7,0,537,0,1961,0,571,47100,50.73471380739796,50176,0.0,0.0,143.5594706632653
Kasondi (28),49729.0,892.0,0,8,0,210,0,1302,0,242,48414,19.342514349489797,50176,0.0,0.0,229.04565927933675
Kasondi (29),0.0,0.0,2,43,0,1227,0,2610,0,1366,44928,101.98780293367346,50176,0.0,0.0,128.81626674107142
Kasondi (3),1.0,4.0,0,45,0,838,0,1825,0,978,46490,64.55805564413265,50176,0.0,0.0,88.23052853954081
Kasondi (30),8.5,12.242640614509583,0,38,0,1235,0,2288,0,1398,45217,95.21843112244898,50176,0.0,0.0,122.28575414540816
Kasondi (31),5.0,8.828427076339722,0,17,0,777,0,1707,0,793,46882,63.14014668367347,50176,0.0,0.0,111.85726243622449
Kasondi (32),0.0,0.0,1,19,0,811,0,2176,0,941,46228,72.84697863520408,50176,0.0,0.0,197.8974011479592
Kasondi (33),0.0,0.0,1,27,0,532,0,1346,0,570,47700,46.973951690051024,50176,0.0,0.0,98.2778619260204
Kasondi (34),15.0,20.14213514328003,0,40,0,1617,0,2711,0,1752,44056,118.67745535714286,50176,0.0,0.0,123.2259446747449
Kasondi (35),6.0,10.828427076339722,0,7,0,619,0,1098,0,607,47845,48.783183195153065,50176,0.0,0.0,97.42914939413265
Kasondi (4),61.5,39.899494767189026,1,28,0,570,0,1152,0,616,47809,41.937579719387756,50176,0.0,0.0,48.2292330994898
Kasondi (5),10.0,12.828427076339722,0,6,0,77,0,132,0,55,49906,5.946069834183674,50176,0.0,0.0,5.77327806122449
Kasondi (6),0.0,2.0,3,74,0,1202,0,2153,0,1288,45456,97.16487962372449,50176,0.0,0.0,128.39953364158163
Kasondi (7),12.0,16.82842707633972,1,24,0,999,0,1856,0,998,46298,76.55691964285714,50176,0.0,0.0,106.94794323979592
Kasondi (8),4202.5,453.2619732618332,0,12,0,762,0,1392,0,810,47200,59.542012117346935,50176,0.0,0.0,134.73184390943877
Kasondi (9),24403.0,2035.9595801830292,0,13,0,925,0,1932,0,970,46336,82.16248804209184,50176,0.0,0.0,98.74541613520408
Katabhi (1),1.0,4.0,0,65,0,1071,0,1997,0,1000,46043,86.54834980867346,50176,0.0,0.0,97.7035833864796
Katabhi (11),0.0,0.0,2,76,0,1068,0,2100,0,1012,45918,88.28643176020408,50176,0.0,0.0,101.41860650510205
Katabhi (12),3424.5,523.9827548265457,0,51,0,1014,0,2419,0,1006,45686,84.97797751913265,50176,0.0,0.0,100.61563297193878
Katabhi (13),17.5,23.899494767189026,0,63,0,1158,0,2190,0,1235,45530,89.30285395408163,50176,0.0,0.0,126.08209103954081
Katabhi (14),1.0,4.828427076339722,0,23,0,802,0,1415,0,787,47149,63.23670679209184,50176,0.0,0.0,122.70248724489795
Katabhi (15),7.5,12.242640614509583,0,57,0,1117,0,2016,0,1208,45778,85.01863440688776,50176,0.0,0.0,119.88191565688776
Katabhi (16),2.0,6.0,0,36,0,933,0,2171,0,992,46044,77.06513073979592,50176,0.0,0.0,100.86973852040816
Katabhi (17),17.5,23.899494767189026,0,63,0,1158,0,2190,0,1235,45530,89.30285395408163,50176,0.0,0.0,126.08209103954081
Katabhi (18),0.0,0.0,2,64,0,1006,0,1950,0,1008,46146,78.51353236607143,50176,0.0,0.0,108.94013073979592
Katabhi (19),33.5,36.72792184352875,1,42,0,1038,0,1915,0,1122,46058,76.80594308035714,50176,0.0,0.0,119.97339365433673
Katabhi (20),3.0,8.828427076339722,0,35,0,1102,0,2379,0,1144,45516,87.8188775510204,50176,0.0,0.0,110.85100446428571
Katabhi (21),1170.0,189.68123936653137,0,42,0,1173,0,2127,0,1197,45637,90.65977758290816,50176,0.0,0.0,124.0543287627551
Katabhi (22),3.5,9.41421353816986,1,28,0,1086,0,2107,0,1198,45756,86.08079559948979,50176,0.0,0.0,112.8940130739796
Katabhi (23),15.0,20.485281109809875,0,11,0,414,0,806,0,386,48559,32.30697943239796,50176,0.0,0.0,34.38556281887755
Katabhi (24),32.5,33.55634880065918,0,8,0,424,0,1613,0,440,47691,39.46259167729592,50176,0.0,0.0,144.48441485969389
Katabhi (25),3.5,9.41421353816986,1,44,0,1035,0,2086,0,1133,45877,83.66679288903062,50176,0.0,0.0,109.70752949617346
Katabhi (26),1174.0,196.50966608524323,0,46,0,1180,0,2197,0,1236,45517,92.62655452806122,50176,0.0,0.0,125.22829639668367
Katabhi (27),2.0,6.0,1,54,0,1069,0,1807,0,1130,46115,80.92245296556122,50176,0.0,0.0,82.39118303571429
Katabhi (28),27.0,21.313708186149597,0,16,0,416,0,825,0,389,48530,32.764369419642854,50176,0.0,0.0,33.66390306122449
Katabhi (29),0.0,4.0,0,74,0,1092,0,2027,0,1160,45823,84.31730309311224,50176,0.0,0.0,118.36744658801021
Katabhi (30),49729.0,892.0,0,10,0,326,0,1464,0,366,48010,28.627531090561224,50176,0.0,0.0,182.99665178571428
Katabhi (31),1.0,4.0,0,12,0,634,0,1262,0,614,47654,52.53886320153061,50176,0.0,0.0,69.50803172831633
Katabhi (32),17.0,19.656854152679443,0,6,0,348,0,702,0,334,48786,28.07358099489796,50176,0.0,0.0,55.923549107142854
Katabhi (33),1162.0,262.36753022670746,0,6,0,219,0,414,0,180,49357,15.068459024234693,50176,0.0,0.0,12.593470982142858
Katabhi (34),1.5,5.414213538169861,1,42,0,722,0,1920,0,823,46668,61.600267059948976,50176,0.0,0.0,89.70942283163265
Katabhi (35),1.5,5.414213538169861,1,42,0,722,0,1920,0,823,46668,61.600267059948976,50176,0.0,0.0,89.70942283163265
Katabhi (36),0.0,2.0,0,52,0,651,0,1208,0,597,47668,49.027124521683675,50176,0.0,0.0,34.20260682397959
Katabhi (37),0.0,0.0,1,73,0,1085,0,2427,0,1245,45345,86.72622369260205,50176,0.0,0.0,131.79946588010205
Katabhi (38),6.5,10.242640614509583,0,10,0,190,0,361,0,141,49474,12.99495774872449,50176,0.0,0.0,8.680245535714286
Katabhi (39),1.0,4.828427076339722,0,23,0,802,0,1415,0,787,47149,63.23670679209184,50176,0.0,0.0,122.70248724489795
Katabhi (40),0.0,0.0,1,19,0,618,0,1267,0,631,47640,50.99390146683673,50176,0.0,0.0,117.86939971301021
Katabhi (41),17.0,19.656854152679443,0,6,0,348,0,702,0,334,48786,28.07358099489796,50176,0.0,0.0,55.923549107142854
Katabhi (42),6.5,10.242640614509583,0,7,0,195,0,366,0,144,49464,13.000039859693878,50176,0.0,0.0,8.710738201530612
Katabhi (43),49729.0,892.0,0,4,0,375,0,1579,0,394,47824,32.49501753826531,50176,0.0,0.0,200.9568319515306
Katabhi (44),1.0,4.828427076339722,0,23,0,802,0,1415,0,787,47149,63.23670679209184,50176,0.0,0.0,122.70248724489795
Kaura ro (1),55.0,36.97056305408478,0,28,0,1058,0,1899,0,1056,46135,81.90838249362245,50176,0.0,0.0,136.06335698341837
Kaura ro (11),141.5,64.04163014888763,0,20,0,865,0,1891,0,937,46463,70.29067681760205,50176,0.0,0.0,152.43791852678572
Kaura ro (12),37.0,27.656854152679443,0,9,0,605,0,1000,0,618,47944,48.57481664540816,50176,0.0,0.0,89.24186862244898
Kaura ro (13),12.0,15.656854033470154,0,15,0,386,0,578,0,336,48861,29.115413743622447,50176,0.0,0.0,26.1068040497449
Kaura ro (14),10570.0,969.8620389699936,0,6,0,385,0,562,0,385,48838,30.177574936224488,50176,0.0,0.0,52.442303093112244
Kaura ro (15),55.0,36.97056305408478,0,28,0,1058,0,1899,0,1056,46135,81.90838249362245,50176,0.0,0.0,136.06335698341837
Kaura ro (16),55.0,36.97056305408478,0,28,0,1058,0,1899,0,1056,46135,81.90838249362245,50176,0.0,0.0,136.06335698341837
Kaura ro (17),37.5,27.071067690849304,0,10,0,569,0,744,0,549,48304,40.51967075892857,50176,0.0,0.0,37.353515625
Kaura ro (18),32.5,27.071067690849304,0,15,0,612,0,1082,0,629,47838,50.8820950255102,50176,0.0,0.0,91.32045200892857
Kaura ro (19),32.5,27.071067690849304,0,15,0,612,0,1082,0,629,47838,50.8820950255102,50176,0.0,0.0,91.32045200892857
Kaura ro (20),117.5,50.041630148887634,0,14,0,528,0,932,0,540,48162,43.7468112244898,50176,0.0,0.0,84.30713887117346
Kaura ro (21),15074.0,1217.0823817253113,0,13,0,483,0,728,0,505,48447,36.15921954719388,50176,0.0,0.0,74.96621890943878
Kaura ro (22),50.0,46.14213538169861,0,1,0,316,0,643,0,312,48904,25.771384725765305,50176,0.0,0.0,81.44082828443878
Kaura ro (23),18.5,22.242640614509583,0,9,0,327,0,1018,0,326,48496,30.660375478316325,50176,0.0,0.0,152.51415019132654
Kaura ro (24),6.5,12.242640614509583,0,10,0,283,0,488,0,257,49138,22.584901147959183,50176,0.0,0.0,23.210000797193878
Kaura ro (25),218.0,79.4558436870575,0,20,0,791,0,1460,0,789,47116,62.159299266581634,50176,0.0,0.0,137.88783482142858
Kaura ro (26),0.0,0.0,0,0,0,0,0,0,0,0,50176,0.0,50176,0.0,0.0,0.0
Kaura ro (27),4.0,10.828427076339722,0,14,0,761,0,1707,0,740,46954,64.13115832270408,50176,0.0,0.0,147.0407166772959
Kaura ro (28),15291.5,1181.0996270179749,0,7,0,446,0,726,0,463,48534,34.92934869260204,50176,0.0,0.0,76.42478475765306
Kaura ro (29),10392.0,2088.5525047779083,0,16,0,672,0,1254,0,697,47537,56.375856983418366,50176,0.0,0.0,56.41651387117347
Kaura ro (30),111.5,60.38477575778961,0,7,0,751,0,1555,0,753,47110,59.232003348214285,50176,0.0,0.0,111.064453125
Kaura ro (31),36.0,32.1421355009079,0,4,0,563,0,1351,0,568,47690,47.848074776785715,50176,0.0,0.0,127.45426100127551
Kaura ro (32),37.0,28.485281229019165,0,12,0,583,0,1070,0,586,47925,49.1389309630102,50176,0.0,0.0,90.9799505739796
Kaura ro (33),17.0,17.656854152679443,0,16,0,752,0,1549,0,752,47107,61.468132174744895,50176,0.0,0.0,123.29201211734694
Kaura ro (34),36.5,27.071067690849304,0,11,0,537,0,781,0,521,48326,40.47901387117347,50176,0.0,0.0,39.6760403380102
Kaura ro (35),2.5,9.41421353816986,0,14,0,917,0,1724,0,907,46614,69.58426339285714,50176,0.0,0.0,126.73768335459184
Kaura ro (36),111.0,48.97056245803833,0,13,0,500,0,975,0,512,48176,43.436802455357146,50176,0.0,0.0,84.42910953443878
Kaura ro (37),47.0,46.14213526248932,0,0,0,309,0,640,0,305,48922,25.547771843112244,50176,0.0,0.0,81.45099250637755
Kaura ro (38),14573.5,1223.1929931640625,0,11,0,287,0,884,0,296,48698,29.694774394132654,50176,0.0,0.0,76.43494897959184
Kaura ro (39),18.0,19.656854152679443,0,17,0,857,0,1766,0,966,46570,71.05299346301021,50176,0.0,0.0,131.6520846619898
Kaura ro (40),0.0,0.0,1,38,0,1276,0,2239,0,1285,45337,94.53742825255102,50176,0.0,0.0,100.45808753188776
Kaura ro (41),5.5,9.41421353816986,0,9,0,479,0,1456,0,548,47684,44.361746651785715,50176,0.0,0.0,134.04067681760205
Kaura ro (42),2.5,7.414213538169861,0,21,0,778,0,1715,0,800,46862,62.61668925382653,50176,0.0,0.0,150.18146125637756
Kaura ro (43),31060.5,2191.5991892814636,0,16,0,886,0,1935,0,923,46416,67.86650988520408,50176,0.0,0.0,158.49071269132654
Kaura ro (44),9.5,12.242640614509583,0,32,0,1128,0,2199,0,1158,45659,89.62302694515306,50176,0.0,0.0,157.15411750637756
Khaaksi (1),3.5,7.414213538169861,0,51,0,1823,0,3170,0,1882,43250,136.7545240752551,50176,0.0,0.0,133.04966517857142
Khaaksi (15),1.0,4.0,0,16,0,527,0,982,0,537,48114,42.89301658163265,50176,0.0,0.0,53.77381616709184
Khaaksi (16),10.0,13.656854152679443,0,39,0,944,0,2603,0,1173,45417,85.81652582908163,50176,0.0,0.0,121.99607382015306
Khaaksi (17),4.5,9.41421353816986,1,125,0,1687,0,3378,0,1964,43021,129.55317283163265,50176,0.0,0.0,117.78300382653062
Khaaksi (18),2.0,6.828427076339722,0,31,0,896,0,1903,0,1030,46316,77.26333306760205,50176,0.0,0.0,103.82752710459184
Khaaksi (19),9.5,14.242640614509583,0,50,0,1216,0,2566,0,1265,45079,89.66876594387755,50176,0.0,0.0,124.55745774872449
Khaaksi (2),0.0,0.0,1,3,0,30,0,28,0,15,50099,1.9972696109693877,50176,0.0,0.0,0.7928093112244898
Khaaksi (20),0.0,0.0,1,36,0,1015,0,2246,0,1169,45709,81.2680365114796,50176,0.0,0.0,111.98939732142857
Khaaksi (21),1.5,5.414213538169861,0,43,0,1057,0,2634,0,1293,45149,87.05656090561224,50176,0.0,0.0,183.38797433035714
Khaaksi (22),0.0,2.0,1,55,0,1225,0,2711,0,1364,44820,97.99834582270408,50176,0.0,0.0,106.76498724489795
Khaaksi (23),1.5,5.414213538169861,0,78,0,1544,0,3344,0,1679,43531,125.3451849489796,50176,0.0,0.0,140.28659119897958
Khaaksi (24),4.5,11.41421353816986,0,15,0,321,0,622,0,296,48922,26.050900829081634,50176,0.0,0.0,22.88474569515306
Khaaksi (25),570.0,137.25483322143555,0,25,0,603,0,1624,0,670,47254,55.76600366709184,50176,0.0,0.0,142.41599569515307
Khaaksi (26),12.5,14.242640614509583,0,21,0,766,0,1129,0,756,47504,53.33675462372449,50176,0.0,0.0,31.895328443877553
Khaaksi (27),0.0,0.0,1,65,0,1316,0,2310,0,1309,45175,101.81501116071429,50176,0.0,0.0,91.640625
Khaaksi (28),49729.0,892.0,0,5,0,721,0,1895,0,745,46810,50.394212372448976,50176,0.0,0.0,223.7399354272959
Khaaksi (29),2.5,7.414213538169861,0,18,0,300,0,772,0,316,48770,21.57356106505102,50176,0.0,0.0,87.7426458864796
Khaaksi (3),10.5,19.899494767189026,0,15,0,1030,0,1548,0,986,46597,72.25237165178571,50176,0.0,0.0,38.324198820153065
Khaaksi (30),62.5,39.071067690849304,0,5,0,655,0,1648,0,632,47236,55.94387755102041,50176,0.0,0.0,113.03631218112245
Khaaksi (31),14.0,18.485281348228455,0,65,0,1706,0,3332,0,1914,43159,135.1028380102041,50176,0.0,0.0,147.0915377869898
Khaaksi (32),34731.0,1299.8965287208557,0,7,0,501,0,1660,0,686,47322,50.897341358418366,50176,0.0,0.0,171.47550621811226
Khaaksi (33),14.5,16.242640614509583,1,11,0,199,0,605,0,162,49198,15.408960459183673,50176,0.0,0.0,31.092354910714285
Khaaksi (34),9.5,17.899494767189026,0,11,0,846,0,1414,0,843,47062,62.611607142857146,50176,0.0,0.0,36.2761080994898
Khaaksi (35),68.5,47.899494767189026,1,16,0,1133,0,2237,0,1202,45587,88.57611208545919,50176,0.0,0.0,153.38827327806123
Khaaksi (36),377.5,94.52691149711609,0,18,0,867,0,2116,0,879,46296,72.27778220663265,50176,0.0,0.0,119.55666055484694
Khaaksi (37),3.5,7.414213538169861,0,51,0,1823,0,3170,0,1882,43250,136.7545240752551,50176,0.0,0.0,133.04966517857142
Khaaksi (38),0.5,5.414213538169861,1,91,0,1486,0,2639,0,1578,44381,111.2728196747449,50176,0.0,0.0,85.98423549107143
Khaaksi (39),34.0,25.313708066940308,0,17,0,623,0,1016,0,614,47906,46.038843271683675,50176,0.0,0.0,81.11049107142857
Khaaksi (4),63.0,43.79898965358734,0,28,0,907,0,1643,0,1006,46592,62.31684470663265,50176,0.0,0.0,112.81269929846938
Khaaksi (40),54.0,54.485281229019165,0,28,0,1012,0,2440,0,1108,45588,74.19373804209184,50176,0.0,0.0,210.3790656887755
Khaaksi (5),16.5,24.242640495300293,0,17,0,1091,0,1917,0,1133,46018,89.43498883928571,50176,0.0,0.0,108.37093431122449
Khaaksi (6),14.0,18.485281348228455,0,65,0,1674,0,3347,0,1889,43201,134.49298469387756,50176,0.0,0.0,146.7205436862245
Khaaksi (7),52.0,54.14213526248932,0,15,0,975,0,2402,0,1056,45728,73.32977917729592,50176,0.0,0.0,208.66131218112244
Khaaksi (8),229.5,92.18376564979553,0,10,0,574,0,1252,0,592,47748,43.614676339285715,50176,0.0,0.0,127.79476243622449
Khaaksi (9),13.0,15.656854152679443,0,56,0,1257,0,2562,0,1290,45011,98.99443957270408,50176,0.0,0.0,110.62739158163265
Kharnub (1),0.0,2.0,0,39,0,860,0,1700,0,814,46763,75.36262356505102,50176,0.0,0.0,62.31176259566327
Kharnub (11),3.0,6.828427076339722,1,21,0,442,0,1067,0,392,48253,34.05014349489796,50176,0.0,0.0,36.16430165816327
Kharnub (12),0.5,3.414213538169861,0,57,0,1004,0,1933,0,966,46216,78.35090481505102,50176,0.0,0.0,64.23280054209184
Kharnub (13),0.0,0.0,2,65,0,1414,0,2691,0,1423,44581,110.04294882015306,50176,0.0,0.0,119.71928810586735
Kharnub (14),25.5,27.899494767189026,1,43,0,790,0,1376,0,741,47225,57.19915896045919,50176,0.0,0.0,39.5134127869898
Kharnub (15),0.5,3.414213538169861,1,82,0,1738,0,3588,0,1925,42842,139.3362364477041,50176,0.0,0.0,133.0598294005102
Kharnub (16),3.0,8.0,0,59,0,1090,0,2019,0,1103,45905,83.69728555484694,50176,0.0,0.0,57.732780612244895
Kharnub (17),1.5,5.414213538169861,0,31,0,670,0,1250,0,626,47599,50.577168367346935,50176,0.0,0.0,41.65806361607143
Kharnub (18),3.0,8.0,0,59,0,1090,0,2019,0,1103,45905,83.69728555484694,50176,0.0,0.0,57.732780612244895
Kharnub (19),8.0,16.485281229019165,0,56,0,1032,0,1889,0,1008,46191,77.33448262117346,50176,0.0,0.0,57.056859853316325
Kharnub (2),0.5,3.414213538169861,0,76,0,1515,0,2662,0,1471,44452,110.01245615433673,50176,0.0,0.0,89.35367506377551
Kharnub (20),0.0,0.0,2,74,0,1475,0,2933,0,1601,44091,116.50739397321429,50176,0.0,0.0,136.5969786352041
Kharnub (21),44.5,27.071067690849304,0,45,0,1272,0,2954,0,1386,44519,110.92215401785714,50176,0.0,0.0,138.89409279336735
Kharnub (22),9.0,20.82842707633972,1,42,0,831,0,1477,0,837,46988,64.62920519770408,50176,0.0,0.0,64.17181521045919
Kharnub (23),0.5,3.414213538169861,1,71,0,1934,0,3718,0,1992,42460,144.91639429209184,50176,0.0,0.0,124.10514987244898
Kharnub (24),29.0,27.313708186149597,1,15,0,415,0,673,0,335,48737,28.866390306122447,50176,0.0,0.0,19.20021524234694
Kharnub (25),60.5,31.071067690849304,0,39,0,1141,0,2607,0,1310,45079,100.28021364795919,50176,0.0,0.0,153.9015664859694
Kharnub (26),29.0,27.313708186149597,1,15,0,415,0,673,0,335,48737,28.866390306122447,50176,0.0,0.0,19.20021524234694
Kharnub (27),3.0,8.0,0,35,0,1037,0,1691,0,1015,46398,79.34191645408163,50176,0.0,0.0,76.44003109056122
Kharnub (28),10.5,24.242640614509583,0,28,0,311,0,439,0,239,49159,21.837830835459183,50176,0.0,0.0,10.733418367346939
Kharnub (29),0.5,3.414213538169861,0,30,0,669,0,1563,0,651,47263,57.54474250637755,50176,0.0,0.0,81.75083705357143
Kharnub (30),0.5,3.414213538169861,0,30,0,669,0,1563,0,651,47263,57.54474250637755,50176,0.0,0.0,81.75083705357143
Kharnub (31),0.5,3.414213538169861,0,30,0,669,0,1563,0,651,47263,57.54474250637755,50176,0.0,0.0,81.75083705357143
Kharnub (32),2.5,9.41421353816986,1,62,0,1281,0,2388,0,1298,45146,102.42994658801021,50176,0.0,0.0,106.02808115433673
Kharnub (33),0.5,3.414213538169861,1,71,0,1934,0,3718,0,1992,42460,144.91639429209184,50176,0.0,0.0,124.10514987244898
Kharnub (34),0.0,0.0,2,61,0,969,0,1953,0,934,46257,78.29500159438776,50176,0.0,0.0,64.93413185586735
Kharnub (35),2.0,6.0,1,23,0,437,0,723,0,371,48621,28.759665975765305,50176,0.0,0.0,25.98991549744898
Kharnub (36),0.5,3.414213538169861,1,71,0,1934,0,3718,0,1992,42460,144.91639429209184,50176,0.0,0.0,124.10514987244898
Kharnub (37),56.5,29.899494528770447,0,29,0,1160,0,2591,0,1318,45078,100.50890864158163,50176,0.0,0.0,155.7667012117347
Kharnub (38),0.5,3.414213538169861,1,71,0,1934,0,3718,0,1992,42460,144.91639429209184,50176,0.0,0.0,124.10514987244898
Kharnub (39),4.5,11.41421353816986,0,30,0,266,0,445,0,187,49248,19.51530612244898,50176,0.0,0.0,8.60401387117347
Kharnub (40),2.0,6.0,1,32,0,661,0,1781,0,666,47035,60.721061862244895,50176,0.0,0.0,83.90565210459184
Kharnub (41),125.0,70.97056245803833,1,80,0,1375,0,2703,0,1477,44540,109.64654416454081,50176,0.0,0.0,105.06248007015306
Kharnub (42),0.5,3.414213538169861,0,76,0,1515,0,2662,0,1471,44452,110.01245615433673,50176,0.0,0.0,89.35367506377551
Kharnub (43),0.0,2.0,1,79,0,1114,0,2260,0,1173,45549,88.42364875637755,50176,0.0,0.0,83.95139110331633
Khudi okra (1),1.5,5.414213538169861,0,48,0,1160,0,2169,0,1303,45496,90.49206792091837,50176,0.0,0.0,110.95264668367346
Khudi okra (10),189.5,79.55634891986847,1,19,0,785,0,1712,0,768,46891,64.07017299107143,50176,0.0,0.0,87.09213568239795
Khudi okra (11),2.5,7.414213538169861,0,22,0,829,0,1775,0,840,46710,66.70778858418367,50176,0.0,0.0,130.6153340242347
Khudi okra (12),32.5,42.38477599620819,0,34,0,865,0,1896,0,904,46477,68.98457429846938,50176,0.0,0.0,130.01056281887756
Khudi okra (13),8387.5,612.1492756605148,3,45,0,648,0,1326,0,582,47572,49.32188695790816,50176,0.0,0.0,69.73672672193878
Khudi okra (14),1.0,4.0,0,28,0,892,0,1932,0,995,46329,71.14447146045919,50176,0.0,0.0,133.50197305484693
Khudi okra (15),0.0,0.0,1,21,0,735,0,1770,0,811,46838,61.24960140306123,50176,0.0,0.0,156.67131696428572
Khudi okra (16),2.5,7.414213538169861,0,22,0,829,0,1775,0,840,46710,66.70778858418367,50176,0.0,0.0,130.6153340242347
Khudi okra (17),45.0,36.14213526248932,0,30,0,1091,0,2532,0,1319,45204,87.18361367984694,50176,0.0,0.0,173.50326849489795
Khudi okra (18),18.5,22.242640614509583,0,14,0,830,0,2018,0,918,46396,70.30592315051021,50176,0.0,0.0,177.2996053890306
Khudi okra (19),49729.0,892.0,0,6,0,264,0,1311,0,266,48329,22.208824936224488,50176,0.0,0.0,158.85154257015307
Khudi okra (2),1.5,5.414213538169861,0,42,0,1009,0,2291,0,1172,45662,82.65037069515306,50176,0.0,0.0,114.36274314413265
Khudi okra (20),49729.0,892.0,0,6,0,372,0,1506,0,409,47883,31.880082110969386,50176,0.0,0.0,208.08195153061226
Khudi okra (21),49729.0,892.0,0,14,0,351,0,1537,0,375,47899,31.697126116071427,50176,0.0,0.0,189.69995615433675
Khudi okra (22),49729.0,892.0,0,5,0,388,0,1531,0,428,47824,32.7033840880102,50176,0.0,0.0,207.9803093112245
Khudi okra (23),49729.0,892.0,0,5,0,381,0,1491,0,415,47884,30.22331393494898,50176,0.0,0.0,166.0935507015306
Khudi okra (24),49715.5,891.4142135381699,0,7,0,361,0,1416,0,380,48012,28.29719387755102,50176,0.0,0.0,189.73044882015307
Khudi okra (25),49729.0,892.0,0,12,0,417,0,1528,0,419,47800,34.959841358418366,50176,0.0,0.0,158.89219945790816
Khudi okra (26),49729.0,892.0,0,15,0,496,0,1502,0,521,47642,36.86055086096939,50176,0.0,0.0,203.8231425382653
Khudi okra (27),49729.0,892.0,0,6,0,264,0,1311,0,266,48329,22.208824936224488,50176,0.0,0.0,158.85154257015307
Khudi okra (28),49729.0,892.0,0,14,0,351,0,1537,0,375,47899,31.697126116071427,50176,0.0,0.0,189.69995615433675
Khudi okra (29),54.0,33.31370830535889,0,18,0,508,0,1302,0,539,47809,42.47120137117347,50176,0.0,0.0,87.65116788903062
Khudi okra (3),12.5,15.071067571640015,0,33,0,1272,0,2314,0,1334,45223,100.43267697704081,50176,0.0,0.0,117.68136160714286
Khudi okra (30),45.5,31.071067690849304,0,24,0,745,0,1481,0,763,47163,59.292988679846935,50176,0.0,0.0,129.79203204719389
Khudi okra (31),3.5,8.242640614509583,1,36,0,1020,0,2429,0,1152,45538,84.55616230867346,50176,0.0,0.0,165.50910794005102
Khudi okra (32),18.5,22.242640614509583,0,14,0,830,0,2018,0,918,46396,70.30592315051021,50176,0.0,0.0,177.2996053890306
Khudi okra (33),0.0,0.0,1,21,0,735,0,1770,0,811,46838,61.24960140306123,50176,0.0,0.0,156.67131696428572
Khudi okra (34),3.5,7.414213538169861,0,19,0,843,0,2001,0,873,46440,73.05534518494898,50176,0.0,0.0,129.10594706632654
Khudi okra (35),1.0,4.0,0,28,0,892,0,1932,0,995,46329,71.14447146045919,50176,0.0,0.0,133.50197305484693
Khudi okra (4),24.0,21.656854152679443,0,41,0,1193,0,2297,0,1243,45402,93.40919961734694,50176,0.0,0.0,110.53083147321429
Khudi okra (5),3.5,9.41421353816986,0,15,0,951,0,1947,0,987,46276,75.8301777742347,50176,0.0,0.0,116.94445551658163
Khudi okra (6),87.5,42.3847758769989,0,4,0,529,0,1478,0,617,47548,46.05408960459184,50176,0.0,0.0,129.5735012755102
Khudi okra (7),28.0,27.656854152679443,0,32,0,1319,0,2416,0,1425,44984,104.19343909438776,50176,0.0,0.0,129.6243223852041
Khudi okra (8),0.0,2.0,0,31,0,1178,0,2696,0,1401,44870,94.0902024872449,50176,0.0,0.0,184.63817362882654
Khudi okra (9),38.5,36.041630148887634,0,8,0,566,0,952,0,633,48017,42.64399314413265,50176,0.0,0.0,91.37127311862245
Khurbanti (1),1.5,5.414213538169861,0,37,0,1343,0,3111,0,1509,44176,108.99095184948979,50176,0.0,0.0,145.85658482142858
Khurbanti (11),21.0,23.656854152679443,0,14,0,662,0,1474,0,670,47356,50.00288982780612,50176,0.0,0.0,167.8011399872449
Khurbanti (12),0.0,2.0,0,71,0,1293,0,3232,0,1448,44132,101.49992028061224,50176,0.0,0.0,139.2447584502551
Khurbanti (13),3543.5,574.3746709823608,0,23,0,1164,0,2466,0,1273,45250,92.29621731505102,50176,0.0,0.0,140.63725685586735
Khurbanti (14),8.0,14.828427076339722,0,20,0,657,0,1814,0,679,47006,60.64991230867347,50176,0.0,0.0,127.59147799744898
Khurbanti (15),7.5,11.41421353816986,0,31,0,1331,0,2348,0,1434,45032,99.8583984375,50176,0.0,0.0,161.46374760841837
Khurbanti (16),160.5,93.01219260692596,0,20,0,762,0,1229,0,786,47379,60.156947544642854,50176,0.0,0.0,90.51239636479592
Khurbanti (17),74.0,35.65685415267944,0,29,0,972,0,2045,0,994,46136,80.29735331632654,50176,0.0,0.0,146.63922991071428
Khurbanti (18),5.0,8.828427076339722,0,24,0,1272,0,2335,0,1341,45204,98.90804368622449,50176,0.0,0.0,132.37882653061226
Khurbanti (19),5.5,9.41421353816986,0,62,0,1621,0,3392,0,1862,43239,122.96675701530613,50176,0.0,0.0,186.8438097895408
Khurbanti (20),0.0,4.0,0,93,0,1526,0,2975,0,1524,44058,119.87175143494898,50176,0.0,0.0,94.96940768494898
Khurbanti (21),49729.0,892.0,0,0,0,10,0,1694,0,10,48462,20.755341198979593,50176,0.0,0.0,44.27026865433673
Khurbanti (22),0.0,0.0,1,18,0,312,0,605,0,268,48972,24.897261639030614,50176,0.0,0.0,26.838628029336736
Khurbanti (23),0.5,3.414213538169861,1,66,0,1330,0,2790,0,1516,44473,101.76927216198979,50176,0.0,0.0,145.08918606505102
Khurbanti (24),5475.0,511.5979789495468,0,29,0,568,0,1568,0,561,47450,49.54549984056123,50176,0.0,0.0,71.9271165497449
Khurbanti (25),21.0,23.656854152679443,0,14,0,662,0,1474,0,670,47356,50.00288982780612,50176,0.0,0.0,167.8011399872449
Khurbanti (26),5475.0,511.5979789495468,0,29,0,568,0,1568,0,561,47450,49.54549984056123,50176,0.0,0.0,71.9271165497449
Khurbanti (27),1.0,4.0,0,65,0,1274,0,2743,0,1419,44675,102.94832190688776,50176,0.0,0.0,153.33237005739795
Khurbanti (28),5.5,9.41421353816986,0,62,0,1621,0,3392,0,1862,43239,122.96675701530613,50176,0.0,0.0,186.8438097895408
Khurbanti (29),0.5,3.414213538169861,1,66,0,1330,0,2790,0,1516,44473,101.76927216198979,50176,0.0,0.0,145.08918606505102
Khurbanti (30),0.0,4.0,1,81,0,1321,0,2596,0,1424,44753,104.93542729591837,50176,0.0,0.0,113.17352917729592
Khurbanti (31),0.0,0.0,1,23,0,931,0,2070,0,1092,46059,77.77662627551021,50176,0.0,0.0,157.56068638392858
Khurbanti (32),1.5,5.414213538169861,0,43,0,1211,0,2353,0,1244,45325,94.26299426020408,50176,0.0,0.0,141.17596061862244
Khurbanti (33),26.0,23.656854152679443,0,68,0,1482,0,3189,0,1669,43768,117.64578683035714,50176,0.0,0.0,123.21578045280613
Khurbanti (34),8.5,19.41421353816986,0,58,0,1590,0,3302,0,1895,43331,129.92924904336735,50176,0.0,0.0,150.10522959183675
Khurbanti (35),7.0,10.828427076339722,0,60,0,1573,0,2966,0,1656,43921,125.60437260841837,50176,0.0,0.0,104.33573820153062
Khurbanti (36),608.5,146.46803617477417,0,15,0,598,0,1626,0,597,47340,47.167071906887756,50176,0.0,0.0,136.9679727359694
Khurbanti (37),23.0,26.485281229019165,0,22,0,655,0,1542,0,684,47273,51.05488679846939,50176,0.0,0.0,167.90278220663265
Khurbanti (38),3.5,8.242640614509583,0,47,0,1385,0,2216,0,1356,45172,103.30915178571429,50176,0.0,0.0,101.66762994260205
Khurbanti (39),23.0,26.485281229019165,0,22,0,655,0,1542,0,684,47273,51.05488679846939,50176,0.0,0.0,167.90278220663265
Khurbanti (40),620.0,145.88224971294403,0,14,0,616,0,1611,0,613,47322,47.421177455357146,50176,0.0,0.0,136.89174107142858
Khurbanti (41),687.0,160.36753141880035,0,29,0,773,0,1189,0,804,47381,60.045141103316325,50176,0.0,0.0,89.41974250637755
Khurbanti (42),608.5,146.46803617477417,0,15,0,598,0,1626,0,597,47340,47.167071906887756,50176,0.0,0.0,136.9679727359694
Khurbanti (43),1.5,5.414213538169861,1,47,0,1351,0,2413,0,1456,44908,101.98780293367346,50176,0.0,0.0,162.37852758290816
Khurbanti (44),1.5,5.414213538169861,1,47,0,1351,0,2413,0,1456,44908,101.98780293367346,50176,0.0,0.0,162.37852758290816
Kinkirata (1),7.0,10.828427076339722,0,29,0,1101,0,1921,0,1153,45972,85.0033880739796,50176,0.0,0.0,131.07272401147958
Kinkirata (11),1.0,4.0,0,12,0,602,0,1447,0,663,47452,51.86802455357143,50176,0.0,0.0,182.4071269132653
Kinkirata (12),3.0,8.828427076339722,0,12,0,566,0,1279,0,630,47689,48.68154097576531,50176,0.0,0.0,141.8620455994898
Kinkirata (13),210.0,66.14213538169861,0,15,0,607,0,1389,0,667,47498,50.84652024872449,50176,0.0,0.0,182.05137914540816
Kinkirata (14),110.5,59.899494767189026,0,42,0,930,0,1764,0,1034,46406,76.04362643494898,50176,0.0,0.0,74.0819316007653
Kinkirata (15),110.5,59.899494767189026,0,42,0,930,0,1764,0,1034,46406,76.04362643494898,50176,0.0,0.0,74.0819316007653
Kinkirata (16),9.0,14.828427076339722,0,68,0,1101,0,2231,0,1252,45524,92.07260443239795,50176,0.0,0.0,129.46169483418367
Kinkirata (17),8897.0,516.3919149637222,0,26,0,1077,0,2271,0,1114,45688,86.64490991709184,50176,0.0,0.0,131.7740553252551
Kinkirata (18),14.0,15.656854152679443,0,35,0,631,0,1227,0,609,47674,48.452845982142854,50176,0.0,0.0,36.763990752551024
Kinkirata (19),0.0,0.0,2,44,0,961,0,1845,0,904,46420,76.0741191007653,50176,0.0,0.0,75.703125
Kinkirata (20),1.0,4.0,2,39,0,938,0,1714,0,1010,46473,69.79771205357143,50176,0.0,0.0,67.4853515625
Kinkirata (21),0.0,2.0,0,12,0,578,0,1368,0,630,47588,49.840262276785715,50176,0.0,0.0,183.01189811862244
Kinkirata (22),74.0,39.3137081861496,0,28,0,887,0,1667,0,916,46678,71.55104033801021,50176,0.0,0.0,71.65268255739795
Kinkirata (23),60.5,43.55634891986847,0,35,0,777,0,1534,0,848,46982,65.34070073341837,50176,0.0,0.0,107.1207350127551
Kinkirata (24),3.0,8.0,0,29,0,325,0,758,0,250,48814,25.720563616071427,50176,0.0,0.0,20.069256218112244
Kinkirata (25),229.0,80.14213538169861,0,11,0,626,0,1393,0,676,47470,51.41063456632653,50176,0.0,0.0,182.47827646683675
Kinkirata (26),27.0,28.82842707633972,0,30,0,950,0,2019,0,990,46187,77.95958227040816,50176,0.0,0.0,129.9089205994898
Kinkirata (27),1.0,4.828427076339722,1,36,0,585,0,1162,0,558,47834,45.08340640943877,50176,0.0,0.0,32.31714365433673
Kinkirata (28),0.0,0.0,1,11,0,627,0,1421,0,687,47429,52.22377232142857,50176,0.0,0.0,181.64989237882654
Kinkirata (29),0.0,4.0,0,50,0,1231,0,2912,0,1435,44548,105.9569316007653,50176,0.0,0.0,141.4503946109694
Kinkirata (30),0.0,2.0,1,32,0,538,0,1223,0,520,47862,44.81405452806123,50176,0.0,0.0,37.246791294642854
Kinkirata (31),74.0,39.3137081861496,0,28,0,887,0,1667,0,916,46678,71.55104033801021,50176,0.0,0.0,71.65268255739795
Kinkirata (32),0.0,2.0,0,12,0,578,0,1368,0,630,47588,49.840262276785715,50176,0.0,0.0,183.01189811862244
Kinkirata (33),0.0,0.0,1,15,0,485,0,959,0,439,48277,39.27963568239796,50176,0.0,0.0,41.978236607142854
Kinkirata (34),0.0,2.0,0,42,0,827,0,1572,0,918,46817,68.98965640943878,50176,0.0,0.0,106.56678491709184
Kinkirata (35),0.0,2.0,0,42,0,827,0,1572,0,918,46817,68.98965640943878,50176,0.0,0.0,106.56678491709184
Kinkirata (36),0.0,0.0,1,11,0,627,0,1421,0,687,47429,52.22377232142857,50176,0.0,0.0,181.64989237882654
Kinkirata (37),35.0,24.485281229019165,0,39,0,983,0,2518,0,1038,45598,82.45216836734694,50176,0.0,0.0,138.59933035714286
Kinkirata (38),109.5,59.899494767189026,0,47,0,888,0,1769,0,1016,46456,74.53423947704081,50176,0.0,0.0,77.51743861607143
Kinkirata (39),0.0,2.0,0,42,0,827,0,1572,0,918,46817,68.98965640943878,50176,0.0,0.0,106.56678491709184
Kinkirata (40),477.0,453.3137083053589,0,38,0,1198,0,2352,0,1260,45328,100.21922831632654,50176,0.0,0.0,120.14618542729592
Kinkirata (41),0.0,0.0,1,35,0,1096,0,1896,0,1141,46007,85.26257573341837,50176,0.0,0.0,130.49844547193877
Kinkirata (42),14.0,17.656854152679443,0,8,0,298,0,500,0,286,49084,22.457848373724488,50176,0.0,0.0,28.02275988520408
Kinkirata (43),14.0,17.656854152679443,0,59,0,1075,0,2249,0,1248,45545,91.24930245535714,50176,0.0,0.0,130.59500558035714
Kinkirata (44),14.0,17.656854152679443,0,8,0,298,0,500,0,286,49084,22.457848373724488,50176,0.0,0.0,28.02275988520408
Kiralu (1),0.0,2.0,0,51,0,1403,0,2250,0,1384,45088,104.9252630739796,50176,0.0,0.0,100.82908163265306
Kiralu (11),4.0,8.828427076339722,0,26,0,753,0,2208,0,939,46250,68.03930165816327,50176,0.0,0.0,193.45563616071428
Kiralu (12),0.0,2.0,0,23,0,763,0,1195,0,732,47463,60.17727598852041,50176,0.0,0.0,64.42592075892857
Kiralu (13),54.5,34.72792196273804,0,80,0,1292,0,2858,0,1516,44430,101.87091438137755,50176,0.0,0.0,113.0972975127551
Kiralu (14),0.0,2.0,0,24,0,319,0,685,0,343,48805,25.369897959183675,50176,0.0,0.0,30.85349569515306
Kiralu (15),5.5,9.41421353816986,0,62,0,1253,0,2671,0,1358,44832,93.15509406887755,50176,0.0,0.0,139.04147401147958
Kiralu (16),7.5,17.41421353816986,0,27,0,862,0,1480,0,846,46961,71.27152423469387,50176,0.0,0.0,69.09638073979592
Kiralu (17),0.5,3.414213538169861,0,31,0,857,0,1659,0,859,46770,69.07097018494898,50176,0.0,0.0,93.0941087372449
Kiralu (18),0.0,0.0,3,23,0,290,0,566,0,242,49052,20.425003985969386,50176,0.0,0.0,14.539919483418368
Kiralu (19),21.5,29.071067690849304,1,63,0,1074,0,2755,0,1268,45015,92.04211176658163,50176,0.0,0.0,121.60475127551021
Kiralu (20),1.5,5.414213538169861,4,48,0,713,0,1235,0,663,47513,54.54121492346939,50176,0.0,0.0,54.566625478316325
Kiralu (21),5.0,14.828427076339722,1,36,0,752,0,1735,0,797,46855,63.11981823979592,50176,0.0,0.0,81.71526227678571
Kiralu (22),20.0,27.656854152679443,0,73,0,1144,0,2712,0,1288,44959,92.68753985969387,50176,0.0,0.0,124.75566007653062
Kiralu (23),36.0,25.656854152679443,0,38,0,1176,0,2543,0,1265,45154,96.66683274872449,50176,0.0,0.0,164.87384406887756
Kiralu (24),1.0,6.828427076339722,0,60,0,1145,0,3295,0,1752,43924,100.83924585459184,50176,0.0,0.0,204.84464684311226
Kiralu (25),0.0,4.0,2,108,0,1464,0,3018,0,1743,43841,106.47530691964286,50176,0.0,0.0,133.75099649234693
Kiralu (26),8.0,13.656854152679443,0,55,0,957,0,2334,0,1190,45640,84.57649075255102,50176,0.0,0.0,146.8780891262755
Kiralu (27),9.0,12.828427076339722,1,21,0,530,0,1131,0,470,48023,42.95400191326531,50176,0.0,0.0,46.780831473214285
Kiralu (28),4.0,8.828427076339722,0,37,0,858,0,2774,0,1274,45233,80.39899553571429,50176,0.0,0.0,210.49595424107142
Kiralu (29),1.5,5.414213538169861,0,57,0,1533,0,3068,0,1582,43936,122.63641980229592,50176,0.0,0.0,120.59849330357143
Kiralu (30),1.0,4.0,0,32,0,760,0,1257,0,697,47430,58.662806919642854,50176,0.0,0.0,49.67763472576531
Kiralu (31),3.0,8.828427076339722,0,30,0,416,0,729,0,339,48662,31.376953125,50176,0.0,0.0,31.524334343112244
Kiralu (32),4.0,8.828427076339722,0,26,0,753,0,2208,0,939,46250,68.03930165816327,50176,0.0,0.0,193.45563616071428
Kiralu (33),8.0,13.656854152679443,0,55,0,957,0,2334,0,1190,45640,84.57649075255102,50176,0.0,0.0,146.8780891262755
Kiralu (34),49729.0,892.0,0,7,0,329,0,1485,0,376,47979,29.074756855867346,50176,0.0,0.0,208.0565409757653
Kiralu (35),9.0,12.828427076339722,1,21,0,530,0,1131,0,470,48023,42.95400191326531,50176,0.0,0.0,46.780831473214285
Kiralu (36),1.5,5.414213538169861,0,57,0,1533,0,3068,0,1582,43936,122.63641980229592,50176,0.0,0.0,120.59849330357143
Kiralu (37),6.0,12.828427076339722,0,12,0,269,0,806,0,233,48856,28.937539859693878,50176,0.0,0.0,34.65999681122449
Kiralu (38),4.0,8.828427076339722,0,37,0,858,0,2774,0,1274,45233,80.39899553571429,50176,0.0,0.0,210.49595424107142
Kiralu (39),26.5,34.72792184352875,0,39,0,481,0,1054,0,432,48170,40.97706074617347,50176,0.0,0.0,35.889867665816325
Kiralu (40),1.0,4.0,0,32,0,760,0,1257,0,697,47430,58.662806919642854,50176,0.0,0.0,49.67763472576531
Kiralu (41),3.0,8.828427076339722,0,30,0,416,0,729,0,339,48662,31.376953125,50176,0.0,0.0,31.524334343112244
Kiralu (42),0.0,0.0,1,51,0,1033,0,2069,0,1048,45974,81.82198660714286,50176,0.0,0.0,93.74461894132654
Kiralu (43),8.5,19.41421353816986,0,56,0,1218,0,2294,0,1213,45395,94.53234614158163,50176,0.0,0.0,64.248046875
Kiralu (44),1.5,5.414213538169861,0,11,0,316,0,653,0,314,48882,21.451590401785715,50176,0.0,0.0,32.2053372130102
Kirimar (1),0.0,2.0,3,77,0,1355,0,2559,0,1417,44765,102.62814891581633,50176,0.0,0.0,120.87800940688776
Kirimar (10),0.0,0.0,0,0,0,0,0,0,0,0,50176,0.0,50176,0.0,0.0,0.0
Kirimar (11),0.0,2.0,0,19,0,786,0,1601,0,832,46938,63.12490035076531,50176,0.0,0.0,84.38845264668367
Kirimar (12),8.0,12.828427076339722,0,34,0,1261,0,2883,0,1334,44664,110.79001913265306,50176,0.0,0.0,140.83545918367346
Kirimar (13),41.0,27.313708305358887,0,12,0,865,0,1552,0,904,46843,68.33914620535714,50176,0.0,0.0,80.20587531887755
Kirimar (14),8.0,18.82842707633972,0,7,0,309,0,988,0,316,48556,31.178750797193878,50176,0.0,0.0,94.99481823979592
Kirimar (15),35.5,23.899494767189026,0,14,0,847,0,1840,0,851,46624,71.80006377551021,50176,0.0,0.0,112.19776387117346
Kirimar (16),0.0,2.0,2,39,0,954,0,1742,0,947,46492,76.85676419005102,50176,0.0,0.0,85.37946428571429
Kirimar (17),0.0,2.0,1,63,0,1429,0,2844,0,1469,44370,115.23178411989795,50176,0.0,0.0,106.68367346938776
Kirimar (18),0.0,0.0,0,0,0,0,0,0,0,0,50176,0.0,50176,0.0,0.0,0.0
Kirimar (19),4616.0,338.50966596603394,0,16,0,606,0,1565,0,641,47348,49.06269929846939,50176,0.0,0.0,143.6814413265306
Kirimar (20),0.0,2.0,0,19,0,786,0,1601,0,832,46938,63.12490035076531,50176,0.0,0.0,84.38845264668367
Kirimar (21),8.0,12.828427076339722,0,34,0,1261,0,2883,0,1334,44664,110.79001913265306,50176,0.0,0.0,140.83545918367346
Kirimar (22),41.0,27.313708305358887,0,12,0,865,0,1552,0,904,46843,68.33914620535714,50176,0.0,0.0,80.20587531887755
Kirimar (23),8.0,18.82842707633972,0,7,0,309,0,988,0,316,48556,31.178750797193878,50176,0.0,0.0,94.99481823979592
Kirimar (24),35.5,23.899494767189026,0,14,0,847,0,1840,0,851,46624,71.80006377551021,50176,0.0,0.0,112.19776387117346
Kirimar (25),4161.0,561.9310196638107,0,13,0,532,0,1049,0,544,48038,45.49505739795919,50176,0.0,0.0,93.8411790497449
Kirimar (26),0.0,2.0,2,39,0,954,0,1742,0,947,46492,76.85676419005102,50176,0.0,0.0,85.37946428571429
Kirimar (27),961.5,126.04163014888763,0,7,0,417,0,1039,0,401,48312,39.884406887755105,50176,0.0,0.0,52.752311862244895
Kirimar (28),21.5,23.071067690849304,0,12,0,664,0,1291,0,701,47508,52.98100685586735,50176,0.0,0.0,70.6819993622449
Kirimar (29),10.0,17.656854152679443,0,11,0,511,0,972,0,528,48154,42.53218670280612,50176,0.0,0.0,94.57808514030613
Kirimar (3),2.0,6.0,0,26,0,836,0,1672,0,905,46737,65.52873883928571,50176,0.0,0.0,85.7047193877551
Kirimar (30),20.5,28.242640614509583,0,20,0,413,0,919,0,366,48458,36.642020089285715,50176,0.0,0.0,31.01104113520408
Kirimar (31),596.0,150.42640566825867,0,10,0,454,0,1625,0,433,47654,44.1584622130102,50176,0.0,0.0,126.30570392219387
Kirimar (32),100.0,64.14213538169861,0,3,0,361,0,974,0,352,48486,32.91683274872449,50176,0.0,0.0,91.74226721938776
Kirimar (33),0.0,0.0,1,11,0,773,0,1432,0,823,47136,61.20386240433673,50176,0.0,0.0,119.71420599489795
Kirimar (34),0.0,2.0,0,12,0,558,0,1195,0,577,47834,45.718670280612244,50176,0.0,0.0,137.43044483418367
Kirimar (35),624.5,155.69848430156708,0,10,0,218,0,522,0,218,49208,21.329619738520407,50176,0.0,0.0,27.534877232142858
Kirimar (36),0.0,0.0,1,30,0,759,0,1590,0,818,46978,61.224190848214285,50176,0.0,0.0,82.16248804209184
Kirimar (37),170.0,88.62741649150848,0,3,0,380,0,883,0,412,48498,36.53021364795919,50176,0.0,0.0,87.82904177295919
Kirimar (5),0.0,2.0,3,77,0,1355,0,2559,0,1417,44765,102.62814891581633,50176,0.0,0.0,120.87800940688776
Kirimar (6),27.0,24.82842707633972,1,28,0,840,0,1457,0,879,46971,62.21012037627551,50176,0.0,0.0,76.04362643494898
Kirimar (7),53.5,31.899494647979736,0,18,0,881,0,1345,0,900,47032,66.03694993622449,50176,0.0,0.0,101.23565051020408
Kirimar (8),208.0,87.94112491607666,0,11,0,559,0,1501,0,597,47508,46.70459980867347,50176,0.0,0.0,158.51612324617346
Kirimar (9),0.0,2.0,1,63,0,1429,0,2844,0,1469,44370,115.23178411989795,50176,0.0,0.0,106.68367346938776
Kriss (1),7.5,16.242640614509583,0,29,0,922,0,1737,0,875,46613,74.13275271045919,50176,0.0,0.0,127.77951610331633
Kriss (11),1.5,7.414213538169861,0,17,0,554,0,1112,0,544,47949,47.471998565051024,50176,0.0,0.0,71.88645966198979
Kriss (12),0.5,3.414213538169861,1,27,0,737,0,1477,0,691,47243,56.929807079081634,50176,0.0,0.0,129.75645727040816
Kriss (13),0.5,3.414213538169861,0,18,0,698,0,1496,0,732,47232,54.69876036352041,50176,0.0,0.0,149.10405373086735
Kriss (14),559.0,170.91168701648712,0,13,0,669,0,1369,0,663,47462,52.40672831632653,50176,0.0,0.0,154.0235371492347
Kriss (15),3.0,8.0,0,17,0,858,0,1743,0,886,46672,67.3989556760204,50176,0.0,0.0,127.8354193239796
Kriss (16),53.5,31.899494647979736,0,7,0,437,0,734,0,424,48574,33.018474968112244,50176,0.0,0.0,64.42592075892857
Kriss (17),4.0,8.828427076339722,0,30,0,1101,0,1810,0,1142,46093,80.28718909438776,50176,0.0,0.0,87.30050223214286
Kriss (18),555.5,167.49747359752655,0,8,0,686,0,1374,0,672,47436,53.06232063137755,50176,0.0,0.0,154.05402981505102
Kriss (19),0.0,0.0,2,12,0,575,0,1000,0,581,48006,44.57011320153061,50176,0.0,0.0,134.3913424744898
Kriss (20),148.5,64.87005710601807,1,34,0,1098,0,2033,0,1068,45942,83.82942044005102,50176,0.0,0.0,128.9534837372449
Kriss (21),52.0,41.79898929595947,0,16,0,563,0,952,0,539,48106,42.237424266581634,50176,0.0,0.0,67.25157445790816
Kriss (22),8518.5,603.4284942150116,0,18,0,460,0,878,0,442,48378,37.10957429846939,50176,0.0,0.0,63.66360411352041
Kriss (23),11.0,12.828427076339722,0,71,0,1232,0,2233,0,1387,45253,93.64805883290816,50176,0.0,0.0,98.52180325255102
Kriss (24),2.5,7.414213538169861,0,19,0,597,0,1395,0,632,47533,52.23901865433673,50176,0.0,0.0,95.69614955357143
Kriss (25),32.0,24.485281109809875,0,65,0,1156,0,2452,0,1276,45227,96.31108498086735,50176,0.0,0.0,145.70412149234693
Kriss (26),90.5,46.38477599620819,1,33,0,942,0,2129,0,1008,46063,78.70665258290816,50176,0.0,0.0,165.99699059311226
Kriss (27),6.0,12.828427076339722,0,21,0,665,0,1386,0,636,47468,53.011499521683675,50176,0.0,0.0,130.3205715880102
Kriss (28),882.5,136.6690467596054,0,3,0,453,0,966,0,436,48318,37.90746572066327,50176,0.0,0.0,78.63550302933673
Kriss (29),46.5,31.071067571640015,0,16,0,585,0,1323,0,564,47688,53.46888950892857,50176,0.0,0.0,79.08781090561224
Kriss (30),453.5,169.35533845424652,0,29,0,1153,0,2371,0,1236,45387,95.3759765625,50176,0.0,0.0,138.7060546875
Kriss (31),174.0,86.76955199241638,0,32,0,753,0,1433,0,746,47212,61.95093271683673,50176,0.0,0.0,95.86894132653062
Kriss (32),711.0,136.0832598209381,0,15,0,649,0,1104,0,634,47774,50.37388392857143,50176,0.0,0.0,48.7272799744898
Kriss (33),1.5,7.414213538169861,0,17,0,554,0,1112,0,544,47949,47.471998565051024,50176,0.0,0.0,71.88645966198979
Kriss (34),52.0,41.79898929595947,0,16,0,563,0,952,0,539,48106,42.237424266581634,50176,0.0,0.0,67.25157445790816
Kriss (35),8518.5,603.4284942150116,0,18,0,460,0,878,0,442,48378,37.10957429846939,50176,0.0,0.0,63.66360411352041
Kriss (36),11.0,12.828427076339722,0,71,0,1232,0,2233,0,1387,45253,93.64805883290816,50176,0.0,0.0,98.52180325255102
Kriss (37),0.5,3.414213538169861,0,39,0,722,0,1433,0,757,47225,52.259347098214285,50176,0.0,0.0,50.892259247448976
Kriss (38),2.5,7.414213538169861,0,19,0,597,0,1395,0,632,47533,52.23901865433673,50176,0.0,0.0,95.69614955357143
Kriss (39),32.0,24.485281109809875,0,65,0,1156,0,2452,0,1276,45227,96.31108498086735,50176,0.0,0.0,145.70412149234693
Kriss (40),90.5,46.38477599620819,1,33,0,942,0,2129,0,1008,46063,78.70665258290816,50176,0.0,0.0,165.99699059311226
Kriss (41),6.0,12.828427076339722,0,21,0,665,0,1386,0,636,47468,53.011499521683675,50176,0.0,0.0,130.3205715880102
Kriss (42),46.5,31.071067571640015,0,16,0,585,0,1323,0,564,47688,53.46888950892857,50176,0.0,0.0,79.08781090561224
Kriss (43),453.5,169.35533845424652,0,29,0,1153,0,2371,0,1236,45387,95.3759765625,50176,0.0,0.0,138.7060546875
Kriss (44),174.0,86.76955199241638,0,32,0,753,0,1433,0,746,47212,61.95093271683673,50176,0.0,0.0,95.86894132653062
Kurchi (1),1.5,5.414213538169861,0,32,0,850,0,1512,0,834,46948,62.255859375,50176,0.0,0.0,154.1455078125
Kurchi (11),9.0,13.656854152679443,0,63,0,1427,0,2759,0,1594,44333,105.91119260204081,50176,0.0,0.0,160.46765385841837
Kurchi (12),0.0,2.0,0,50,0,947,0,1801,0,950,46428,76.36888153698979,50176,0.0,0.0,74.47325414540816
Kurchi (13),49729.0,892.0,0,27,0,496,0,2311,0,531,46811,55.54747289540816,50176,0.0,0.0,74.53932158801021
Kurchi (14),0.0,0.0,0,0,0,0,0,0,0,0,50176,0.0,50176,0.0,0.0,0.0
Kurchi (15),548.0,215.5391035079956,1,22,0,591,0,1519,0,643,47400,56.36569276147959,50176,0.0,0.0,86.0401387117347
Kurchi (16),7.0,10.828427076339722,0,11,0,673,0,969,0,647,47876,50.48060825892857,50176,0.0,0.0,97.14963329081633
Kurchi (17),5169.5,712.3401808738708,0,5,0,265,0,486,0,285,49135,21.609135841836736,50176,0.0,0.0,26.482880261479593
Kurchi (18),43.0,48.82842707633972,0,16,0,720,0,1271,0,741,47428,58.07328204719388,50176,0.0,0.0,105.96709582270408
Kurchi (19),4.0,12.828427076339722,0,15,0,412,0,810,0,397,48542,31.209243463010203,50176,0.0,0.0,50.74996014030612
Kurchi (20),3.0,8.0,0,53,0,1268,0,2351,0,1366,45138,97.35799984056122,50176,0.0,0.0,94.88301179846938
Kurchi (21),2.0,6.828427076339722,1,29,0,771,0,1287,0,756,47332,57.93606505102041,50176,0.0,0.0,64.51739875637755
Kurchi (22),1.0,4.0,0,23,0,639,0,1320,0,629,47565,51.11079001913265,50176,0.0,0.0,46.33868781887755
Kurchi (23),43.0,28.485281229019165,0,10,0,533,0,911,0,548,48174,43.12679368622449,50176,0.0,0.0,84.2563177614796
Kurchi (24),197.5,131.63960886001587,0,37,0,1038,0,1872,0,1103,46126,84.10385443239795,50176,0.0,0.0,87.93576610331633
Kurchi (25),0.0,0.0,0,0,0,0,0,0,0,0,50176,0.0,50176,0.0,0.0,0.0
Kurchi (26),548.0,215.5391035079956,1,22,0,591,0,1519,0,643,47400,56.36569276147959,50176,0.0,0.0,86.0401387117347
Kurchi (27),49729.0,892.0,0,0,0,15,0,1710,0,15,48436,21.304209183673468,50176,0.0,0.0,35.29526068239796
Kurchi (28),7.0,10.828427076339722,0,11,0,673,0,969,0,647,47876,50.48060825892857,50176,0.0,0.0,97.14963329081633
Kurchi (29),5169.5,712.3401808738708,0,5,0,265,0,486,0,285,49135,21.609135841836736,50176,0.0,0.0,26.482880261479593
Kurchi (30),43.0,48.82842707633972,0,16,0,720,0,1271,0,741,47428,58.07328204719388,50176,0.0,0.0,105.96709582270408
Kurchi (31),4.0,12.828427076339722,0,15,0,412,0,810,0,397,48542,31.209243463010203,50176,0.0,0.0,50.74996014030612
Kurchi (32),3.0,8.0,0,53,0,1268,0,2351,0,1366,45138,97.35799984056122,50176,0.0,0.0,94.88301179846938
Kurchi (33),43.0,28.485281229019165,0,10,0,533,0,911,0,548,48174,43.12679368622449,50176,0.0,0.0,84.2563177614796
Kurchi (34),15.5,16.242640614509583,0,5,0,208,0,370,0,189,49404,15.637655452806122,50176,0.0,0.0,18.168546715561224
Kurchi (35),197.5,131.63960886001587,0,37,0,1038,0,1872,0,1103,46126,84.10385443239795,50176,0.0,0.0,87.93576610331633
Kurchi (36),129.5,50.72792184352875,0,7,0,495,0,1633,0,553,47488,42.51185825892857,50176,0.0,0.0,188.53107063137756
Kurchi (37),14.0,17.656854152679443,0,11,0,403,0,958,0,404,48400,31.229571906887756,50176,0.0,0.0,152.55480707908163
Kurchi (38),3.5,9.41421353816986,0,27,0,787,0,1313,0,782,47267,59.82661033163265,50176,0.0,0.0,107.9491191007653
Kurchi (39),1.0,4.828427076339722,0,25,0,630,0,1584,0,663,47274,59.292988679846935,50176,0.0,0.0,115.16571667729592
Kurchi (40),1.0,4.828427076339722,0,25,0,630,0,1584,0,663,47274,59.292988679846935,50176,0.0,0.0,115.16571667729592
Kurchi (41),57.5,29.899494767189026,1,9,0,297,0,645,0,267,48957,25.771384725765305,50176,0.0,0.0,32.530592315051024
Kurchi (42),11.5,25.41421353816986,0,15,0,716,0,1220,0,717,47508,55.60845822704081,50176,0.0,0.0,86.72114158163265
Kurchi (43),9.0,20.82842707633972,0,16,0,690,0,1170,0,680,47620,53.941525829081634,50176,0.0,0.0,86.08079559948979
Kurchi (44),1.5,5.414213538169861,0,32,0,850,0,1512,0,834,46948,62.255859375,50176,0.0,0.0,154.1455078125
Kutilal (1),59.5,31.55634880065918,0,15,0,1227,0,2481,0,1429,45024,93.21099728954081,50176,0.0,0.0,182.79844945790816
Kutilal (11),2.0,6.0,0,36,0,1381,0,2296,0,1377,45086,102.67897002551021,50176,0.0,0.0,99.50773278061224
Kutilal (12),9.0,37.31370830535889,0,20,0,756,0,1334,0,738,47328,62.479472257653065,50176,0.0,0.0,69.3555683992347
Kutilal (13),0.0,2.0,0,43,0,1067,0,1936,0,1196,45934,81.52722417091837,50176,0.0,0.0,149.3683235012755
Kutilal (14),4.5,11.41421353816986,0,6,0,211,0,371,0,168,49420,15.104033801020408,50176,0.0,0.0,9.996512276785714
Kutilal (15),4.5,11.41421353816986,0,6,0,211,0,371,0,168,49420,15.104033801020408,50176,0.0,0.0,9.996512276785714
Kutilal (16),1.0,4.0,2,33,0,1272,0,2308,0,1267,45294,103.39046556122449,50176,0.0,0.0,117.80333227040816
Kutilal (17),1.0,4.0,2,33,0,1272,0,2308,0,1267,45294,103.39046556122449,50176,0.0,0.0,117.80333227040816
Kutilal (18),83.0,43.3137081861496,1,15,0,462,0,834,0,442,48422,36.44381776147959,50176,0.0,0.0,32.713548309948976
Kutilal (19),4.0,10.0,0,9,0,253,0,456,0,210,49248,18.600526147959183,50176,0.0,0.0,12.67986686862245
Kutilal (20),93.0,51.79898929595947,0,1,0,82,0,116,0,75,49902,5.107521524234694,50176,0.0,0.0,4.756855867346939
Kutilal (21),49729.0,892.0,0,15,0,222,0,1815,0,236,47888,31.75811144770408,50176,0.0,0.0,23.641980229591837
Kutilal (22),92.0,52.627416372299194,0,4,0,72,0,115,0,67,49918,4.965222417091836,50176,0.0,0.0,4.848333864795919
Kutilal (23),247.0,68.6274162530899,0,1,0,33,0,60,0,26,50056,2.2361288265306123,50176,0.0,0.0,1.8295599489795917
Kutilal (24),2.0,6.0,0,66,0,1058,0,2013,0,1024,46015,78.22893415178571,50176,0.0,0.0,54.505640146683675
Kutilal (25),247.0,68.6274162530899,0,1,0,33,0,60,0,26,50056,2.2361288265306123,50176,0.0,0.0,1.8295599489795917
Kutilal (26),92.5,51.21320307254791,0,1,0,83,0,112,0,76,49904,5.000797193877551,50176,0.0,0.0,4.767020089285714
Kutilal (27),4.0,10.828427076339722,0,11,0,246,0,435,0,207,49277,18.097397161989797,50176,0.0,0.0,12.507075095663266
Kutilal (28),5.5,9.41421353816986,0,15,0,763,0,1367,0,791,47240,60.975167410714285,50176,0.0,0.0,109.49916294642857
Kutilal (29),184.0,79.45584392547607,0,2,0,63,0,150,0,45,49916,5.437858737244898,50176,0.0,0.0,2.78499681122449
Kutilal (30),1.5,5.414213538169861,0,27,0,438,0,681,0,399,48631,31.300721460459183,50176,0.0,0.0,20.663863201530614
Kutilal (31),1.0,4.0,0,23,0,861,0,1655,0,855,46782,72.14564732142857,50176,0.0,0.0,104.091796875
Kutilal (32),92.5,51.21320307254791,0,1,0,83,0,112,0,76,49904,5.000797193877551,50176,0.0,0.0,4.767020089285714
Kutilal (33),0.0,4.0,0,34,0,864,0,1717,0,853,46708,70.97676179846938,50176,0.0,0.0,79.95685188137755
Kutilal (34),0.0,0.0,0,0,0,0,0,0,0,0,50176,0.0,50176,0.0,0.0,0.0
Kutilal (35),315.0,104.91168689727783,0,10,0,694,0,1007,0,723,47742,54.33284837372449,50176,0.0,0.0,49.16942362882653
Kutilal (36),1.5,5.414213538169861,0,27,0,438,0,681,0,399,48631,31.300721460459183,50176,0.0,0.0,20.663863201530614
Kutilal (37),0.0,0.0,0,0,0,0,0,0,0,0,50176,0.0,50176,0.0,0.0,0.0
Kutilal (38),0.0,2.0,0,31,0,900,0,1789,0,996,46460,73.16715162627551,50176,0.0,0.0,150.4558952487245
Kutilal (39),4.0,10.828427076339722,0,11,0,246,0,435,0,207,49277,18.097397161989797,50176,0.0,0.0,12.507075095663266
Kutilal (40),216.5,109.84061968326569,0,19,0,867,0,1664,0,890,46736,72.63352997448979,50176,0.0,0.0,104.19852120535714
Kutilal (41),0.0,0.0,0,0,0,0,0,0,0,0,50176,0.0,50176,0.0,0.0,0.0
Kutilal (42),2.5,7.414213538169861,0,44,0,1111,0,1930,0,1105,45986,86.86344068877551,50176,0.0,0.0,126.28537547831633
Kutilal (43),3873.5,524.4680359363556,0,12,0,265,0,1068,0,295,48536,27.514548788265305,50176,0.0,0.0,67.87159199617346
Kutilal (44),2.0,8.828427076339722,0,8,0,535,0,798,0,549,48286,41.47002551020408,50176,0.0,0.0,84.26139987244898
Laal shaak (1),7273.0,740.4751768112183,0,12,0,447,0,1581,0,436,47700,36.453981983418366,50176,0.0,0.0,114.55078125
Laal shaak (11),0.0,0.0,1,3,0,236,0,806,0,215,48915,19.078244579081634,50176,0.0,0.0,62.81997369260204
Laal shaak (12),49729.0,892.0,0,8,0,263,0,1302,0,263,48340,21.019610969387756,50176,0.0,0.0,173.41179049744898
Laal shaak (13),49729.0,892.0,0,7,0,308,0,1515,0,314,48032,28.891800860969386,50176,0.0,0.0,160.10174186862244
Laal shaak (14),26024.5,1943.0163651704788,0,6,0,356,0,1424,0,362,48028,28.683434311224488,50176,0.0,0.0,136.7545240752551
Laal shaak (15),49729.0,892.0,0,1,0,195,0,1244,0,194,48542,16.440628985969386,50176,0.0,0.0,201.09913105867346
Laal shaak (16),19269.5,1922.388951420784,0,11,0,332,0,1427,0,328,48078,28.50556042729592,50176,0.0,0.0,102.45027503188776
Laal shaak (17),49729.0,892.0,0,4,0,214,0,1207,0,215,48536,16.760801977040817,50176,0.0,0.0,194.27385602678572
Laal shaak (18),49729.0,892.0,0,10,0,306,0,1531,0,313,48016,29.374601403061224,50176,0.0,0.0,158.9938416772959
Laal shaak (19),49729.0,892.0,0,10,0,351,0,1573,0,360,47882,31.412527901785715,50176,0.0,0.0,142.6853475765306
Laal shaak (20),2974.0,307.7401144504547,0,5,0,348,0,1423,0,336,48064,28.57162786989796,50176,0.0,0.0,102.42486447704081
Laal shaak (21),29702.0,1764.6660810709,0,3,0,270,0,1379,0,264,48260,24.124780771683675,50176,0.0,0.0,155.15176578443877
Laal shaak (22),69.5,107.89949476718903,0,4,0,315,0,1433,0,302,48122,28.983278858418366,50176,0.0,0.0,122.32641103316327
Laal shaak (23),49729.0,892.0,0,10,0,377,0,1643,0,380,47766,34.62950414540816,50176,0.0,0.0,192.14445153061226
Laal shaak (24),0.0,0.0,0,0,0,0,0,0,0,0,50176,0.0,50176,0.0,0.0,0.0
Laal shaak (25),49729.0,892.0,0,4,0,290,0,1490,0,292,48100,27.636519451530614,50176,0.0,0.0,91.94046954719387
Laal shaak (26),49729.0,892.0,0,7,0,237,0,1302,0,234,48396,21.370276626275512,50176,0.0,0.0,176.82696906887756
Laal shaak (27),49729.0,892.0,0,2,0,336,0,1397,0,337,48104,27.072405133928573,50176,0.0,0.0,108.54372608418367
Laal shaak (28),2997.5,309.63960909843445,0,12,0,352,0,1408,0,343,48061,28.774912308673468,50176,0.0,0.0,102.42994658801021
Laal shaak (29),128.0,82.76955187320709,0,22,0,546,0,1120,0,545,47943,40.6721340880102,50176,0.0,0.0,58.85592713647959
Laal shaak (30),2.5,7.414213538169861,0,35,0,1396,0,2751,0,1436,44558,109.17390784438776,50176,0.0,0.0,97.84588249362245
Laal shaak (31),0.5,5.414213538169861,0,39,0,1110,0,2232,0,1166,45629,81.1409837372449,50176,0.0,0.0,99.91938376913265
Laal shaak (32),0.0,2.0,1,64,0,907,0,1916,0,917,46371,69.98066804846938,50176,0.0,0.0,75.74886399872449
Laal shaak (33),8.5,17.071067690849304,0,3,0,323,0,1213,0,315,48322,27.570452008928573,50176,0.0,0.0,120.91866629464286
Laal shaak (34),2.0,8.828427076339722,0,12,0,525,0,1361,0,556,47722,41.58183195153061,50176,0.0,0.0,164.7366270727041
Laal shaak (35),49729.0,892.0,0,7,0,237,0,1302,0,234,48396,21.370276626275512,50176,0.0,0.0,176.82696906887756
Laal shaak (36),49729.0,892.0,0,2,0,336,0,1397,0,337,48104,27.072405133928573,50176,0.0,0.0,108.54372608418367
Laal shaak (37),49729.0,892.0,0,2,0,195,0,1222,0,195,48562,16.511778539540817,50176,0.0,0.0,194.7414102359694
Laal shaak (38),2693.0,380.65180122852325,0,11,0,374,0,1368,0,361,48062,29.903140943877553,50176,0.0,0.0,108.02026865433673
Laal shaak (39),2997.5,309.63960909843445,0,12,0,352,0,1408,0,343,48061,28.774912308673468,50176,0.0,0.0,102.42994658801021
Laal shaak (40),128.0,82.76955187320709,0,22,0,546,0,1120,0,545,47943,40.6721340880102,50176,0.0,0.0,58.85592713647959
Laal shaak (41),2.5,7.414213538169861,0,35,0,1396,0,2751,0,1436,44558,109.17390784438776,50176,0.0,0.0,97.84588249362245
Laal shaak (42),0.5,5.414213538169861,0,39,0,1110,0,2232,0,1166,45629,81.1409837372449,50176,0.0,0.0,99.91938376913265
Laal shaak (43),8.5,17.071067690849304,0,3,0,323,0,1213,0,315,48322,27.570452008928573,50176,0.0,0.0,120.91866629464286
Laal shaak (44),2.0,8.828427076339722,0,12,0,525,0,1361,0,556,47722,41.58183195153061,50176,0.0,0.0,164.7366270727041
Laskar (1),68.0,53.65685415267944,0,36,0,759,0,1727,0,727,46927,59.99431999362245,50176,0.0,0.0,119.4041972257653
Laskar (10),3.5,9.41421353816986,0,61,0,1241,0,2784,0,1428,44662,99.63478555484694,50176,0.0,0.0,107.40533322704081
Laskar (2),344.5,120.18376541137695,0,17,0,744,0,1579,0,750,47086,63.05375079719388,50176,0.0,0.0,163.49659199617346
Laskar (27),160.5,79.69848430156708,0,21,0,298,0,460,0,287,49110,21.029775191326532,50176,0.0,0.0,15.541095344387756
Laskar (28),49729.0,892.0,0,6,0,263,0,1478,0,325,48104,23.113440688775512,50176,0.0,0.0,243.60082509566325
Laskar (29),46607.0,864.0,0,2,0,225,0,1200,0,229,48520,23.9469068877551,50176,0.0,0.0,185.08031728316325
Laskar (3),40046.5,1904.7909712791443,0,14,0,332,0,1522,0,338,47970,29.323780293367346,50176,0.0,0.0,206.72502790178572
Laskar (30),28.5,27.899494647979736,1,28,0,822,0,1785,0,917,46623,63.0842434630102,50176,0.0,0.0,82.94005102040816
Laskar (31),46572.0,886.1421353816986,0,16,0,224,0,1249,0,261,48426,24.47036431760204,50176,0.0,0.0,211.57336176658163
Laskar (32),49729.0,892.0,0,17,0,450,0,1636,0,467,47606,35.55953045280612,50176,0.0,0.0,209.89118303571428
Laskar (33),24943.0,1841.1067678928375,0,14,0,589,0,1390,0,613,47570,52.93018574617347,50176,0.0,0.0,129.15168606505102
Laskar (34),46599.0,865.6568541526794,0,20,0,515,0,1787,0,546,47308,47.19248246173469,50176,0.0,0.0,172.55799585459184
Laskar (35),844.0,173.39696848392487,0,19,0,506,0,1727,0,502,47422,40.84492586096939,50176,0.0,0.0,186.62527901785714
Laskar (36),4.0,10.828427076339722,0,13,0,435,0,1173,0,421,48134,35.966099330357146,50176,0.0,0.0,81.3036112882653
Laskar (37),0.0,0.0,1,10,0,379,0,1019,0,386,48381,38.15140704719388,50176,0.0,0.0,43.02006935586735
Laskar (38),0.0,4.0,0,26,0,578,0,1309,0,597,47666,45.728834502551024,50176,0.0,0.0,98.81656568877551
Laskar (39),1809.0,304.93607211112976,0,14,0,534,0,1160,0,527,47941,41.729213169642854,50176,0.0,0.0,79.25043845663265
Laskar (4),2.0,8.828427076339722,0,68,0,1401,0,3221,0,1519,43967,122.75839046556122,50176,0.0,0.0,132.34325175382654
Laskar (40),0.0,2.0,0,36,0,742,0,2024,0,772,46602,60.10104432397959,50176,0.0,0.0,169.0411750637755
Laskar (41),14.5,18.242640614509583,0,62,0,1094,0,2315,0,1286,45419,82.06592793367346,50176,0.0,0.0,160.2389588647959
Laskar (42),68.0,53.65685415267944,0,36,0,759,0,1727,0,727,46927,59.99431999362245,50176,0.0,0.0,119.4041972257653
Laskar (43),68.0,53.65685415267944,0,36,0,759,0,1727,0,727,46927,59.99431999362245,50176,0.0,0.0,119.4041972257653
Laskar (44),43541.5,1163.203097820282,0,16,0,506,0,1778,0,704,47172,46.54705436862245,50176,0.0,0.0,212.31534996811226
Laskar (45),44823.5,849.4142135381699,0,8,0,608,0,1649,0,611,47300,53.02166374362245,50176,0.0,0.0,174.31640625
Laskar (46),261.0,78.28427076339722,0,28,0,867,0,2776,0,943,45562,83.3008808992347,50176,0.0,0.0,142.25336814413265
Laskar (47),34688.5,2166.070188641548,0,13,0,510,0,1792,0,506,47355,48.99154974489796,50176,0.0,0.0,174.3977200255102
Laskar (48),8.5,12.242640614509583,1,15,0,634,0,1541,0,688,47297,53.70266661352041,50176,0.0,0.0,189.34420838647958
Laskar (49),42730.5,2145.3838971853256,0,27,0,412,0,1684,0,443,47610,34.837870695153065,50176,0.0,0.0,221.19887994260205
Laskar (5),46607.0,864.0,0,18,0,473,0,1728,0,576,47381,44.00599888392857,50176,0.0,0.0,213.40292171556123
Laskar (50),58.0,40.485281229019165,0,23,0,539,0,1067,0,525,48022,41.480189732142854,50176,0.0,0.0,41.40395806760204
Laskar (51),0.0,0.0,1,20,0,357,0,1155,0,309,48334,33.14044563137755,50176,0.0,0.0,71.36808434311224
Laskar (6),6.5,16.242640614509583,0,32,0,999,0,2297,0,1187,45661,83.7125318877551,50176,0.0,0.0,107.05466757015306
Laskar (7),57.5,46.38477635383606,0,28,0,469,0,1333,0,506,47840,41.195591517857146,50176,0.0,0.0,79.60618622448979
Laskar (8),6.0,10.0,1,39,0,1384,0,3519,0,1635,43598,122.69232302295919,50176,0.0,0.0,164.6044921875
Laskar (9),7.0,10.828427076339722,0,55,0,1280,0,2418,0,1396,45027,100.4834980867347,50176,0.0,0.0,141.79089604591837
Lat Jiara (1),4024.5,509.4974739551544,0,18,0,633,0,2214,0,719,46592,69.19802295918367,50176,0.0,0.0,117.49332350127551
Lat Jiara (11),45818.0,1579.7300087213516,0,4,0,174,0,1328,0,168,48502,17.853455835459183,50176,0.0,0.0,236.68407206632654
Lat Jiara (12),33403.5,1760.6488374471664,0,5,0,307,0,1318,0,304,48242,25.212352519132654,50176,0.0,0.0,173.90983737244898
Lat Jiara (13),49729.0,892.0,0,13,0,362,0,1429,0,356,48016,26.833545918367346,50176,0.0,0.0,216.3556281887755
Lat Jiara (14),49729.0,892.0,0,13,0,362,0,1429,0,356,48016,26.833545918367346,50176,0.0,0.0,216.3556281887755
Lat Jiara (15),32131.0,1150.3473193645477,0,18,0,679,0,1469,0,808,47202,58.861009247448976,50176,0.0,0.0,146.60873724489795
Lat Jiara (16),4.5,10.242640614509583,0,11,0,282,0,1401,0,298,48184,33.38438695790816,50176,0.0,0.0,82.87906568877551
Lat Jiara (17),33347.5,1773.4772621393204,0,5,0,309,0,1324,0,306,48232,25.522361288265305,50176,0.0,0.0,173.65573182397958
Lat Jiara (18),144.0,66.97056245803833,0,0,0,16,0,46,0,12,50102,1.2146245216836735,50176,0.0,0.0,0.8944515306122449
Lat Jiara (19),5.5,13.41421353816986,0,10,0,696,0,1492,0,738,47240,57.626056281887756,50176,0.0,0.0,106.7446588010204
Lat Jiara (20),266.0,76.76955223083496,0,11,0,758,0,1493,0,786,47128,60.93451052295919,50176,0.0,0.0,105.22510762117346
Lat Jiara (21),3.0,6.828427076339722,0,13,0,793,0,1707,0,859,46804,67.37862723214286,50176,0.0,0.0,139.18377311862244
Lat Jiara (22),45777.0,1580.4163000583649,0,4,0,166,0,1340,0,162,48504,18.11264349489796,50176,0.0,0.0,236.48586973852042
Lat Jiara (23),28897.5,1578.3544589281082,0,13,0,656,0,1628,0,773,47106,62.45914381377551,50176,0.0,0.0,138.55867346938774
Lat Jiara (24),31511.0,1163.9209142923355,0,3,0,453,0,993,0,503,48224,33.836694834183675,50176,0.0,0.0,158.61776546556123
Lat Jiara (25),142.5,66.38477599620819,0,1,0,15,0,44,0,12,50104,1.2146245216836735,50176,0.0,0.0,0.8842873086734694
Lat Jiara (26),5.5,13.41421353816986,0,10,0,696,0,1492,0,738,47240,57.626056281887756,50176,0.0,0.0,106.7446588010204
Lat Jiara (27),0.5,3.414213538169861,0,10,0,175,0,759,0,160,49072,16.471121651785715,50176,0.0,0.0,106.93777901785714
Lat Jiara (28),374.0,144.91168749332428,0,27,0,788,0,1431,0,775,47155,64.07017299107143,50176,0.0,0.0,106.61252391581633
Lat Jiara (29),13.0,27.656854152679443,0,22,0,837,0,1900,0,853,46564,73.45174984056122,50176,0.0,0.0,162.82575334821428
Lat Jiara (30),411.5,129.84061932563782,0,22,0,1042,0,2113,0,1080,45919,88.46938775510205,50176,0.0,0.0,82.9654615752551
Lat Jiara (31),28897.5,1578.3544589281082,0,13,0,656,0,1628,0,773,47106,62.45914381377551,50176,0.0,0.0,138.55867346938774
Lat Jiara (32),30.0,41.65685415267944,0,13,0,802,0,1680,0,789,46892,69.41147161989795,50176,0.0,0.0,136.962890625
Lat Jiara (33),16.0,30.82842707633972,0,11,0,600,0,1264,0,595,47706,53.48413584183673,50176,0.0,0.0,120.76620296556122
Lat Jiara (34),584.5,189.49747383594513,0,12,0,746,0,1785,0,789,46844,64.4106744260204,50176,0.0,0.0,157.91643415178572
Lat Jiara (35),220.0,72.28427052497864,0,13,0,639,0,1227,0,631,47666,55.48140545280612,50176,0.0,0.0,65.05102040816327
Lat Jiara (36),45777.0,1580.4163000583649,0,4,0,166,0,1340,0,162,48504,18.11264349489796,50176,0.0,0.0,236.48586973852042
Lat Jiara (37),34086.5,1342.5899616479874,0,6,0,397,0,1010,0,415,48348,34.822624362244895,50176,0.0,0.0,172.76636240433675
Lat Jiara (38),12.0,25.313708305358887,0,74,0,1562,0,3239,0,1641,43660,127.22556600765306,50176,0.0,0.0,118.6571269132653
Lat Jiara (39),120.5,51.69848430156708,0,25,0,855,0,1443,0,823,47030,67.70896444515306,50176,0.0,0.0,62.99784757653061
Lat Jiara (40),4475.5,598.7523064613342,0,2,0,336,0,1288,0,350,48200,31.397281568877553,50176,0.0,0.0,109.4432597257653
Lat Jiara (41),140.0,53.31370830535889,0,7,0,368,0,673,0,342,48786,28.932457748724488,50176,0.0,0.0,31.473513233418366
Lat Jiara (42),1849.0,480.7695518732071,0,23,0,716,0,1853,0,736,46848,65.00528140943878,50176,0.0,0.0,84.96273118622449
Lat Jiara (43),3125.0,474.8284270763397,0,11,0,717,0,1915,0,805,46728,64.93921396683673,50176,0.0,0.0,142.37025669642858
Lat Jiara (44),9.0,14.828427076339722,0,24,0,1060,0,2152,0,1101,45839,88.12380420918367,50176,0.0,0.0,124.93861607142857
Loni (1),49729.0,892.0,0,3,0,390,0,1507,0,436,47840,32.19517299107143,50176,0.0,0.0,176.42040019132654
Loni (15),49729.0,892.0,0,3,0,374,0,1454,0,377,47968,30.284299266581634,50176,0.0,0.0,171.17057955994898
Loni (16),6.5,12.242640614509583,1,55,0,1015,0,1870,0,989,46246,81.68476961096938,50176,0.0,0.0,93.56674505739795
Loni (17),21.0,30.97056233882904,1,66,0,1030,0,2141,0,997,45941,78.02564971301021,50176,0.0,0.0,69.45721061862245
Loni (18),2.0,6.0,0,89,0,2279,0,4389,0,2607,40812,174.42313058035714,50176,0.0,0.0,146.4664381377551
Loni (19),113.0,45.31370830535889,0,15,0,500,0,1490,0,509,47662,47.04510124362245,50176,0.0,0.0,102.36896125637755
Loni (2),49729.0,892.0,0,4,0,366,0,1445,0,371,47990,29.918387276785715,50176,0.0,0.0,171.1553332270408
Loni (20),3.5,9.41421353816986,1,50,0,1064,0,2237,0,1125,45699,84.82043207908163,50176,0.0,0.0,109.37719228316327
Loni (21),2954.0,524.901583313942,0,29,0,1130,0,2160,0,1185,45672,91.04601801658163,50176,0.0,0.0,115.83147321428571
Loni (22),1.0,4.0,0,24,0,928,0,1978,0,969,46277,79.46388711734694,50176,0.0,0.0,127.67279177295919
Loni (23),7.0,10.828427076339722,0,42,0,1176,0,2249,0,1159,45550,93.3837890625,50176,0.0,0.0,88.63201530612245
Loni (24),327.5,91.8406194448471,0,15,0,520,0,1517,0,512,47612,46.709681919642854,50176,0.0,0.0,68.07487643494898
Loni (25),132.5,56.38477599620819,0,31,0,1104,0,2354,0,1169,45518,86.9955755739796,50176,0.0,0.0,135.98712531887756
Loni (26),0.0,0.0,1,39,0,990,0,2078,0,1076,45992,80.69884008290816,50176,0.0,0.0,139.67165577168367
Loni (27),0.0,2.0,0,29,0,987,0,1771,0,963,46426,75.94198421556122,50176,0.0,0.0,82.0151068239796
Loni (28),0.5,3.414213538169861,1,26,0,546,0,1276,0,516,47811,44.58535953443877,50176,0.0,0.0,47.89889588647959
Loni (29),32.5,25.071067690849304,0,27,0,661,0,1529,0,666,47293,52.30000398596939,50176,0.0,0.0,74.72227758290816
Loni (3),406.0,97.4558435678482,0,2,0,73,0,251,0,58,49792,5.915577168367347,50176,0.0,0.0,12.806919642857142
Loni (30),41.0,26.82842707633972,0,10,0,766,0,1977,0,821,46602,66.04711415816327,50176,0.0,0.0,174.1131218112245
Loni (31),48162.0,1375.8721445798874,0,122,0,2525,0,6009,0,3125,38395,195.45798788265307,50176,0.0,0.0,154.1455078125
Loni (32),0.0,6.0,0,54,0,1688,0,3427,0,1952,43055,129.7869499362245,50176,0.0,0.0,147.14235889668367
Loni (33),0.0,2.0,2,53,0,1035,0,2325,0,1282,45479,83.14841757015306,50176,0.0,0.0,162.41918447066325
Loni (34),49729.0,892.0,0,17,0,394,0,1877,0,459,47429,40.52983498086735,50176,0.0,0.0,213.21996572066325
Loni (35),4253.0,545.5391038656235,0,11,0,209,0,826,0,185,48945,20.592713647959183,50176,0.0,0.0,35.41214923469388
Loni (36),49729.0,892.0,0,2,0,578,0,1783,0,623,47190,47.76676100127551,50176,0.0,0.0,189.35945471938774
Loni (37),49729.0,892.0,0,2,0,394,0,1420,0,406,47954,30.767099808673468,50176,0.0,0.0,180.49117107780611
Loni (38),49729.0,892.0,0,2,0,394,0,1420,0,406,47954,30.767099808673468,50176,0.0,0.0,180.49117107780611
Loni (39),49729.0,892.0,0,2,0,394,0,1420,0,406,47954,30.767099808673468,50176,0.0,0.0,180.49117107780611
Loni (4),0.0,0.0,0,0,0,0,0,0,0,0,50176,0.0,50176,0.0,0.0,0.0
Loni (40),49729.0,892.0,0,9,0,434,0,1847,0,470,47416,42.64907525510204,50176,0.0,0.0,185.3140943877551
Loni (41),49729.0,892.0,0,8,0,273,0,1468,0,285,48142,25.751056281887756,50176,0.0,0.0,210.5569395727041
Loni (42),49714.5,891.4142135381699,0,7,0,425,0,1581,0,447,47716,34.898856026785715,50176,0.0,0.0,173.9454121492347
Loni (43),49729.0,892.0,0,8,0,273,0,1468,0,285,48142,25.751056281887756,50176,0.0,0.0,210.5569395727041
Loni (44),49729.0,892.0,0,3,0,391,0,1492,0,426,47864,31.371871014030614,50176,0.0,0.0,176.6338488520408
Loni (5),1.0,8.828427076339722,0,8,0,472,0,1121,0,450,48125,42.88793447066327,50176,0.0,0.0,81.17147640306122
Mamajjaka (1),0.0,0.0,2,67,0,1533,0,2328,0,1607,44639,110.04803093112245,50176,0.0,0.0,107.87796954719387
Mamajjaka (11),3674.5,269.3553384542465,0,5,0,677,0,1727,0,695,47072,52.98608896683673,50176,0.0,0.0,198.87316645408163
Mamajjaka (12),0.0,2.0,1,78,0,1523,0,2621,0,1550,44403,114.44405691964286,50176,0.0,0.0,95.81812021683673
Mamajjaka (13),349.5,92.38477599620819,1,41,0,1050,0,2036,0,1036,46012,82.5131536989796,50176,0.0,0.0,109.58047672193878
Mamajjaka (14),11.5,14.242640614509583,1,34,0,1531,0,2708,0,1706,44196,121.79787149234694,50176,0.0,0.0,121.90967793367346
Mamajjaka (15),51.0,70.48528122901917,0,32,0,1401,0,1833,0,1410,45500,95.16252790178571,50176,0.0,0.0,114.49996014030613
Mamajjaka (16),67.5,38.72792196273804,0,38,0,1116,0,1946,0,1161,45915,87.4936224489796,50176,0.0,0.0,115.56720344387755
Mamajjaka (17),39523.0,1671.6610308885574,0,8,0,653,0,1530,0,671,47314,52.46771364795919,50176,0.0,0.0,192.35790019132654
Mamajjaka (18),39523.0,1671.6610308885574,0,8,0,653,0,1530,0,671,47314,52.46771364795919,50176,0.0,0.0,192.35790019132654
Mamajjaka (19),0.0,2.0,0,29,0,1158,0,1228,0,1159,46602,79.87553810586735,50176,0.0,0.0,63.61786511479592
Mamajjaka (20),10.5,24.242640614509583,0,31,0,1535,0,2728,0,1696,44186,120.95932318239795,50176,0.0,0.0,122.32641103316327
Mamajjaka (21),9.5,12.242640614509583,0,37,0,1369,0,2502,0,1533,44735,110.38853236607143,50176,0.0,0.0,122.42805325255102
Mamajjaka (22),0.0,2.0,0,33,0,1462,0,2717,0,1658,44306,118.72319435586735,50176,0.0,0.0,123.8866191007653
Mamajjaka (23),3674.5,269.3553384542465,0,5,0,677,0,1727,0,695,47072,52.98608896683673,50176,0.0,0.0,198.87316645408163
Mamajjaka (24),339.0,92.14213538169861,0,26,0,1071,0,2142,0,1043,45894,86.05030293367346,50176,0.0,0.0,115.05391023596938
Mamajjaka (25),6.0,10.828427076339722,0,38,0,1372,0,2133,0,1433,45200,93.36346061862245,50176,0.0,0.0,110.37836814413265
Mamajjaka (26),9.5,12.242640614509583,0,37,0,1369,0,2502,0,1533,44735,110.38853236607143,50176,0.0,0.0,122.42805325255102
Mamajjaka (27),1.5,5.414213538169861,0,46,0,993,0,2284,0,998,45855,90.90371890943878,50176,0.0,0.0,94.92366868622449
Mamajjaka (28),0.0,2.0,0,33,0,1462,0,2717,0,1658,44306,118.72319435586735,50176,0.0,0.0,123.8866191007653
Mamajjaka (29),0.0,0.0,0,0,0,0,0,0,0,0,50176,0.0,50176,0.0,0.0,0.0
Mamajjaka (30),1.5,5.414213538169861,0,73,0,1672,0,3046,0,1855,43530,126.6309590242347,50176,0.0,0.0,130.9456712372449
Mamajjaka (31),0.0,2.0,0,38,0,1563,0,2677,0,1695,44203,121.74705038265306,50176,0.0,0.0,117.53398038903062
Mamajjaka (32),0.0,0.0,0,0,0,0,0,0,0,0,50176,0.0,50176,0.0,0.0,0.0
Mamajjaka (33),0.0,0.0,1,35,0,1472,0,2960,0,1633,44075,117.11724728954081,50176,0.0,0.0,154.2674784757653
Mamajjaka (34),6.0,10.828427076339722,0,38,0,1372,0,2133,0,1433,45200,93.36346061862245,50176,0.0,0.0,110.37836814413265
Mamajjaka (35),9.5,12.242640614509583,0,37,0,1369,0,2502,0,1533,44735,110.38853236607143,50176,0.0,0.0,122.42805325255102
Mamajjaka (36),0.0,0.0,1,40,0,1018,0,1682,0,983,46452,78.46271125637755,50176,0.0,0.0,47.61937978316327
Mamajjaka (37),1.5,5.414213538169861,0,46,0,993,0,2284,0,998,45855,90.90371890943878,50176,0.0,0.0,94.92366868622449
Mamajjaka (38),0.0,2.0,0,33,0,1462,0,2717,0,1658,44306,118.72319435586735,50176,0.0,0.0,123.8866191007653
Mamajjaka (39),11.0,16.82842707633972,0,57,0,1173,0,2293,0,1340,45313,94.95416135204081,50176,0.0,0.0,118.6215521364796
Mamajjaka (40),0.0,0.0,0,0,0,0,0,0,0,0,50176,0.0,50176,0.0,0.0,0.0
Mamajjaka (41),1.5,5.414213538169861,0,73,0,1672,0,3046,0,1855,43530,126.6309590242347,50176,0.0,0.0,130.9456712372449
Mamajjaka (42),6.5,11.41421353816986,0,54,0,1541,0,3405,0,1783,43393,129.67006138392858,50176,0.0,0.0,156.35622608418367
Mamajjaka (43),0.0,0.0,0,0,0,0,0,0,0,0,50176,0.0,50176,0.0,0.0,0.0
Mamajjaka (44),0.0,0.0,1,35,0,1472,0,2960,0,1633,44075,117.11724728954081,50176,0.0,0.0,154.2674784757653
Mameche (1),0.0,0.0,1,2,0,60,0,450,0,52,49611,8.55827487244898,50176,0.0,0.0,13.58448262117347
Mameche (10),8393.5,1310.0113142728806,0,13,0,450,0,791,0,468,48454,34.85311702806123,50176,0.0,0.0,44.5751953125
Mameche (2),49729.0,892.0,0,2,0,341,0,1524,0,347,47962,29.471161511479593,50176,0.0,0.0,168.73116629464286
Mameche (3),49729.0,892.0,0,0,0,159,0,1162,0,159,48696,13.035614636479592,50176,0.0,0.0,217.62107382015307
Mameche (31),367.5,115.8406194448471,1,43,0,1445,0,2541,0,1450,44696,111.96906887755102,50176,0.0,0.0,112.37563775510205
Mameche (32),25.0,25.313708305358887,0,14,0,665,0,1433,0,666,47398,51.97983099489796,50176,0.0,0.0,107.6187818877551
Mameche (33),0.0,0.0,1,2,0,60,0,450,0,52,49611,8.55827487244898,50176,0.0,0.0,13.58448262117347
Mameche (34),3284.5,621.6883796453476,0,6,0,153,0,394,0,151,49472,12.38510443239796,50176,0.0,0.0,18.107561383928573
Mameche (35),49729.0,892.0,0,6,0,602,0,1770,0,628,47170,48.036112882653065,50176,0.0,0.0,171.1248405612245
Mameche (36),1.5,5.414213538169861,0,36,0,1134,0,2063,0,1128,45815,85.06437340561224,50176,0.0,0.0,91.64570711096938
Mameche (37),48.5,31.899494767189026,0,10,0,638,0,1360,0,634,47534,52.5439453125,50176,0.0,0.0,116.36509486607143
Mameche (38),3284.5,621.6883796453476,0,6,0,153,0,394,0,151,49472,12.38510443239796,50176,0.0,0.0,18.107561383928573
Mameche (39),2.0,6.0,0,53,0,1080,0,2248,0,1076,45719,89.7754902742347,50176,0.0,0.0,100.7680963010204
Mameche (4),49729.0,892.0,0,0,0,169,0,1090,0,169,48748,12.552814094387756,50176,0.0,0.0,201.61750637755102
Mameche (40),19.5,25.071067690849304,0,8,0,86,0,145,0,67,49870,5.585239955357143,50176,0.0,0.0,2.3530173788265305
Mameche (41),2155.5,274.75230729579926,0,14,0,520,0,1321,0,535,47786,40.78394052933673,50176,0.0,0.0,103.9647441007653
Mameche (42),104.0,46.97056233882904,0,12,0,447,0,989,0,452,48276,39.813257334183675,50176,0.0,0.0,34.639668367346935
Mameche (43),55.0,31.313708305358887,0,10,0,624,0,1177,0,617,47748,48.955974968112244,50176,0.0,0.0,66.88566246811224
Mameche (44),7.0,10.828427076339722,0,7,0,606,0,1322,0,605,47636,50.03338249362245,50176,0.0,0.0,136.10401387117346
Mameche (45),433.5,144.3847759962082,0,12,0,619,0,1364,0,609,47572,52.66083386479592,50176,0.0,0.0,87.62067522321429
Mameche (46),2.0,6.0,0,23,0,1095,0,2244,0,1101,45713,93.81068638392857,50176,0.0,0.0,109.09259406887755
Mameche (47),49729.0,892.0,0,9,0,658,0,2090,0,678,46741,55.750757334183675,50176,0.0,0.0,196.6116270727041
Mameche (48),49729.0,892.0,0,0,0,222,0,1248,0,226,48480,18.803810586734695,50176,0.0,0.0,129.4871053890306
Mameche (49),49729.0,892.0,0,0,0,271,0,1106,0,271,48528,17.573939732142858,50176,0.0,0.0,153.96763392857142
Mameche (5),45046.0,850.0,0,0,0,235,0,1212,0,235,48494,24.790537308673468,50176,0.0,0.0,112.82794563137755
Mameche (50),49729.0,892.0,0,2,0,232,0,1384,0,232,48326,22.417191485969386,50176,0.0,0.0,154.99422034438774
Mameche (51),49729.0,892.0,0,0,0,219,0,1194,0,219,48544,16.964086415816325,50176,0.0,0.0,170.0779257015306
Mameche (52),45046.0,850.0,0,0,0,215,0,1072,0,215,48674,20.841737085459183,50176,0.0,0.0,147.3405612244898
Mameche (53),49729.0,892.0,0,10,0,320,0,1452,0,314,48080,27.229950573979593,50176,0.0,0.0,158.64825813137756
Mameche (54),49729.0,892.0,0,0,0,211,0,1198,0,211,48556,17.147042410714285,50176,0.0,0.0,153.5254902742347
Mameche (55),247.5,72.52691113948822,1,11,0,741,0,1242,0,714,47467,56.563895089285715,50176,0.0,0.0,94.41037547831633
Mameche (6),49729.0,892.0,0,1,0,266,0,1249,0,266,48394,20.277622767857142,50176,0.0,0.0,140.05281409438774
Mameche (7),46384.0,862.0,0,1,0,238,0,1216,0,239,48482,24.887097417091837,50176,0.0,0.0,104.66607541454081
Mameche (8),46161.0,860.0,0,1,0,228,0,1349,0,228,48370,27.692422672193878,50176,0.0,0.0,190.10144292091837
Mameche (9),49729.0,892.0,0,0,0,214,0,1162,0,214,48586,16.481285873724488,50176,0.0,0.0,166.6424186862245
Mamira (1),2.0,6.0,0,8,0,459,0,957,0,443,48309,38.380102040816325,50176,0.0,0.0,79.64176100127551
Mamira (11),0.0,4.0,1,54,0,1182,0,1759,0,1202,45978,85.67930883290816,50176,0.0,0.0,94.17659837372449
Mamira (12),4.5,10.242640614509583,0,47,0,1243,0,2525,0,1289,45072,98.52180325255102,50176,0.0,0.0,106.4194036989796
Mamira (13),0.5,5.414213538169861,0,42,0,1261,0,2401,0,1327,45145,101.73369738520408,50176,0.0,0.0,116.19230309311224
Mamira (14),0.0,0.0,2,10,0,148,0,280,0,115,49621,10.931620695153061,50176,0.0,0.0,9.000418526785714
Mamira (15),0.5,5.414213538169861,0,42,0,1261,0,2401,0,1327,45145,101.73369738520408,50176,0.0,0.0,116.19230309311224
Mamira (16),135.0,48.14213538169861,0,11,0,461,0,913,0,443,48348,37.495814732142854,50176,0.0,0.0,79.04715401785714
Mamira (17),0.5,5.414213538169861,0,42,0,1261,0,2401,0,1327,45145,101.73369738520408,50176,0.0,0.0,116.19230309311224
Mamira (18),0.0,0.0,2,10,0,148,0,280,0,115,49621,10.931620695153061,50176,0.0,0.0,9.000418526785714
Mamira (19),13.0,14.828427076339722,1,42,0,1152,0,2627,0,1231,45123,102.21649792729592,50176,0.0,0.0,170.27612802933675
Mamira (20),0.0,8.0,4,49,0,86,0,189,0,29,49819,10.464066485969388,50176,0.0,0.0,2.9577885841836733
Mamira (21),0.0,2.0,0,31,0,720,0,1418,0,703,47304,59.730050223214285,50176,0.0,0.0,72.73009008290816
Mamira (22),80.0,37.65685415267944,0,39,0,1296,0,2788,0,1428,44625,106.36350047831633,50176,0.0,0.0,138.34522480867346
Mamira (23),39.5,52.72792184352875,0,24,0,984,0,1858,0,1112,46198,80.44473453443878,50176,0.0,0.0,119.68371332908163
Mamira (24),49729.0,892.0,0,21,0,677,0,2360,0,742,46376,68.72030452806122,50176,0.0,0.0,94.77628746811224
Mamira (25),6.0,9.656854152679443,0,33,0,908,0,1515,0,864,46856,69.61475605867346,50176,0.0,0.0,62.94194435586735
Mamira (26),27.5,23.071067690849304,0,63,0,1156,0,2261,0,1219,45477,87.89510921556122,50176,0.0,0.0,91.0561822385204
Mamira (27),0.0,2.0,1,33,0,548,0,1015,0,555,48024,42.115453603316325,50176,0.0,0.0,44.356664540816325
Mamira (28),0.0,8.0,1,51,0,958,0,2209,0,1038,45919,82.08117426658163,50176,0.0,0.0,107.46631855867346
Mamira (29),0.0,0.0,2,66,0,1477,0,2682,0,1571,44378,112.8940130739796,50176,0.0,0.0,131.41322544642858
Mamira (30),18.0,17.656854033470154,1,60,0,1773,0,3145,0,1904,43293,136.2971340880102,50176,0.0,0.0,130.91517857142858
Mamira (31),0.0,0.0,3,98,0,1483,0,2682,0,1606,44304,112.69581074617346,50176,0.0,0.0,91.46275111607143
Mamira (32),1.5,5.414213538169861,2,82,0,1114,0,2023,0,1213,45742,84.46976642219387,50176,0.0,0.0,79.46896922831633
Mamira (33),386.5,145.63960909843445,0,59,0,1121,0,2066,0,1195,45735,86.98541135204081,50176,0.0,0.0,106.6226881377551
Mamira (34),10164.0,1823.4255276918411,0,33,0,613,0,2192,0,681,46657,58.65772480867347,50176,0.0,0.0,68.65423708545919
Mamira (35),25.5,25.071067690849304,0,10,0,243,0,380,0,206,49337,18.819056919642858,50176,0.0,0.0,25.385144292091837
Mamira (36),110.0,50.14213538169861,0,12,0,811,0,1887,0,848,46618,71.86613121811224,50176,0.0,0.0,159.67484454719389
Mamira (37),73.0,53.455843687057495,0,16,0,1160,0,2416,0,1238,45346,92.9263990752551,50176,0.0,0.0,180.37936463647958
Mamira (38),340.0,113.25483310222626,1,68,0,1651,0,2832,0,1761,43863,123.03282445790816,50176,0.0,0.0,117.4120097257653
Mamira (39),1.0,4.0,0,39,0,1373,0,2794,0,1590,44380,110.70362324617346,50176,0.0,0.0,148.19435586734693
Mamira (40),0.0,0.0,1,20,0,921,0,1369,0,849,47016,67.81568877551021,50176,0.0,0.0,87.89510921556122
Mamira (41),0.0,0.0,3,39,0,878,0,1640,0,899,46717,73.47716039540816,50176,0.0,0.0,136.5461575255102
Mamira (42),575.5,121.35533845424652,0,9,0,835,0,1745,0,861,46726,67.22616390306122,50176,0.0,0.0,169.4172512755102
Mamira (43),1493.5,247.23758792877197,1,15,0,602,0,1249,0,622,47687,53.90086894132653,50176,0.0,0.0,91.11208545918367
Mamira (44),148.0,52.97056233882904,0,1,0,181,0,333,0,169,49492,14.28581393494898,50176,0.0,0.0,31.15334024234694
Mankanda (1),49729.0,892.0,0,1,0,211,0,1294,0,212,48458,20.160734215561224,50176,0.0,0.0,158.71940768494898
Mankanda (11),49729.0,892.0,0,1,0,232,0,1238,0,233,48472,19.24087213010204,50176,0.0,0.0,151.4469068877551
Mankanda (12),49729.0,892.0,0,1,0,257,0,1332,0,258,48328,23.347217793367346,50176,0.0,0.0,153.68303571428572
Mankanda (13),49729.0,892.0,0,3,0,217,0,1244,0,218,48494,17.990672831632654,50176,0.0,0.0,153.9777981505102
Mankanda (14),34165.5,1670.104680299759,0,8,0,319,0,1201,0,315,48333,28.668187978316325,50176,0.0,0.0,177.53338249362244
Mankanda (15),49729.0,892.0,0,4,0,214,0,1223,0,215,48520,17.726403061224488,50176,0.0,0.0,190.68080357142858
Mankanda (16),39770.0,1832.1219247579575,0,5,0,390,0,1558,0,387,47836,34.84295280612245,50176,0.0,0.0,181.93957270408163
Mankanda (17),33467.0,1961.7686742544174,0,9,0,541,0,1650,0,550,47426,42.81170280612245,50176,0.0,0.0,188.3430325255102
Mankanda (18),36712.5,2165.0407514572144,0,4,0,427,0,1565,0,426,47754,35.203782684948976,50176,0.0,0.0,191.59558354591837
Mankanda (19),49473.5,1034.9533175230026,0,9,0,354,0,1445,0,356,48012,29.064592633928573,50176,0.0,0.0,184.0334024234694
Mankanda (20),777.0,242.02438509464264,0,24,0,522,0,903,0,524,48203,42.547433035714285,50176,0.0,0.0,118.20990114795919
Mankanda (21),314.5,126.46803605556488,0,17,0,736,0,1445,0,762,47216,59.557258450255105,50176,0.0,0.0,135.69236288265307
Mankanda (22),49729.0,892.0,0,2,0,202,0,1301,0,203,48468,19.35776068239796,50176,0.0,0.0,159.16155133928572
Mankanda (23),17.0,20.485281229019165,0,17,0,871,0,1980,0,1094,46214,73.63470583545919,50176,0.0,0.0,165.19401705994898
Mankanda (24),21343.5,1279.9280554056168,0,19,0,614,0,1261,0,704,47578,49.78435905612245,50176,0.0,0.0,104.33573820153062
Mankanda (25),49729.0,892.0,0,2,0,263,0,1249,0,264,48398,20.69435586734694,50176,0.0,0.0,132.0993104272959
Mankanda (26),49729.0,892.0,0,0,0,231,0,1234,0,231,48480,18.422652264030614,50176,0.0,0.0,152.45316485969389
Mankanda (27),77.5,39.55634880065918,0,9,0,719,0,1557,0,689,47202,57.54474250637755,50176,0.0,0.0,131.3522401147959
Mankanda (28),49729.0,892.0,0,2,0,204,0,1297,0,205,48468,19.322185905612244,50176,0.0,0.0,159.22253667091837
Mankanda (29),41.5,28.242640614509583,1,1,0,182,0,581,0,174,49237,16.887854751275512,50176,0.0,0.0,174.0267259247449
Mankanda (30),0.0,0.0,2,36,0,676,0,1422,0,673,47367,54.42432637117347,50176,0.0,0.0,66.46892936862245
Mankanda (31),1.0,4.0,4,31,0,372,0,959,0,371,48439,31.8343431122449,50176,0.0,0.0,31.453184789540817
Mankanda (32),777.0,242.02438509464264,0,24,0,522,0,903,0,524,48203,42.547433035714285,50176,0.0,0.0,118.20990114795919
Mankanda (33),111.0,58.14213538169861,0,67,0,1125,0,1782,0,1006,46196,81.93887515943878,50176,0.0,0.0,77.11595184948979
Mankanda (34),0.0,0.0,2,36,0,676,0,1422,0,673,47367,54.42432637117347,50176,0.0,0.0,66.46892936862245
Mankanda (35),0.5,3.414213538169861,0,52,0,943,0,1802,0,980,46399,75.2457350127551,50176,0.0,0.0,115.16571667729592
Mankanda (36),1.0,4.0,4,31,0,372,0,959,0,371,48439,31.8343431122449,50176,0.0,0.0,31.453184789540817
Mankanda (37),777.0,242.02438509464264,0,24,0,522,0,903,0,524,48203,42.547433035714285,50176,0.0,0.0,118.20990114795919
Mankanda (38),49729.0,892.0,0,7,0,581,0,1793,0,617,47178,45.87621572066327,50176,0.0,0.0,193.2472696109694
Mankanda (39),15.5,35.55634891986847,0,3,0,115,0,506,0,100,49452,9.747488839285714,50176,0.0,0.0,55.60845822704081
Mankanda (40),49729.0,892.0,0,7,0,310,0,1298,0,291,48270,24.073959661989797,50176,0.0,0.0,143.9406289859694
Mankanda (41),49729.0,892.0,0,6,0,267,0,1267,0,267,48369,20.191226881377553,50176,0.0,0.0,159.19712611607142
Mankanda (42),49729.0,892.0,0,1,0,232,0,1238,0,233,48472,19.24087213010204,50176,0.0,0.0,151.4469068877551
Mankanda (43),49729.0,892.0,0,7,0,310,0,1298,0,291,48270,24.073959661989797,50176,0.0,0.0,143.9406289859694
Mankanda (7),45938.0,858.0,0,4,0,293,0,1211,0,288,48380,26.564194036989797,50176,0.0,0.0,122.6821588010204
Marahattikaa (1),49729.0,892.0,0,7,0,298,0,1313,0,303,48255,23.04229113520408,50176,0.0,0.0,206.65896045918367
Marahattikaa (11),9.5,16.242640614509583,0,5,0,311,0,936,0,310,48614,23.59115911989796,50176,0.0,0.0,120.49176897321429
Marahattikaa (12),11.5,14.242640614509583,0,6,0,422,0,975,0,421,48352,32.967653858418366,50176,0.0,0.0,158.48563058035714
Marahattikaa (13),0.0,0.0,1,6,0,519,0,1109,0,520,48021,42.09512515943877,50176,0.0,0.0,155.07045200892858
Marahattikaa (14),12.5,14.242640614509583,0,9,0,476,0,1493,0,464,47734,39.32537468112245,50176,0.0,0.0,109.8193359375
Marahattikaa (15),15735.0,704.0386651754379,0,20,0,505,0,1066,0,500,48085,41.927415497448976,50176,0.0,0.0,123.93235809948979
Marahattikaa (16),15040.0,889.6366436481476,0,2,0,286,0,485,0,285,49118,23.423449457908163,50176,0.0,0.0,78.39156170280613
Marahattikaa (17),0.0,4.0,0,57,0,1172,0,2319,0,1220,45408,94.60857780612245,50176,0.0,0.0,122.1485371492347
Marahattikaa (18),16.0,16.485281229019165,0,6,0,524,0,1281,0,563,47802,43.71631855867347,50176,0.0,0.0,155.61423788265307
Marahattikaa (19),133.0,81.11269772052765,0,45,0,1359,0,2484,0,1428,44860,106.17546237244898,50176,0.0,0.0,157.34723772321428
Marahattikaa (20),25.0,27.656854152679443,0,13,0,589,0,1662,0,566,47346,55.887974330357146,50176,0.0,0.0,105.13362962372449
Marahattikaa (21),0.0,0.0,1,15,0,677,0,1420,0,702,47361,55.283203125,50176,0.0,0.0,81.41541772959184
Marahattikaa (22),1.0,4.0,0,42,0,1144,0,2273,0,1155,45562,95.44712611607143,50176,0.0,0.0,110.14459103954081
Marahattikaa (23),0.0,2.0,0,40,0,1044,0,2164,0,1074,45854,83.7989277742347,50176,0.0,0.0,156.97116151147958
Marahattikaa (24),34394.5,1105.7127633094788,0,9,0,359,0,1266,0,410,48132,31.422692123724488,50176,0.0,0.0,177.25386639030611
Marahattikaa (25),0.0,4.0,0,57,0,1172,0,2319,0,1220,45408,94.60857780612245,50176,0.0,0.0,122.1485371492347
Marahattikaa (26),16.0,16.485281229019165,0,6,0,524,0,1281,0,563,47802,43.71631855867347,50176,0.0,0.0,155.61423788265307
Marahattikaa (27),133.0,81.11269772052765,0,45,0,1359,0,2484,0,1428,44860,106.17546237244898,50176,0.0,0.0,157.34723772321428
Marahattikaa (28),1.0,4.0,1,53,0,1363,0,2696,0,1477,44586,106.18562659438776,50176,0.0,0.0,113.24976084183673
Marahattikaa (29),4.0,10.0,0,54,0,1315,0,2596,0,1292,44919,104.39672353316327,50176,0.0,0.0,120.62390385841837
Marahattikaa (30),25.0,27.656854152679443,0,13,0,589,0,1662,0,566,47346,55.887974330357146,50176,0.0,0.0,105.13362962372449
Marahattikaa (31),23.5,31.55634868144989,0,33,0,1005,0,2628,0,1130,45380,92.0116191007653,50176,0.0,0.0,156.45786830357142
Marahattikaa (32),1.0,4.0,0,42,0,1144,0,2273,0,1155,45562,95.44712611607143,50176,0.0,0.0,110.14459103954081
Marahattikaa (33),0.0,2.0,0,40,0,1044,0,2164,0,1074,45854,83.7989277742347,50176,0.0,0.0,156.97116151147958
Marahattikaa (34),17.0,16.485281229019165,0,49,0,1067,0,2239,0,1071,45750,87.97134088010205,50176,0.0,0.0,110.40886080994898
Marahattikaa (35),49729.0,892.0,0,2,0,297,0,1390,0,297,48190,25.33432318239796,50176,0.0,0.0,202.40015146683675
Marahattikaa (36),49729.0,892.0,0,2,0,297,0,1369,0,298,48210,25.684988839285715,50176,0.0,0.0,186.79298867984693
Marahattikaa (37),49729.0,892.0,0,5,0,301,0,1233,0,299,48338,21.466836734693878,50176,0.0,0.0,182.49860491071428
Marahattikaa (38),107.0,86.48528122901917,0,8,0,424,0,1255,0,431,48058,39.46767378826531,50176,0.0,0.0,162.12950414540816
Marahattikaa (39),81.0,36.485281348228455,0,6,0,244,0,1003,0,243,48680,20.663863201530614,50176,0.0,0.0,136.6732102997449
Marahattikaa (40),34989.5,1738.4234416484833,0,9,0,337,0,1631,0,429,47770,32.337472098214285,50176,0.0,0.0,180.19640864158163
Marahattikaa (41),32371.5,2112.6387325525284,0,6,0,466,0,1590,0,502,47612,39.14750079719388,50176,0.0,0.0,168.80739795918367
Marahattikaa (42),49729.0,892.0,0,13,0,330,0,1489,0,350,47994,28.368343431122447,50176,0.0,0.0,204.92596061862244
Marahattikaa (43),49729.0,892.0,0,5,0,301,0,1232,0,298,48340,21.172074298469386,50176,0.0,0.0,182.3664700255102
Marahattikaa (44),16.0,16.485281229019165,0,6,0,524,0,1281,0,563,47802,43.71631855867347,50176,0.0,0.0,155.61423788265307
Merino (1),6.5,12.242640614509583,0,50,0,447,0,709,0,376,48594,30.279217155612244,50176,0.0,0.0,21.934390943877553
Merino (11),404.0,133.5391035079956,0,3,0,76,0,133,0,70,49894,5.620814732142857,50176,0.0,0.0,5.752949617346939
Merino (12),3190.0,478.1421353816986,0,1,0,18,0,464,0,11,49682,6.0883689413265305,50176,0.0,0.0,17.482461734693878
Merino (13),89.5,62.52691125869751,0,3,0,21,0,28,0,18,50106,1.4585658482142858,50176,0.0,0.0,0.5946069834183674
Merino (14),3.0,8.828427076339722,0,16,0,353,0,605,0,334,48868,25.725645727040817,50176,0.0,0.0,22.285056600765305
Merino (15),0.0,0.0,1,87,0,1658,0,3511,0,1952,42967,133.7205038265306,50176,0.0,0.0,145.07902184311226
Merino (16),0.0,0.0,1,43,0,1026,0,1909,0,1094,46103,81.69493383290816,50176,0.0,0.0,91.45258689413265
Merino (17),0.0,2.0,0,6,0,659,0,1315,0,684,47512,54.2057955994898,50176,0.0,0.0,154.0997688137755
Merino (18),1.0,4.0,1,52,0,679,0,1696,0,718,47030,51.756218112244895,50176,0.0,0.0,70.71757413903062
Merino (19),85.0,38.485281229019165,0,1,0,47,0,102,0,32,49994,3.2373046875,50176,0.0,0.0,2.1598971619897958
Merino (20),0.0,0.0,1,84,0,1078,0,2117,0,1090,45806,80.69884008290816,50176,0.0,0.0,70.54986447704081
Merino (21),0.0,0.0,2,39,0,992,0,1739,0,1016,46388,72.09990832270408,50176,0.0,0.0,68.07995854591837
Merino (22),54.0,40.627416491508484,0,5,0,279,0,461,0,257,49174,20.8773118622449,50176,0.0,0.0,38.48174426020408
Merino (23),0.0,2.0,1,31,0,685,0,1154,0,630,47675,49.088109853316325,50176,0.0,0.0,31.793686224489797
Merino (24),1368.0,200.02438497543335,0,2,0,498,0,1119,0,509,48048,41.368383290816325,50176,0.0,0.0,96.27551020408163
Merino (25),2.0,6.0,0,0,0,24,0,42,0,12,50098,1.3670878507653061,50176,0.0,0.0,1.0062579719387754
Merino (26),0.0,0.0,1,87,0,1658,0,3511,0,1952,42967,133.7205038265306,50176,0.0,0.0,145.07902184311226
Merino (27),0.0,2.0,0,6,0,659,0,1315,0,684,47512,54.2057955994898,50176,0.0,0.0,154.0997688137755
Merino (28),13.5,22.727921724319458,0,3,0,24,0,26,0,9,50114,1.5449617346938775,50176,0.0,0.0,0.4370615433673469
Merino (29),1.0,4.0,1,52,0,679,0,1696,0,718,47030,51.756218112244895,50176,0.0,0.0,70.71757413903062
Merino (30),85.0,38.485281229019165,0,1,0,47,0,102,0,32,49994,3.2373046875,50176,0.0,0.0,2.1598971619897958
Merino (31),0.0,0.0,1,84,0,1078,0,2117,0,1090,45806,80.69884008290816,50176,0.0,0.0,70.54986447704081
Merino (32),0.0,0.0,2,39,0,992,0,1739,0,1016,46388,72.09990832270408,50176,0.0,0.0,68.07995854591837
Merino (33),54.0,40.627416491508484,0,5,0,279,0,461,0,257,49174,20.8773118622449,50176,0.0,0.0,38.48174426020408
Merino (34),0.0,2.0,1,31,0,685,0,1154,0,630,47675,49.088109853316325,50176,0.0,0.0,31.793686224489797
Merino (35),0.0,4.0,0,25,0,691,0,1258,0,644,47558,51.52752311862245,50176,0.0,0.0,46.92821269132653
Merino (36),1368.0,200.02438497543335,0,2,0,498,0,1119,0,509,48048,41.368383290816325,50176,0.0,0.0,96.27551020408163
Merino (37),7.5,13.071067571640015,0,24,0,601,0,1630,0,620,47301,48.75777264030612,50176,0.0,0.0,179.5865553252551
Merino (38),704.5,135.35533845424652,0,27,0,571,0,1116,0,536,47926,45.34259406887755,50176,0.0,0.0,51.898517219387756
Merino (39),46607.0,864.0,0,11,0,437,0,1743,0,512,47473,44.01108099489796,50176,0.0,0.0,208.94591039540816
Merino (40),0.0,0.0,1,3,0,29,0,55,0,19,50069,1.8600526147959184,50176,0.0,0.0,1.1129823022959184
Merino (41),6.5,12.242640614509583,0,50,0,447,0,709,0,376,48594,30.279217155612244,50176,0.0,0.0,21.934390943877553
Merino (42),0.0,0.0,1,22,0,623,0,1005,0,588,47937,49.04745296556123,50176,0.0,0.0,65.3711933992347
Merino (43),62.5,29.899494767189026,0,1,0,18,0,22,0,11,50124,1.0469148596938775,50176,0.0,0.0,0.5183753188775511
Merino (44),0.0,0.0,0,0,0,0,0,0,0,0,50176,0.0,50176,0.0,0.0,0.0
Mimusops elengi (1),10592.5,2183.609293818474,0,11,0,501,0,1178,0,511,47975,47.9802096619898,50176,0.0,0.0,56.41143176020408
Mimusops elengi (10),34693.0,1774.6072059869766,0,4,0,511,0,1740,0,537,47384,51.10062579719388,50176,0.0,0.0,160.26436941964286
Mimusops elengi (11),30980.5,2157.3838982582092,0,4,0,512,0,1725,0,539,47396,51.451291454081634,50176,0.0,0.0,157.73856026785714
Mimusops elengi (12),22820.5,736.3401809930801,0,1,0,232,0,396,0,227,49320,19.708426339285715,50176,0.0,0.0,117.60512994260205
Mimusops elengi (13),53.5,45.55634891986847,0,2,0,199,0,384,0,189,49402,18.127889827806122,50176,0.0,0.0,78.67615991709184
Mimusops elengi (14),820.0,140.0832599401474,0,2,0,227,0,492,0,213,49242,20.6282884247449,50176,0.0,0.0,64.85790019132654
Mimusops elengi (15),4.0,8.828427076339722,0,19,0,558,0,1218,0,531,47850,41.26674107142857,50176,0.0,0.0,58.53575414540816
Mimusops elengi (16),1.0,4.828427076339722,0,51,0,767,0,1564,0,785,47009,60.51777742346939,50176,0.0,0.0,66.68746014030613
Mimusops elengi (17),0.0,0.0,1,37,0,866,0,1799,0,856,46617,69.7672193877551,50176,0.0,0.0,78.1069634885204
Mimusops elengi (18),7.0,18.82842707633972,0,10,0,471,0,1697,0,470,47528,48.87974330357143,50176,0.0,0.0,104.22393176020408
Mimusops elengi (19),49729.0,892.0,0,0,0,254,0,1322,0,258,48342,21.34994818239796,50176,0.0,0.0,206.16599569515307
Mimusops elengi (2),3.0,16.82842707633972,0,11,0,607,0,1664,0,618,47276,51.41063456632653,50176,0.0,0.0,143.3612683354592
Mimusops elengi (20),10592.5,2183.609293818474,0,11,0,501,0,1178,0,511,47975,47.9802096619898,50176,0.0,0.0,56.41143176020408
Mimusops elengi (21),16199.0,578.7838315963745,0,1,0,226,0,259,0,222,49468,17.416394292091837,50176,0.0,0.0,83.56515066964286
Mimusops elengi (22),695.5,133.84061932563782,0,5,0,230,0,580,0,209,49152,16.293247767857142,50176,0.0,0.0,25.603675063775512
Mimusops elengi (23),49729.0,892.0,0,4,0,475,0,1698,0,489,47510,40.0114596619898,50176,0.0,0.0,215.31379544005102
Mimusops elengi (24),364.5,98.87005722522736,0,7,0,415,0,1064,0,390,48300,34.507533482142854,50176,0.0,0.0,56.807836415816325
Mimusops elengi (25),3.0,8.828427076339722,0,32,0,1017,0,2314,0,1099,45714,88.92677774234694,50176,0.0,0.0,105.7129902742347
Mimusops elengi (26),74.5,179.0710676908493,0,10,0,380,0,1376,0,353,48057,39.381277901785715,50176,0.0,0.0,67.12452168367346
Mimusops elengi (27),3.0,16.82842707633972,0,11,0,607,0,1664,0,618,47276,51.41063456632653,50176,0.0,0.0,143.3612683354592
Mimusops elengi (28),0.0,0.0,1,37,0,866,0,1799,0,856,46617,69.7672193877551,50176,0.0,0.0,78.1069634885204
Mimusops elengi (29),49729.0,892.0,0,0,0,254,0,1322,0,258,48342,21.34994818239796,50176,0.0,0.0,206.16599569515307
Mimusops elengi (3),103.0,56.97056233882904,0,8,0,238,0,485,0,187,49258,17.538364955357142,50176,0.0,0.0,14.158761160714286
Mimusops elengi (30),31937.0,1676.381811261177,0,2,0,262,0,1404,0,314,48194,25.186941964285715,50176,0.0,0.0,166.06305803571428
Mimusops elengi (31),4.0,8.828427076339722,0,19,0,558,0,1218,0,531,47850,41.26674107142857,50176,0.0,0.0,58.53575414540816
Mimusops elengi (32),49729.0,892.0,0,0,0,184,0,1186,0,228,48578,15.80028300382653,50176,0.0,0.0,206.84191645408163
Mimusops elengi (33),49729.0,892.0,0,0,0,249,0,1168,0,265,48494,18.422652264030614,50176,0.0,0.0,152.72251674107142
Mimusops elengi (34),488.0,117.11269760131836,0,11,0,737,0,1802,0,760,46866,62.5861965880102,50176,0.0,0.0,163.43052455357142
Mimusops elengi (35),0.0,0.0,1,45,0,1167,0,2045,0,1149,45769,88.09839365433673,50176,0.0,0.0,96.18403220663265
Mimusops elengi (4),10.0,16.82842707633972,0,7,0,527,0,1622,0,542,47478,52.20852598852041,50176,0.0,0.0,173.43211894132654
Mimusops elengi (5),327.5,98.32590138912201,0,6,0,646,0,1620,0,664,47240,52.59476642219388,50176,0.0,0.0,146.5985730229592
Mimusops elengi (6),22820.5,736.3401809930801,0,1,0,232,0,396,0,227,49320,19.708426339285715,50176,0.0,0.0,117.60512994260205
Mimusops elengi (7),2.0,6.828427076339722,0,3,0,37,0,38,0,26,50072,2.266621492346939,50176,0.0,0.0,0.6505102040816326
Mimusops elengi (8),820.0,140.0832599401474,0,2,0,227,0,492,0,213,49242,20.6282884247449,50176,0.0,0.0,64.85790019132654
Mimusops elengi (9),34693.0,1774.6072059869766,0,4,0,511,0,1740,0,537,47384,51.10062579719388,50176,0.0,0.0,160.26436941964286
Mint (1),49729.0,892.0,0,2,0,234,0,1180,0,234,48526,17.31475207270408,50176,0.0,0.0,159.4563137755102
Mint (11),49729.0,892.0,0,2,0,201,0,1242,0,202,48529,18.077068718112244,50176,0.0,0.0,143.87964365433675
Mint (12),49729.0,892.0,0,1,0,223,0,1183,0,223,48546,17.355408960459183,50176,0.0,0.0,155.72604432397958
Mint (13),49729.0,892.0,0,2,0,206,0,1182,0,206,48580,16.232262436224488,50176,0.0,0.0,159.6291055484694
Mint (14),49729.0,892.0,0,0,0,219,0,1218,0,219,48520,17.228356186224488,50176,0.0,0.0,172.88325095663265
Mint (15),49729.0,892.0,0,1,0,220,0,1157,0,220,48578,16.201769770408163,50176,0.0,0.0,166.78471779336735
Mint (16),49729.0,892.0,0,0,0,190,0,1224,0,190,48572,16.633749202806122,50176,0.0,0.0,154.2776426977041
Mint (17),49729.0,892.0,0,1,0,190,0,1145,0,190,48650,14.773696588010203,50176,0.0,0.0,177.4368223852041
Mint (18),49729.0,892.0,0,2,0,181,0,1173,0,182,48638,15.1904296875,50176,0.0,0.0,165.71239237882654
Mint (19),49729.0,892.0,0,3,0,204,0,1164,0,205,48600,15.835857780612244,50176,0.0,0.0,165.86993781887756
Mint (20),49729.0,892.0,0,2,0,224,0,1216,0,224,48510,17.83820950255102,50176,0.0,0.0,144.03718909438774
Mint (21),49729.0,892.0,0,1,0,216,0,1187,0,216,48556,16.730309311224488,50176,0.0,0.0,153.78467793367346
Mint (22),49729.0,892.0,0,1,0,204,0,1199,0,204,48568,16.50161431760204,50176,0.0,0.0,154.7655253507653
Mint (23),49729.0,892.0,0,1,0,204,0,1199,0,204,48568,16.50161431760204,50176,0.0,0.0,154.7655253507653
Mint (24),49729.0,892.0,0,2,0,214,0,1180,0,214,48566,16.471121651785715,50176,0.0,0.0,158.71940768494898
Mint (25),49729.0,892.0,0,0,0,185,0,1168,0,185,48638,15.388632015306122,50176,0.0,0.0,171.06893734056123
Mint (26),49729.0,892.0,0,2,0,206,0,1204,0,206,48558,16.979332748724488,50176,0.0,0.0,148.26550542091837
Mint (27),49729.0,892.0,0,0,0,206,0,1250,0,206,48514,17.90427694515306,50176,0.0,0.0,143.79832987882654
Mint (28),49729.0,892.0,0,1,0,167,0,1173,0,167,48668,14.30614237882653,50176,0.0,0.0,179.4696667729592
Mint (29),49729.0,892.0,0,3,0,172,0,1197,0,172,48632,15.353057238520408,50176,0.0,0.0,167.40981744260205
Mint (30),49729.0,892.0,0,1,0,203,0,1181,0,203,48588,16.074716996173468,50176,0.0,0.0,169.30544483418367
Mint (31),49729.0,892.0,0,4,0,180,0,1184,0,180,48628,15.353057238520408,50176,0.0,0.0,164.61465640943877
Mint (32),49729.0,892.0,0,3,0,221,0,1205,0,221,48526,17.487543845663264,50176,0.0,0.0,152.01102120535714
Mint (33),49729.0,892.0,0,3,0,200,0,1223,0,200,48550,16.796376753826532,50176,0.0,0.0,152.51415019132654
Mint (34),49729.0,892.0,0,0,0,185,0,1168,0,185,48638,15.388632015306122,50176,0.0,0.0,171.06893734056123
Mint (35),49729.0,892.0,0,1,0,193,0,1185,0,193,48604,15.998485331632653,50176,0.0,0.0,159.65451610331633
Mint (36),49729.0,892.0,0,2,0,179,0,1210,0,179,48606,15.693558673469388,50176,0.0,0.0,164.34530452806123
Mint (37),49729.0,892.0,0,0,0,151,0,1172,0,155,48698,13.579400510204081,50176,0.0,0.0,189.74569515306123
Mint (38),49729.0,892.0,0,2,0,206,0,1204,0,206,48558,16.979332748724488,50176,0.0,0.0,148.26550542091837
Mint (39),49729.0,892.0,0,1,0,163,0,1167,0,163,48682,13.884327168367347,50176,0.0,0.0,186.1373963647959
Mint (40),49729.0,892.0,0,1,0,200,0,1183,0,200,48592,16.023895886479593,50176,0.0,0.0,176.37974330357142
Mint (41),49729.0,892.0,0,0,0,171,0,1174,0,171,48660,14.585658482142858,50176,0.0,0.0,175.3125
Mint (42),49729.0,892.0,0,0,0,171,0,1174,0,171,48660,14.585658482142858,50176,0.0,0.0,175.3125
Mint (43),49729.0,892.0,0,2,0,249,0,1289,0,246,48390,20.82649075255102,50176,0.0,0.0,139.1227877869898
Mint (44),49729.0,892.0,0,0,0,205,0,1224,0,205,48542,17.396065848214285,50176,0.0,0.0,149.0837252869898
Moringa (1),49729.0,892.0,0,0,0,129,0,1018,0,129,48900,8.89877630739796,50176,0.0,0.0,222.84548389668367
Moringa (10),49729.0,892.0,0,0,0,177,0,1062,0,177,48760,12.29362643494898,50176,0.0,0.0,196.79458306760205
Moringa (11),49729.0,892.0,0,0,0,189,0,1030,0,189,48768,11.988699776785714,50176,0.0,0.0,199.62023676658163
Moringa (12),49729.0,892.0,0,0,0,200,0,1102,0,200,48674,14.402702487244898,50176,0.0,0.0,173.93016581632654
Moringa (13),49729.0,892.0,0,0,0,184,0,1048,0,184,48760,12.258051658163266,50176,0.0,0.0,197.02836017219389
Moringa (14),49729.0,892.0,0,1,0,222,0,1077,0,222,48654,14.71271125637755,50176,0.0,0.0,169.833984375
Moringa (15),49729.0,892.0,0,0,0,218,0,1088,0,218,48652,14.768614477040817,50176,0.0,0.0,169.3410196109694
Moringa (16),49729.0,892.0,0,0,0,211,0,1084,0,211,48670,14.356963488520408,50176,0.0,0.0,175.9782565369898
Moringa (17),49729.0,892.0,0,0,0,232,0,1062,0,232,48650,14.73812181122449,50176,0.0,0.0,171.06385522959184
Moringa (18),49729.0,892.0,0,0,0,165,0,1088,0,165,48758,12.344447544642858,50176,0.0,0.0,191.43295599489795
Moringa (19),49729.0,892.0,0,0,0,157,0,1112,0,157,48750,12.690031090561224,50176,0.0,0.0,191.19917889030611
Moringa (2),49729.0,892.0,0,0,0,193,0,1052,0,193,48738,12.705277423469388,50176,0.0,0.0,192.1241230867347
Moringa (20),49729.0,892.0,0,0,0,193,0,1086,0,193,48704,13.620057397959183,50176,0.0,0.0,182.39188058035714
Moringa (21),49729.0,892.0,0,1,0,207,0,1125,0,207,48636,15.21075813137755,50176,0.0,0.0,163.41019610969389
Moringa (22),49729.0,892.0,0,0,0,203,0,1072,0,203,48698,13.65055006377551,50176,0.0,0.0,183.67257254464286
Moringa (23),49729.0,892.0,0,0,0,174,0,1102,0,174,48726,13.142338966836734,50176,0.0,0.0,183.28125
Moringa (24),49729.0,892.0,0,0,0,215,0,1116,0,215,48630,15.322564572704081,50176,0.0,0.0,166.23584980867346
Moringa (25),49729.0,892.0,0,0,0,216,0,1086,0,216,48658,14.631397480867347,50176,0.0,0.0,174.36722735969389
Moringa (26),49729.0,892.0,0,0,0,227,0,1110,0,227,48612,15.830775669642858,50176,0.0,0.0,156.61033163265307
Moringa (27),49729.0,892.0,0,0,0,199,0,1136,0,199,48642,15.093869579081632,50176,0.0,0.0,166.8914421237245
Moringa (28),49729.0,892.0,0,0,0,206,0,1120,0,206,48644,15.083705357142858,50176,0.0,0.0,163.44577088647958
Moringa (29),49729.0,892.0,0,0,0,188,0,1120,0,188,48680,14.295978156887756,50176,0.0,0.0,170.38285235969389
Moringa (3),49729.0,892.0,0,1,0,223,0,1083,0,223,48646,14.890585140306122,50176,0.0,0.0,172.50717474489795
Moringa (30),49729.0,892.0,0,0,0,177,0,1070,0,177,48752,12.476582429846939,50176,0.0,0.0,194.0705715880102
Moringa (31),49729.0,892.0,0,0,0,204,0,1130,0,204,48638,15.271743463010203,50176,0.0,0.0,162.81050701530611
Moringa (32),49729.0,892.0,0,0,0,177,0,1062,0,177,48760,12.29362643494898,50176,0.0,0.0,196.79458306760205
Moringa (33),49729.0,892.0,0,0,0,163,0,1082,0,163,48768,12.197066326530612,50176,0.0,0.0,193.0744778380102
Moringa (34),49729.0,892.0,0,0,0,179,0,1070,0,179,48748,12.547731983418368,50176,0.0,0.0,192.73397640306123
Moringa (35),49729.0,892.0,0,0,0,213,0,1118,0,213,48632,15.353057238520408,50176,0.0,0.0,165.82928093112244
Moringa (4),49729.0,892.0,0,0,0,224,0,1062,0,224,48666,14.362045599489797,50176,0.0,0.0,177.6299426020408
Moringa (5),49729.0,892.0,0,0,0,201,0,1036,0,201,48738,12.690031090561224,50176,0.0,0.0,191.30590322066325
Moringa (6),49729.0,892.0,0,0,0,211,0,1084,0,211,48670,14.356963488520408,50176,0.0,0.0,175.9782565369898
Moringa (7),49729.0,892.0,0,1,0,207,0,1125,0,207,48636,15.21075813137755,50176,0.0,0.0,163.41019610969389
Moringa (8),49729.0,892.0,0,0,0,203,0,1072,0,203,48698,13.65055006377551,50176,0.0,0.0,183.67257254464286
Moringa (9),49729.0,892.0,0,0,0,215,0,1116,0,215,48630,15.322564572704081,50176,0.0,0.0,166.23584980867346
Mumiri (1),65.5,37.21320307254791,0,3,0,20,0,15,0,13,50125,1.1688855229591837,50176,0.0,0.0,0.45738998724489793
Mumiri (11),65.5,37.21320307254791,0,3,0,20,0,15,0,13,50125,1.1688855229591837,50176,0.0,0.0,0.45738998724489793
Mumiri (12),286.5,74.87005710601807,0,2,0,77,0,223,0,66,49808,5.585239955357143,50176,0.0,0.0,9.722078284438776
Mumiri (13),187.5,66.04162991046906,1,22,0,261,0,501,0,182,49209,18.864795918367346,50176,0.0,0.0,11.31786112882653
Mumiri (14),0.0,0.0,1,13,0,194,0,377,0,134,49457,14.524673150510203,50176,0.0,0.0,8.039899553571429
Mumiri (15),22.5,24.727921843528748,1,60,0,1362,0,2354,0,1307,45092,106.27710459183673,50176,0.0,0.0,95.24384167729592
Mumiri (16),8.5,13.41421353816986,0,0,0,19,0,32,0,11,50114,1.097735969387755,50176,0.0,0.0,0.5742785395408163
Mumiri (17),11.0,22.82842707633972,1,7,0,229,0,458,0,228,49253,20.531728316326532,50176,0.0,0.0,46.64361447704081
Mumiri (18),3.0,6.828427076339722,0,10,0,103,0,164,0,55,49844,6.804946588010204,50176,0.0,0.0,2.4597417091836733
Mumiri (19),9.0,14.828427076339722,0,12,0,470,0,787,0,421,48486,35.9406887755102,50176,0.0,0.0,54.04316804846939
Mumiri (20),14.0,15.656854152679443,0,5,0,90,0,194,0,65,49822,6.957409917091836,50176,0.0,0.0,4.218152104591836
Mumiri (21),0.0,2.0,0,3,0,345,0,579,0,349,48900,28.988360969387756,50176,0.0,0.0,58.95756935586735
Mumiri (22),30.0,23.656854152679443,0,31,0,979,0,1706,0,942,46518,77.36497528698979,50176,0.0,0.0,74.28521603954081
Mumiri (23),909.0,127.25483310222626,0,5,0,435,0,956,0,440,48340,36.997767857142854,50176,0.0,0.0,124.4253228635204
Mumiri (24),1.5,5.414213538169861,1,9,0,397,0,887,0,383,48499,31.148258131377553,50176,0.0,0.0,36.67759486607143
Mumiri (25),286.5,74.87005710601807,0,2,0,77,0,223,0,66,49808,5.585239955357143,50176,0.0,0.0,9.722078284438776
Mumiri (26),187.5,66.04162991046906,1,22,0,261,0,501,0,182,49209,18.864795918367346,50176,0.0,0.0,11.31786112882653
Mumiri (27),0.0,0.0,1,13,0,194,0,377,0,134,49457,14.524673150510203,50176,0.0,0.0,8.039899553571429
Mumiri (28),22.5,24.727921843528748,1,60,0,1362,0,2354,0,1307,45092,106.27710459183673,50176,0.0,0.0,95.24384167729592
Mumiri (29),8.5,13.41421353816986,0,0,0,19,0,32,0,11,50114,1.097735969387755,50176,0.0,0.0,0.5742785395408163
Mumiri (30),11.0,22.82842707633972,1,7,0,229,0,458,0,228,49253,20.531728316326532,50176,0.0,0.0,46.64361447704081
Mumiri (31),133.5,52.72792172431946,0,2,0,239,0,971,0,268,48696,25.568100286989797,50176,0.0,0.0,195.62569754464286
Mumiri (32),9.0,14.828427076339722,0,12,0,470,0,787,0,421,48486,35.9406887755102,50176,0.0,0.0,54.04316804846939
Mumiri (33),14.0,15.656854152679443,0,5,0,90,0,194,0,65,49822,6.957409917091836,50176,0.0,0.0,4.218152104591836
Mumiri (34),91.5,50.72792172431946,0,14,0,247,0,478,0,213,49224,18.1787109375,50176,0.0,0.0,13.589564732142858
Mumiri (35),30.0,23.656854152679443,0,31,0,979,0,1706,0,942,46518,77.36497528698979,50176,0.0,0.0,74.28521603954081
Mumiri (36),909.0,127.25483310222626,0,5,0,435,0,956,0,440,48340,36.997767857142854,50176,0.0,0.0,124.4253228635204
Mumiri (37),2.0,6.0,1,75,0,1425,0,2579,0,1497,44599,106.88695790816327,50176,0.0,0.0,107.81698421556122
Mumiri (38),509.5,160.32590055465698,2,32,0,855,0,1534,0,900,46853,67.72421077806122,50176,0.0,0.0,103.67506377551021
Mumiri (39),0.0,6.0,2,106,0,1582,0,2685,0,1609,44192,116.27869897959184,50176,0.0,0.0,110.07852359693878
Mumiri (40),139.5,129.8406195640564,0,11,0,496,0,1052,0,489,48128,39.198321906887756,50176,0.0,0.0,62.662428252551024
Mumiri (41),24.0,30.97056245803833,1,9,0,48,0,92,0,27,49999,3.608298788265306,50176,0.0,0.0,2.383510044642857
Mumiri (42),24.0,30.97056245803833,1,9,0,48,0,92,0,27,49999,3.608298788265306,50176,0.0,0.0,2.383510044642857
Mumiri (43),0.0,0.0,1,93,0,1255,0,2646,0,1303,44878,95.47253667091837,50176,0.0,0.0,141.1200573979592
Mumiri (44),0.0,0.0,2,62,0,891,0,1250,0,776,47195,61.732401945153065,50176,0.0,0.0,53.55020328443877
Mundi (1),21.5,24.242640614509583,0,27,0,1043,0,1917,0,1008,46181,80.03308354591837,50176,0.0,0.0,88.98268096301021
Mundi (11),935.0,205.33809316158295,0,18,0,679,0,1488,0,687,47304,55.59829400510204,50176,0.0,0.0,100.74268574617346
Mundi (12),0.5,3.414213538169861,0,30,0,1025,0,1994,0,1025,46102,86.14686304209184,50176,0.0,0.0,128.17592075892858
Mundi (13),1.0,4.0,1,59,0,1085,0,2071,0,1062,45898,82.57922114158163,50176,0.0,0.0,56.487663424744895
Mundi (14),88.0,42.14213538169861,0,16,0,684,0,1359,0,683,47434,54.891880580357146,50176,0.0,0.0,81.23246173469387
Mundi (15),16.0,22.485281229019165,0,24,0,1035,0,2205,0,1110,45802,84.36304209183673,50176,0.0,0.0,164.6095742984694
Mundi (16),49729.0,892.0,0,0,0,8,0,1748,0,8,48412,22.03095105229592,50176,0.0,0.0,15.713887117346939
Mundi (17),1.5,5.414213538169861,0,22,0,966,0,1926,0,954,46308,76.93299585459184,50176,0.0,0.0,89.72466916454081
Mundi (18),1.0,4.0,0,112,0,2147,0,4284,0,2282,41351,161.10799984056123,50176,0.0,0.0,129.63956871811226
Mundi (19),40571.0,880.1076446771622,0,9,0,278,0,1166,0,305,48418,24.490692761479593,50176,0.0,0.0,191.7937858737245
Mundi (20),391.0,87.4558435678482,0,31,0,1071,0,2261,0,1089,45724,89.04874840561224,50176,0.0,0.0,121.12195073341837
Mundi (21),3.0,8.0,0,37,0,1184,0,2490,0,1284,45181,92.33179209183673,50176,0.0,0.0,109.96163504464286
Mundi (22),28.5,36.72792184352875,0,19,0,750,0,2017,0,818,46572,70.58035714285714,50176,0.0,0.0,119.79043765943878
Mundi (23),0.0,4.0,0,34,0,977,0,2460,0,990,45715,96.59568319515306,50176,0.0,0.0,114.59652024872449
Mundi (24),101.5,44.72792184352875,1,32,0,1336,0,2804,0,1572,44431,109.59064094387755,50176,0.0,0.0,156.05129942602042
Mundi (25),2.0,6.0,0,3,0,589,0,1601,0,581,47402,45.32734773596939,50176,0.0,0.0,182.37155213647958
Mundi (26),0.0,8.0,1,90,0,1771,0,3514,0,1926,42874,139.2041015625,50176,0.0,0.0,116.24312420280613
Mundi (27),935.0,205.33809316158295,0,18,0,679,0,1488,0,687,47304,55.59829400510204,50176,0.0,0.0,100.74268574617346
Mundi (28),1.5,5.414213538169861,0,68,0,1509,0,2992,0,1648,43959,115.90770487882654,50176,0.0,0.0,113.17352917729592
Mundi (29),2.5,7.414213538169861,0,14,0,626,0,1393,0,604,47539,47.654954559948976,50176,0.0,0.0,173.92000159438774
Mundi (30),56.0,44.485281229019165,1,23,0,908,0,1751,0,966,46527,71.93728077168367,50176,0.0,0.0,96.65158641581633
Mundi (31),101.5,44.72792184352875,1,32,0,1336,0,2804,0,1572,44431,109.59064094387755,50176,0.0,0.0,156.05129942602042
Mundi (32),1.0,4.828427076339722,0,58,0,1070,0,2042,0,1044,45962,79.87553810586735,50176,0.0,0.0,55.755839445153065
Mundi (33),17.5,17.071067690849304,0,7,0,438,0,1607,0,474,47650,34.79213169642857,50176,0.0,0.0,227.92251275510205
Mundi (34),4.5,11.41421353816986,0,45,0,1438,0,3029,0,1529,44135,117.81857860331633,50176,0.0,0.0,154.75027901785714
Mundi (35),1.5,5.414213538169861,0,20,0,990,0,1906,0,974,46286,78.12220982142857,50176,0.0,0.0,88.92169563137755
Mundi (36),81.5,41.55634891986847,0,16,0,768,0,1401,0,760,47231,59.176100127551024,50176,0.0,0.0,85.11519451530613
Mundi (37),81.5,41.55634891986847,0,16,0,768,0,1401,0,760,47231,59.176100127551024,50176,0.0,0.0,85.11519451530613
Mundi (38),40560.0,879.4213531017303,0,9,0,336,0,1154,0,357,48320,25.410554846938776,50176,0.0,0.0,191.5041055484694
Mundi (39),40560.0,879.4213531017303,0,9,0,336,0,1154,0,357,48320,25.410554846938776,50176,0.0,0.0,191.5041055484694
Mundi (40),3.5,9.41421353816986,0,46,0,1041,0,2029,0,1054,46006,87.8188775510204,50176,0.0,0.0,127.69312021683673
Mundi (41),950.0,209.33809292316437,0,24,0,779,0,1624,0,787,46962,63.01309390943877,50176,0.0,0.0,108.35568797831633
Mundi (42),3.0,8.0,0,37,0,1059,0,2118,0,1093,45869,88.64217952806122,50176,0.0,0.0,127.21540178571429
Mundi (43),4.0,8.828427076339722,0,54,0,1487,0,2812,0,1626,44197,109.3619459502551,50176,0.0,0.0,132.94294084821428
Mundi (44),3.5,11.41421353816986,0,27,0,1049,0,1982,0,1022,46096,81.44082828443878,50176,0.0,0.0,90.57338169642857
Muuli (1),49729.0,892.0,0,6,0,248,0,1246,0,248,48428,19.94728555484694,50176,0.0,0.0,219.3896484375
Muuli (11),8.0,10.828427076339722,0,48,0,825,0,1869,0,882,46552,69.71639827806122,50176,0.0,0.0,157.68265704719389
Muuli (12),46603.0,866.4852812290192,0,13,0,275,0,1409,0,282,48197,31.544662786989797,50176,0.0,0.0,172.09044164540816
Muuli (13),49729.0,892.0,0,9,0,389,0,1916,0,450,47412,41.52084661989796,50176,0.0,0.0,210.36890146683675
Muuli (14),0.5,3.414213538169861,0,47,0,1108,0,2176,0,1213,45632,89.08940529336735,50176,0.0,0.0,141.16071428571428
Muuli (15),37252.0,1924.9158629179,0,10,0,436,0,1512,0,446,47772,33.369140625,50176,0.0,0.0,191.48377710459184
Muuli (16),49729.0,892.0,0,8,0,310,0,1305,0,309,48244,24.815947863520407,50176,0.0,0.0,199.82860331632654
Muuli (17),31722.0,2116.8813720941544,0,11,0,449,0,1488,0,446,47782,33.84685905612245,50176,0.0,0.0,165.99190848214286
Muuli (18),11118.0,882.0041756629944,0,3,0,331,0,386,0,298,49158,24.12986288265306,50176,0.0,0.0,58.39345503826531
Muuli (19),48462.0,1081.8233745098114,0,4,0,368,0,1476,0,406,47922,29.72526705994898,50176,0.0,0.0,215.2782206632653
Muuli (20),49729.0,892.0,0,3,0,220,0,1223,0,224,48506,17.467215401785715,50176,0.0,0.0,225.16800860969389
Muuli (21),49729.0,892.0,0,6,0,248,0,1246,0,248,48428,19.94728555484694,50176,0.0,0.0,219.3896484375
Muuli (22),49729.0,892.0,0,8,0,310,0,1305,0,309,48244,24.815947863520407,50176,0.0,0.0,199.82860331632654
Muuli (23),49729.0,892.0,0,5,0,350,0,1572,0,357,47892,31.254982461734695,50176,0.0,0.0,186.80315290178572
Muuli (24),0.0,10.0,0,48,0,905,0,1853,0,906,46464,74.21406648596938,50176,0.0,0.0,151.43166055484693
Muuli (25),10.0,12.828427076339722,0,41,0,736,0,1474,0,733,47192,61.00566007653061,50176,0.0,0.0,107.15630978954081
Muuli (26),44823.0,848.0,0,5,0,246,0,1291,0,254,48380,26.442223373724488,50176,0.0,0.0,190.3809590242347
Muuli (27),44823.0,848.0,0,2,0,240,0,1282,0,256,48396,26.594686702806122,50176,0.0,0.0,190.64014668367346
Muuli (28),50.5,39.899494767189026,0,26,0,861,0,1783,0,932,46574,71.5561224489796,50176,0.0,0.0,121.63016183035714
Muuli (29),45498.0,855.6568541526794,0,3,0,249,0,1208,0,254,48462,25.837452168367346,50176,0.0,0.0,171.7042012117347
Muuli (30),4.0,9.656854152679443,1,44,0,1273,0,2600,0,1362,44896,103.6801458864796,50176,0.0,0.0,124.00350765306122
Muuli (31),1218.5,222.95331728458405,1,50,0,1405,0,2717,0,1506,44497,111.41003667091837,50176,0.0,0.0,142.59386957908163
Muuli (32),236.5,66.04162991046906,0,18,0,633,0,1410,0,647,47468,52.42197464923469,50176,0.0,0.0,114.58635602678571
Muuli (33),1.5,5.414213538169861,0,51,0,1081,0,2416,0,1087,45541,91.54406489158163,50176,0.0,0.0,132.81588807397958
Muuli (34),1.0,4.0,0,61,0,1646,0,3308,0,1928,43233,126.41242825255102,50176,0.0,0.0,161.91605548469389
Muuli (35),0.0,0.0,2,58,0,1059,0,2310,0,1183,45564,84.96273118622449,50176,0.0,0.0,158.97351323341837
Muuli (36),74.5,56.72792184352875,2,46,0,860,0,1812,0,907,46549,70.81413424744898,50176,0.0,0.0,151.80773676658163
Muuli (37),41320.0,1565.2691115140915,0,13,0,558,0,2003,0,594,47008,51.79179288903061,50176,0.0,0.0,174.76363201530611
Muuli (38),55.0,34.485281229019165,0,31,0,811,0,2673,0,811,45850,82.29462292729592,50176,0.0,0.0,109.17390784438776
Muuli (39),49729.0,892.0,0,4,0,438,0,1739,0,443,47552,40.16900510204081,50176,0.0,0.0,160.44224330357142
Muuli (40),8.0,10.828427076339722,0,48,0,825,0,1869,0,882,46552,69.71639827806122,50176,0.0,0.0,157.68265704719389
Muuli (41),0.0,0.0,3,94,0,1341,0,2548,0,1395,44795,105.90102838010205,50176,0.0,0.0,153.68303571428572
Muuli (42),0.0,4.0,0,16,0,762,0,1823,0,805,46770,64.47674186862245,50176,0.0,0.0,168.26869419642858
Muuli (43),0.0,0.0,3,94,0,1341,0,2548,0,1395,44795,105.90102838010205,50176,0.0,0.0,153.68303571428572
Muuli (44),41320.0,1565.2691115140915,0,13,0,558,0,2003,0,594,47008,51.79179288903061,50176,0.0,0.0,174.76363201530611
Nagkeshara (1),601.0,101.59797966480255,0,2,0,32,0,58,0,28,50056,2.617287149234694,50176,0.0,0.0,3.384685905612245
Nagkeshara (11),0.0,0.0,1,8,0,306,0,534,0,296,49031,25.83237005739796,50176,0.0,0.0,75.51000478316327
Nagkeshara (12),49729.0,892.0,0,1,0,228,0,1821,0,228,47898,33.17602040816327,50176,0.0,0.0,135.43825733418367
Nagkeshara (13),44079.0,1656.4406877756119,0,2,0,385,0,1550,0,389,47850,32.04779177295919,50176,0.0,0.0,220.20786830357142
Nagkeshara (14),134.5,51.55634891986847,0,11,0,391,0,901,0,367,48506,33.902762276785715,50176,0.0,0.0,60.13661910076531
Nagkeshara (15),0.0,24.0,0,15,0,380,0,1192,0,369,48220,36.84530452806123,50176,0.0,0.0,62.596360809948976
Nagkeshara (16),227.5,60.38477575778961,0,6,0,436,0,912,0,418,48404,36.15413743622449,50176,0.0,0.0,141.75532126913265
Nagkeshara (17),40.0,30.14213514328003,0,29,0,617,0,1683,0,650,47197,62.95210857780612,50176,0.0,0.0,111.75053810586735
Nagkeshara (18),0.0,24.0,0,15,0,380,0,1192,0,369,48220,36.84530452806123,50176,0.0,0.0,62.596360809948976
Nagkeshara (19),0.0,4.0,0,6,0,42,0,622,0,36,49470,10.591119260204081,50176,0.0,0.0,6.977738360969388
Nagkeshara (20),0.0,24.0,0,15,0,380,0,1192,0,369,48220,36.84530452806123,50176,0.0,0.0,62.596360809948976
Nagkeshara (21),40.0,30.485281229019165,0,2,0,491,0,566,0,477,48640,30.49774792729592,50176,0.0,0.0,135.80416932397958
Nagkeshara (22),0.0,4.0,0,3,0,198,0,340,0,191,49444,17.019989636479593,50176,0.0,0.0,27.804229113520407
Nagkeshara (23),18.5,25.55634891986847,0,25,0,678,0,1382,0,642,47449,55.674525669642854,50176,0.0,0.0,47.782007334183675
Nagkeshara (24),8535.0,691.3279877901077,0,1,0,208,0,397,0,204,49366,18.265106823979593,50176,0.0,0.0,44.920778858418366
Nagkeshara (25),66.5,52.38477599620819,1,8,0,276,0,507,0,274,49110,24.546595982142858,50176,0.0,0.0,47.92938855229592
Nagkeshara (26),29.0,44.7695517539978,0,39,0,641,0,1602,0,677,47217,63.19604990433673,50176,0.0,0.0,94.37480070153062
Nagkeshara (27),12.0,14.828427076339722,1,22,0,526,0,1004,0,478,48145,43.853535554846935,50176,0.0,0.0,50.98373724489796
Nagkeshara (28),8535.0,691.3279877901077,0,1,0,208,0,397,0,204,49366,18.265106823979593,50176,0.0,0.0,44.920778858418366
Nagkeshara (29),5.0,8.828427076339722,1,40,0,514,0,777,0,463,48381,35.91019610969388,50176,0.0,0.0,23.875757334183675
Nagkeshara (30),0.0,4.0,0,14,0,391,0,1253,0,372,48146,39.33553890306123,50176,0.0,0.0,64.7054368622449
Nagkeshara (31),8.5,13.41421353816986,0,21,0,837,0,2545,0,925,45848,86.24342315051021,50176,0.0,0.0,129.01446906887756
Nagkeshara (32),8.5,13.41421353816986,0,21,0,837,0,2545,0,925,45848,86.24342315051021,50176,0.0,0.0,129.01446906887756
Nagkeshara (33),49729.0,892.0,0,0,0,252,0,1294,0,264,48366,20.882393973214285,50176,0.0,0.0,230.20438058035714
Nagkeshara (34),4910.5,1480.3199698925018,0,8,0,497,0,725,0,484,48462,38.78667091836735,50176,0.0,0.0,28.170141103316325
Nagkeshara (35),8.5,13.41421353816986,0,21,0,837,0,2545,0,925,45848,86.24342315051021,50176,0.0,0.0,129.01446906887756
Nagkeshara (36),130.5,50.72792184352875,0,10,0,579,0,836,0,565,48186,43.828125,50176,0.0,0.0,77.62416294642857
Nagkeshara (37),0.0,6.0,0,28,0,935,0,2460,0,969,45784,85.84193638392857,50176,0.0,0.0,122.62625558035714
Nagkeshara (38),45806.5,1761.8204090595245,0,10,0,451,0,1647,0,469,47599,36.72841597576531,50176,0.0,0.0,229.07615194515307
Nagkeshara (39),5.0,8.828427076339722,1,40,0,514,0,777,0,463,48381,35.91019610969388,50176,0.0,0.0,23.875757334183675
Nagkeshara (40),31.5,27.071067690849304,0,3,0,97,0,191,0,75,49810,8.121213329081632,50176,0.0,0.0,8.842873086734693
Nagkeshara (41),0.0,6.0,0,36,0,789,0,1437,0,750,47164,65.1577447385204,50176,0.0,0.0,42.03413982780612
Nagkeshara (42),193.0,103.11269807815552,0,54,0,1207,0,2675,0,1240,45000,98.39475047831633,50176,0.0,0.0,111.27790178571429
Nagkeshara (43),0.0,6.0,0,36,0,789,0,1437,0,750,47164,65.1577447385204,50176,0.0,0.0,42.03413982780612
Nagkeshara (44),17.0,17.656854152679443,0,24,0,333,0,508,0,276,49035,24.668566645408163,50176,0.0,0.0,24.033302774234695
Narha (1),49729.0,892.0,0,14,0,317,0,1511,0,384,47950,26.472716039540817,50176,0.0,0.0,237.03473772321428
Narha (11),0.5,3.414213538169861,0,59,0,796,0,1795,0,852,46674,57.377032844387756,50176,0.0,0.0,165.6768176020408
Narha (12),0.0,2.0,1,25,0,522,0,1448,0,541,47639,40.57557397959184,50176,0.0,0.0,189.40011160714286
Narha (13),29056.5,1619.526032447815,0,24,0,789,0,1987,0,890,46486,69.21835140306122,50176,0.0,0.0,135.82449776785714
Narha (14),21978.5,914.0315247774124,0,13,0,207,0,903,0,275,48778,19.733836894132654,50176,0.0,0.0,112.21809231505102
Narha (15),49729.0,892.0,0,16,0,256,0,1687,0,329,47888,27.36716757015306,50176,0.0,0.0,225.76261559311226
Narha (16),49729.0,892.0,0,24,0,604,0,1885,0,675,46988,45.70850605867347,50176,0.0,0.0,208.08195153061226
Narha (17),10177.0,1761.782952427864,0,23,0,642,0,1098,0,716,47697,50.31289859693877,50176,0.0,0.0,53.40790417729592
Narha (18),0.0,0.0,0,0,0,0,0,0,0,0,50176,0.0,50176,0.0,0.0,0.0
Narha (19),49729.0,892.0,0,51,0,801,0,2585,0,997,45742,67.83601721938776,50176,0.0,0.0,206.6487962372449
Narha (20),49729.0,892.0,0,14,0,317,0,1511,0,384,47950,26.472716039540817,50176,0.0,0.0,237.03473772321428
Narha (21),49729.0,892.0,0,16,0,256,0,1687,0,329,47888,27.36716757015306,50176,0.0,0.0,225.76261559311226
Narha (22),49729.0,892.0,0,26,0,647,0,1783,0,723,46997,42.1662747130102,50176,0.0,0.0,217.48385682397958
Narha (23),5482.0,467.8233745098114,0,5,0,406,0,1519,0,392,47854,38.28862404336735,50176,0.0,0.0,148.71781329719389
Narha (24),19348.0,1135.89653134346,0,12,0,739,0,1715,0,750,46960,53.92627949617347,50176,0.0,0.0,161.38243383290816
Narha (25),19348.0,1135.89653134346,0,12,0,739,0,1715,0,750,46960,53.92627949617347,50176,0.0,0.0,161.38243383290816
Narha (26),1.5,5.414213538169861,0,24,0,834,0,1808,0,822,46688,70.72265625,50176,0.0,0.0,122.91593590561224
Narha (27),1.0,4.0,0,29,0,1304,0,2151,0,1290,45402,99.21297034438776,50176,0.0,0.0,104.88460618622449
Narha (28),2.0,6.828427076339722,0,38,0,647,0,1502,0,707,47282,47.93447066326531,50176,0.0,0.0,100.67661830357143
Narha (29),0.0,2.0,0,32,0,990,0,1581,0,973,46600,74.208984375,50176,0.0,0.0,67.13976801658163
Narha (30),19405.0,1094.9259675741196,0,16,0,677,0,1640,0,687,47156,50.63815369897959,50176,0.0,0.0,161.71277104591837
Narha (31),21978.5,914.0315247774124,0,13,0,207,0,903,0,275,48778,19.733836894132654,50176,0.0,0.0,112.21809231505102
Narha (32),31.0,43.65685415267944,0,30,0,719,0,1065,0,720,47642,52.823461415816325,50176,0.0,0.0,34.471958705357146
Narha (33),7.5,11.41421353816986,0,47,0,981,0,1758,0,1030,46360,74.27505181760205,50176,0.0,0.0,76.2418287627551
Narha (34),1.0,24.82842707633972,1,37,0,784,0,1807,0,717,46830,68.9388352997449,50176,0.0,0.0,64.0854193239796
Narha (35),2019.5,254.63455843925476,0,26,0,821,0,1696,0,819,46814,67.81060666454081,50176,0.0,0.0,114.34749681122449
Narha (36),7.0,21.656854152679443,0,45,0,1195,0,2053,0,1173,45710,91.7270208864796,50176,0.0,0.0,71.00725446428571
Narha (37),4.0,10.828427076339722,0,11,0,634,0,1999,0,692,46840,55.816824776785715,50176,0.0,0.0,219.62850765306123
Narha (38),136.0,61.11269807815552,1,18,0,734,0,2246,0,820,46357,73.07059151785714,50176,0.0,0.0,92.55540497448979
Narha (39),6.5,10.242640614509583,0,79,0,1174,0,3093,0,1320,44510,113.15828284438776,50176,0.0,0.0,97.68325494260205
Narha (40),44.0,56.14213538169861,0,45,0,994,0,2015,0,945,46177,79.82979910714286,50176,0.0,0.0,99.03509646045919
Narha (41),18250.5,621.0954529047012,0,0,0,67,0,528,0,63,49518,12.7001953125,50176,0.0,0.0,94.26807637117346
Narha (42),3.0,10.485280990600586,2,35,0,1009,0,1472,0,972,46686,77.75121572066327,50176,0.0,0.0,78.00532126913265
Narha (43),6.0,10.828427076339722,0,20,0,855,0,1841,0,859,46601,74.88998724489795,50176,0.0,0.0,81.09016262755102
Narha (5),1.0,4.0,0,45,0,755,0,2194,0,730,46452,69.86886160714286,50176,0.0,0.0,154.72995057397958
Neem (1),49729.0,892.0,0,2,0,253,0,1342,0,253,48326,21.817502391581634,50176,0.0,0.0,156.0563815369898
Neem (11),49724.0,896.8284270763397,0,3,0,260,0,1403,0,284,48226,24.150191326530614,50176,0.0,0.0,178.3414381377551
Neem (12),49729.0,892.0,0,2,0,292,0,1286,0,292,48304,22.600147480867346,50176,0.0,0.0,201.24651227678572
Neem (13),44058.5,899.095452785492,0,3,0,342,0,1203,0,334,48294,27.534877232142858,50176,0.0,0.0,133.7662428252551
Neem (14),49715.5,891.4142135381699,0,13,0,245,0,1344,0,266,48308,21.619300063775512,50176,0.0,0.0,218.21568080357142
Neem (15),49729.0,892.0,0,4,0,239,0,1236,0,239,48458,18.803810586734695,50176,0.0,0.0,181.6651387117347
Neem (16),49729.0,892.0,0,0,0,201,0,1294,0,201,48480,18.6361009247449,50176,0.0,0.0,160.8284837372449
Neem (17),49729.0,892.0,0,0,0,233,0,1230,0,233,48480,18.3870774872449,50176,0.0,0.0,168.15180564413265
Neem (18),49729.0,892.0,0,0,0,180,0,1204,0,180,48612,15.744379783163266,50176,0.0,0.0,188.9325573979592
Neem (19),49729.0,892.0,0,2,0,228,0,1145,0,205,48596,15.271743463010203,50176,0.0,0.0,182.80861367984693
Neem (20),49729.0,892.0,0,0,0,122,0,1178,0,122,48754,12.47150031887755,50176,0.0,0.0,216.21332908163265
Neem (21),49729.0,892.0,0,0,0,242,0,1244,0,242,48448,19.26628268494898,50176,0.0,0.0,157.64708227040816
Neem (22),49729.0,892.0,0,2,0,247,0,1292,0,247,48388,21.095842633928573,50176,0.0,0.0,164.26399075255102
Neem (23),49729.0,892.0,0,0,0,229,0,1294,0,229,48424,19.911710778061224,50176,0.0,0.0,167.8468789859694
Neem (24),49729.0,892.0,0,3,0,257,0,1335,0,267,48314,22.366370376275512,50176,0.0,0.0,232.19656808035714
Neem (25),0.0,6.0,0,17,0,566,0,1892,0,559,47142,52.396564094387756,50176,0.0,0.0,183.27108577806123
Neem (26),18.0,19.656854033470154,0,18,0,845,0,1942,0,851,46520,67.92749521683673,50176,0.0,0.0,163.54233099489795
Neem (27),49729.0,892.0,0,14,0,405,0,1770,0,419,47568,38.02435427295919,50176,0.0,0.0,218.86110889668367
Neem (28),49729.0,892.0,0,3,0,257,0,1335,0,267,48314,22.366370376275512,50176,0.0,0.0,232.19656808035714
Neem (29),49729.0,892.0,0,1,0,397,0,1353,0,405,48020,28.510642538265305,50176,0.0,0.0,196.48965640943877
Neem (30),49729.0,892.0,0,0,0,106,0,1108,0,142,48820,10.540298150510203,50176,0.0,0.0,230.53471779336735
Neem (31),49729.0,892.0,0,2,0,160,0,1196,0,160,48658,14.75845025510204,50176,0.0,0.0,207.24848533163265
Neem (32),49729.0,892.0,0,1,0,388,0,1363,0,396,48028,28.475067761479593,50176,0.0,0.0,195.6561902104592
Neem (33),49729.0,892.0,0,2,0,260,0,1420,0,288,48206,24.973493303571427,50176,0.0,0.0,170.66745057397958
Neem (34),49729.0,892.0,0,1,0,246,0,1317,0,252,48360,21.212731186224488,50176,0.0,0.0,219.4353874362245
Neem (35),49729.0,892.0,0,9,0,374,0,1390,0,379,48024,28.622448979591837,50176,0.0,0.0,208.63081951530611
Neem (36),49729.0,892.0,0,1,0,346,0,1637,0,358,47834,34.212771045918366,50176,0.0,0.0,182.4020448022959
Neem (37),49729.0,892.0,0,2,0,204,0,1238,0,204,48528,17.487543845663264,50176,0.0,0.0,194.83288823341837
Neem (38),49729.0,892.0,0,4,0,201,0,1219,0,230,48522,16.293247767857142,50176,0.0,0.0,204.68710140306123
Neem (39),49729.0,892.0,0,5,0,265,0,1232,0,266,48408,20.201391103316325,50176,0.0,0.0,190.88917012117346
Neem (40),49729.0,892.0,0,1,0,346,0,1637,0,358,47834,34.212771045918366,50176,0.0,0.0,182.4020448022959
Neem (41),49729.0,892.0,0,0,0,105,0,1054,0,105,48912,8.69549186862245,50176,0.0,0.0,230.60586734693877
Neem (42),49729.0,892.0,0,2,0,260,0,1420,0,288,48206,24.973493303571427,50176,0.0,0.0,170.66745057397958
Neem (43),49729.0,892.0,0,3,0,193,0,1142,0,194,48644,14.71271125637755,50176,0.0,0.0,182.37155213647958
Neem (44),49729.0,892.0,0,0,0,92,0,1046,0,92,48946,7.760383450255102,50176,0.0,0.0,240.8514030612245
Nichni (1),9.0,14.828427076339722,0,0,0,25,0,28,0,17,50106,1.3213488520408163,50176,0.0,0.0,0.8436304209183674
Nichni (11),1.5,7.414213538169861,0,10,0,356,0,1054,0,340,48416,34.56343670280612,50176,0.0,0.0,117.94054926658163
Nichni (12),0.0,0.0,1,8,0,187,0,267,0,134,49579,13.04069674744898,50176,0.0,0.0,7.6079201211734695
Nichni (13),0.5,3.414213538169861,0,4,0,0,0,0,0,0,50172,0.3506656568877551,50176,0.0,0.0,0.025410554846938774
Nichni (14),0.0,0.0,0,0,0,0,0,0,0,0,50176,0.0,50176,0.0,0.0,0.0
Nichni (15),2.0,6.0,0,22,0,174,0,272,0,124,49584,13.213488520408163,50176,0.0,0.0,16.613420758928573
Nichni (16),8.0,19.656854152679443,1,2,0,25,0,33,0,8,50107,1.6669323979591837,50176,0.0,0.0,0.45738998724489793
Nichni (17),189.5,88.32590091228485,0,6,0,56,0,64,0,42,50008,3.750597895408163,50176,0.0,0.0,1.595782844387755
Nichni (18),3.5,9.41421353816986,0,23,0,720,0,1462,0,651,47320,59.557258450255105,50176,0.0,0.0,52.05606265943877
Nichni (19),0.0,0.0,0,0,0,0,0,0,0,0,50176,0.0,50176,0.0,0.0,0.0
Nichni (20),0.0,4.0,1,53,0,1334,0,2406,0,1334,45048,104.35098453443878,50176,0.0,0.0,95.45220822704081
Nichni (21),43.0,27.313708305358887,0,2,0,248,0,554,0,242,49130,19.886300223214285,50176,0.0,0.0,41.67330994897959
Nichni (22),142.0,106.28427064418793,0,0,0,24,0,74,0,20,50058,2.5003985969387754,50176,0.0,0.0,0.9757653061224489
Nichni (23),52.0,36.14213502407074,0,6,0,233,0,551,0,210,49176,19.545798788265305,50176,0.0,0.0,26.71157525510204
Nichni (24),49715.5,891.4142135381699,0,3,0,407,0,1538,0,444,47784,34.56851881377551,50176,0.0,0.0,167.32850366709184
Nichni (25),2.0,6.828427076339722,0,23,0,744,0,1595,0,760,47054,63.68393255739796,50176,0.0,0.0,139.89018654336735
Nichni (26),3789.0,538.2253955602646,0,11,0,544,0,1247,0,509,47865,45.58145328443877,50176,0.0,0.0,50.084203603316325
Nichni (27),46607.0,864.0,0,0,0,108,0,1038,0,108,48922,14.910913584183673,50176,0.0,0.0,206.71994579081633
Nichni (28),46.5,34.72792184352875,0,25,0,1168,0,1895,0,1200,45888,89.56712372448979,50176,0.0,0.0,91.44750478316327
Nichni (29),6.0,10.828427076339722,0,12,0,781,0,1735,0,868,46780,62.25077726403061,50176,0.0,0.0,148.13337053571428
Nichni (30),1.0,4.0,0,43,0,829,0,1442,0,782,47080,64.49198820153062,50176,0.0,0.0,63.43999123086735
Nichni (32),10.0,21.313708305358887,0,9,0,61,0,190,0,46,49870,5.671635841836735,50176,0.0,0.0,4.949976084183674
Nichni (33),2.0,6.0,0,45,0,791,0,1411,0,745,47184,62.87079480229592,50176,0.0,0.0,62.88095902423469
Nichni (34),1142.0,158.42640590667725,0,3,0,659,0,1275,0,685,47554,53.55020328443877,50176,0.0,0.0,149.6630859375
Nichni (35),1142.0,158.42640590667725,0,3,0,659,0,1275,0,685,47554,53.55020328443877,50176,0.0,0.0,149.6630859375
Nichni (36),0.0,10.0,0,19,0,932,0,1676,0,920,46629,74.48850047831633,50176,0.0,0.0,109.40260283801021
Nichni (37),5.0,8.828427076339722,0,10,0,401,0,807,0,370,48588,31.000876913265305,50176,0.0,0.0,40.743283641581634
Nichni (38),5.5,9.41421353816986,0,13,0,608,0,1076,0,641,47838,49.703045280612244,50176,0.0,0.0,103.26849489795919
Nichni (39),6.5,12.242640614509583,0,8,0,157,0,233,0,120,49658,10.30143893494898,50176,0.0,0.0,6.098533163265306
Nichni (40),2.5,7.414213538169861,0,15,0,969,0,1811,0,975,46406,76.39937420280613,50176,0.0,0.0,116.93429129464286
Nichni (41),1.5,5.414213538169861,0,22,0,836,0,1327,0,790,47201,62.44897959183673,50176,0.0,0.0,65.5338209502551
Nichni (42),9.5,12.242640614509583,0,0,0,7,0,4,0,3,50162,0.269351881377551,50176,0.0,0.0,0.08131377551020408
Nichni (43),6.0,10.0,0,13,0,369,0,818,0,345,48631,30.075932716836736,50176,0.0,0.0,40.946568080357146
Nichni (44),0.0,2.0,0,6,0,327,0,787,0,320,48736,28.6376953125,50176,0.0,0.0,52.1272122130102
Ogai (1),49729.0,892.0,0,2,0,209,0,1258,0,213,48494,18.11264349489796,50176,0.0,0.0,155.53292410714286
Ogai (10),49729.0,892.0,0,0,0,228,0,1256,0,228,48464,19.190051020408163,50176,0.0,0.0,137.53208705357142
Ogai (11),49729.0,892.0,0,1,0,266,0,1249,0,266,48394,20.277622767857142,50176,0.0,0.0,140.05281409438774
Ogai (12),49729.0,892.0,0,0,0,172,0,1130,0,176,48698,13.752192283163266,50176,0.0,0.0,186.20346380739795
Ogai (13),49729.0,892.0,0,0,0,186,0,1100,0,188,48702,13.589564732142858,50176,0.0,0.0,205.8204121492347
Ogai (14),49729.0,892.0,0,0,0,231,0,1156,0,231,48558,17.045400191326532,50176,0.0,0.0,172.51733896683675
Ogai (15),49729.0,892.0,0,13,0,194,0,1183,0,196,48590,15.57667012117347,50176,0.0,0.0,167.27260044642858
Ogai (16),43.5,31.071067690849304,0,19,0,817,0,1907,0,866,46567,69.99083227040816,50176,0.0,0.0,168.35509008290816
Ogai (17),0.0,0.0,1,27,0,1351,0,2706,0,1492,44599,112.31973453443878,50176,0.0,0.0,141.08956473214286
Ogai (18),20523.5,1656.8296366930008,0,2,0,579,0,835,0,576,48184,45.13422751913265,50176,0.0,0.0,107.90846221301021
Ogai (2),49729.0,892.0,0,0,0,192,0,1158,0,192,48634,15.398796237244898,50176,0.0,0.0,191.1737683354592
Ogai (21),49729.0,892.0,0,0,0,211,0,1198,0,211,48556,17.147042410714285,50176,0.0,0.0,153.5254902742347
Ogai (22),49729.0,892.0,0,0,0,202,0,1120,0,202,48652,14.753368144132653,50176,0.0,0.0,180.22690130739795
Ogai (23),717.0,244.8528116941452,1,14,0,931,0,2432,0,979,45819,79.32158801020408,50176,0.0,0.0,163.84725765306123
Ogai (24),49729.0,892.0,0,1,0,207,0,1282,0,208,48478,18.6767578125,50176,0.0,0.0,221.03625239158163
Ogai (25),207.0,86.97056221961975,1,32,0,1402,0,2831,0,1446,44464,112.65007174744898,50176,0.0,0.0,140.30183753188774
Ogai (26),49729.0,892.0,0,0,0,223,0,1148,0,223,48582,16.176359215561224,50176,0.0,0.0,172.90866151147958
Ogai (27),49729.0,892.0,0,1,0,198,0,1187,0,198,48592,16.30341198979592,50176,0.0,0.0,171.6228874362245
Ogai (28),49729.0,892.0,0,2,0,218,0,1254,0,222,48480,18.895288584183675,50176,0.0,0.0,129.2380819515306
Ogai (29),49729.0,892.0,0,0,0,271,0,1106,0,271,48528,17.573939732142858,50176,0.0,0.0,153.96763392857142
Ogai (3),49729.0,892.0,0,0,0,284,0,1216,0,284,48392,20.745176977040817,50176,0.0,0.0,118.9061503507653
Ogai (30),49729.0,892.0,0,0,0,231,0,1168,0,231,48546,17.441804846938776,50176,0.0,0.0,137.4558553890306
Ogai (31),49729.0,892.0,0,0,0,219,0,1194,0,219,48544,16.964086415816325,50176,0.0,0.0,170.0779257015306
Ogai (32),49729.0,892.0,0,0,0,159,0,1162,0,159,48696,13.035614636479592,50176,0.0,0.0,217.62107382015307
Ogai (33),49729.0,892.0,0,0,0,128,0,1062,0,128,48858,9.91519850127551,50176,0.0,0.0,226.8654336734694
Ogai (34),49729.0,892.0,0,1,0,230,0,1183,0,230,48532,17.782306281887756,50176,0.0,0.0,124.26777742346938
Ogai (35),49729.0,892.0,0,0,0,186,0,1100,0,188,48702,13.589564732142858,50176,0.0,0.0,205.8204121492347
Ogai (36),49729.0,892.0,0,0,0,211,0,1126,0,211,48628,15.195511798469388,50176,0.0,0.0,177.52830038265307
Ogai (37),49729.0,892.0,0,0,0,168,0,1060,0,168,48780,11.785415338010203,50176,0.0,0.0,207.25356744260205
Ogai (4),49729.0,892.0,0,0,0,271,0,1106,0,271,48528,17.573939732142858,50176,0.0,0.0,153.96763392857142
Ogai (5),49729.0,892.0,0,0,0,222,0,1248,0,226,48480,18.803810586734695,50176,0.0,0.0,129.4871053890306
Ogai (6),49729.0,892.0,0,0,0,219,0,1194,0,219,48544,16.964086415816325,50176,0.0,0.0,170.0779257015306
Ogai (7),49729.0,892.0,0,0,0,255,0,1334,0,255,48332,22.3714524872449,50176,0.0,0.0,91.67619977678571
Ogai (8),49729.0,892.0,0,0,0,159,0,1162,0,159,48696,13.035614636479592,50176,0.0,0.0,217.62107382015307
Ogai (9),49729.0,892.0,0,0,0,169,0,1090,0,169,48748,12.552814094387756,50176,0.0,0.0,201.61750637755102
Oleander (1),49729.0,892.0,0,0,0,283,0,1046,0,283,48564,16.674406090561224,50176,0.0,0.0,207.57882254464286
Oleander (11),49729.0,892.0,0,0,0,176,0,1144,0,176,48680,14.265485491071429,50176,0.0,0.0,207.49750876913265
Oleander (12),49729.0,892.0,0,0,0,255,0,1072,0,255,48594,16.064552774234695,50176,0.0,0.0,211.7156608737245
Oleander (13),49729.0,892.0,0,0,0,234,0,1082,0,234,48626,15.363221460459183,50176,0.0,0.0,208.74770806760205
Oleander (14),49729.0,892.0,0,0,0,251,0,1086,0,251,48588,16.2271803252551,50176,0.0,0.0,204.9412069515306
Oleander (15),49729.0,892.0,0,0,0,242,0,1084,0,242,48608,15.810447225765307,50176,0.0,0.0,203.39624521683675
Oleander (16),49729.0,892.0,0,0,0,214,0,1106,0,214,48642,15.043048469387756,50176,0.0,0.0,210.86186623086735
Oleander (17),49729.0,892.0,0,0,0,273,0,1076,0,273,48554,17.030153858418366,50176,0.0,0.0,197.50099649234693
Oleander (18),49729.0,892.0,0,0,0,296,0,1062,0,296,48522,17.675581951530614,50176,0.0,0.0,202.77622767857142
Oleander (19),49729.0,892.0,0,0,0,299,0,1032,0,299,48546,17.019989636479593,50176,0.0,0.0,210.52644690688774
Oleander (20),49729.0,892.0,0,0,0,264,0,1074,0,264,48574,16.511778539540817,50176,0.0,0.0,208.73754384566325
Oleander (21),49729.0,892.0,0,0,0,275,0,1030,0,275,48596,15.91717155612245,50176,0.0,0.0,220.15704719387756
Oleander (22),49729.0,892.0,0,0,0,267,0,1054,0,267,48588,16.156030771683675,50176,0.0,0.0,209.43887515943877
Oleander (23),49729.0,892.0,0,0,0,251,0,1084,0,251,48590,16.181441326530614,50176,0.0,0.0,206.51157924107142
Oleander (24),49729.0,892.0,0,0,0,238,0,1100,0,238,48600,15.947664221938776,50176,0.0,0.0,196.1034159757653
Oleander (25),49729.0,892.0,0,0,0,290,0,1046,0,290,48550,16.994579081632654,50176,0.0,0.0,209.76921237244898
Oleander (26),49729.0,892.0,0,0,0,289,0,1068,0,289,48530,17.528200733418366,50176,0.0,0.0,195.05141900510205
Oleander (27),49729.0,892.0,0,0,0,212,0,1088,0,212,48664,14.550083705357142,50176,0.0,0.0,203.73674665178572
Oleander (28),49729.0,892.0,0,0,0,253,0,1082,0,253,48588,16.21193399234694,50176,0.0,0.0,204.84464684311226
Oleander (29),49729.0,892.0,0,0,0,243,0,1096,0,243,48594,16.176359215561224,50176,0.0,0.0,198.5529934630102
Oleander (30),49729.0,892.0,0,1,0,235,0,1085,0,235,48620,15.510602678571429,50176,0.0,0.0,206.16091358418367
Oleander (31),49729.0,892.0,0,0,0,238,0,1088,0,238,48612,15.64273756377551,50176,0.0,0.0,206.42010124362244
Oleander (32),49729.0,892.0,0,0,0,300,0,1046,0,300,48530,17.426558514030614,50176,0.0,0.0,206.1964883609694
Oleander (33),49729.0,892.0,0,0,0,154,0,1154,0,154,48714,13.482840401785714,50176,0.0,0.0,212.9201211734694
Oleander (34),49729.0,892.0,0,0,0,270,0,1042,0,270,48594,15.993403220663266,50176,0.0,0.0,211.40056999362244
Oleander (35),49729.0,892.0,0,0,0,228,0,1100,0,228,48620,15.515684789540817,50176,0.0,0.0,206.2320631377551
Oleander (36),49729.0,892.0,0,0,0,258,0,1092,0,258,48568,16.694734534438776,50176,0.0,0.0,202.8727877869898
Oleander (37),49729.0,892.0,0,0,0,227,0,1108,0,227,48614,15.729133450255102,50176,0.0,0.0,199.27973533163265
Oleander (38),49729.0,892.0,0,0,0,187,0,1134,0,187,48668,14.499262595663266,50176,0.0,0.0,205.2766262755102
Oleander (39),49729.0,892.0,0,0,0,206,0,1120,0,206,48644,14.936324139030612,50176,0.0,0.0,212.1730508609694
Oleander (40),49729.0,892.0,0,0,0,294,0,1058,0,294,48530,17.492625956632654,50176,0.0,0.0,202.2121133609694
Oleander (41),49729.0,892.0,0,0,0,286,0,1046,0,286,48558,16.77604830994898,50176,0.0,0.0,210.44005102040816
Oleander (42),49729.0,892.0,0,0,0,250,0,1066,0,250,48610,15.713887117346939,50176,0.0,0.0,211.7156608737245
Oleander (43),49729.0,892.0,0,0,0,300,0,1014,0,300,48562,16.633749202806122,50176,0.0,0.0,215.6136399872449
Oleander (44),49729.0,892.0,0,0,0,215,0,1122,0,215,48624,15.510602678571429,50176,0.0,0.0,202.84737723214286
Parnabija (1),49729.0,892.0,0,6,0,164,0,1261,0,199,48546,15.424206792091837,50176,0.0,0.0,224.68012595663265
Parnabija (25),49729.0,892.0,0,4,0,195,0,1478,0,277,48222,23.662308673469386,50176,0.0,0.0,209.45920360331633
Parnabija (29),9.5,12.242640614509583,0,17,0,779,0,1926,0,792,46662,70.15854193239795,50176,0.0,0.0,155.72604432397958
Parnabija (3),49729.0,892.0,0,2,0,242,0,1314,0,242,48376,21.319455516581634,50176,0.0,0.0,117.34086017219387
Parnabija (30),155.0,52.97056221961975,0,8,0,372,0,1024,0,372,48400,32.35271843112245,50176,0.0,0.0,161.79408482142858
Parnabija (31),1.5,11.41421353816986,0,9,0,549,0,1367,0,547,47704,47.88873166454081,50176,0.0,0.0,153.6931999362245
Parnabija (32),15.5,16.242640614509583,0,13,0,331,0,960,0,330,48542,26.76239636479592,50176,0.0,0.0,169.2952806122449
Parnabija (33),6.0,10.0,0,4,0,479,0,934,0,463,48296,33.592753507653065,50176,0.0,0.0,109.33653539540816
Parnabija (34),779.5,146.66904664039612,0,16,0,650,0,1536,0,649,47325,51.400470344387756,50176,0.0,0.0,179.5458984375
Parnabija (35),10.5,13.071067690849304,1,19,0,567,0,1211,0,584,47794,47.11625079719388,50176,0.0,0.0,175.37856744260205
Parnabija (36),49729.0,892.0,0,0,0,167,0,1164,0,167,48678,14.255321269132653,50176,0.0,0.0,194.1569674744898
Parnabija (37),49729.0,892.0,0,0,0,209,0,1216,0,209,48542,17.29950573979592,50176,0.0,0.0,161.4485012755102
Parnabija (38),49714.5,891.4142135381699,0,7,0,210,0,1325,0,218,48416,19.937121332908163,50176,0.0,0.0,172.9950573979592
Parnabija (39),49729.0,892.0,0,7,0,305,0,1204,0,312,48348,20.633370535714285,50176,0.0,0.0,172.9950573979592
Parnabija (4),49729.0,892.0,0,2,0,198,0,1326,0,206,48444,18.722496811224488,50176,0.0,0.0,168.49738919005102
Parnabija (40),49729.0,892.0,0,4,0,180,0,1251,0,195,48546,16.06963488520408,50176,0.0,0.0,224.2024075255102
Parnabija (41),49729.0,892.0,0,1,0,296,0,1221,0,294,48364,21.670121173469386,50176,0.0,0.0,133.49180883290816
Parnabija (42),49729.0,892.0,0,5,0,211,0,1205,0,213,48542,17.782306281887756,50176,0.0,0.0,161.92113759566325
Parnabija (43),262.0,73.94112479686737,0,39,0,1007,0,1753,0,1079,46298,78.59484614158163,50176,0.0,0.0,139.90035076530611
Parnabija (44),1.5,5.414213538169861,0,18,0,661,0,1679,0,684,47134,55.29336734693877,50176,0.0,0.0,140.76430963010205
Parnabija (45),192.0,91.25483334064484,0,14,0,909,0,1852,0,973,46428,72.5064772002551,50176,0.0,0.0,145.8057637117347
Parnabija (46),9.5,12.242640614509583,0,17,0,779,0,1926,0,792,46662,70.15854193239795,50176,0.0,0.0,155.72604432397958
Parnabija (47),1.0,4.828427076339722,0,47,0,1406,0,2457,0,1469,44797,108.85881696428571,50176,0.0,0.0,120.28340242346938
Parnabija (48),941.5,141.01219248771667,0,21,0,941,0,2062,0,954,46198,78.11712771045919,50176,0.0,0.0,156.7678770727041
Parnabija (49),1176.0,165.88224971294403,0,15,0,845,0,1743,0,895,46678,67.50568000637755,50176,0.0,0.0,174.01656170280611
Parnabija (50),3417.0,482.6274164915085,0,12,0,300,0,1252,0,304,48308,28.942621970663264,50176,0.0,0.0,169.39184072066325
Parnabija (51),12.0,15.656854152679443,0,20,0,597,0,1799,0,702,47058,55.8625637755102,50176,0.0,0.0,184.7296516262755
Parnabija (52),62.5,33.071067690849304,0,20,0,1201,0,2188,0,1246,45521,95.28449856505102,50176,0.0,0.0,137.43552694515307
Parnabija (53),0.0,0.0,1,75,0,1746,0,3436,0,1881,43037,137.34913105867346,50176,0.0,0.0,132.49571508290816
Parnabija (54),4.0,16.82842707633972,1,29,0,916,0,1581,0,908,46741,69.53344228316327,50176,0.0,0.0,86.54326769770408
Parnabija (55),2.0,6.0,0,32,0,837,0,2139,0,884,46284,72.43024553571429,50176,0.0,0.0,170.46924824617346
Parnabija (56),49701.0,890.8284270763397,0,3,0,203,0,1329,0,215,48426,19.810068558673468,50176,0.0,0.0,172.97472895408163
Parnabija (57),50.5,37.071067690849304,1,69,0,1661,0,2734,0,1641,44070,119.18058434311224,50176,0.0,0.0,96.67699697066327
Parnabija (58),779.5,146.66904664039612,0,16,0,650,0,1536,0,649,47325,51.400470344387756,50176,0.0,0.0,179.5458984375
Parnabija (59),39.5,36.72792184352875,0,15,0,595,0,1996,0,705,46865,54.993522799744895,50176,0.0,0.0,199.40678810586735
Parpat (1),0.0,2.0,0,103,0,1752,0,3631,0,1929,42761,134.6810227997449,50176,0.0,0.0,98.43540736607143
Parpat (11),1.5,5.414213538169861,0,45,0,1142,0,2434,0,1260,45295,92.17424665178571,50176,0.0,0.0,113.57501594387755
Parpat (12),13.0,21.656854152679443,0,32,0,783,0,1801,0,808,46752,63.31802056760204,50176,0.0,0.0,87.41739078443878
Parpat (13),0.0,0.0,1,44,0,1317,0,2563,0,1371,44880,107.88813376913265,50176,0.0,0.0,103.9647441007653
Parpat (14),0.5,3.414213538169861,0,54,0,1283,0,2953,0,1521,44365,106.97843590561224,50176,0.0,0.0,144.3929368622449
Parpat (15),18.5,30.242640614509583,0,56,0,1498,0,4051,0,1768,42803,135.7635124362245,50176,0.0,0.0,168.11623086734693
Parpat (16),1.5,5.414213538169861,0,45,0,1142,0,2434,0,1260,45295,92.17424665178571,50176,0.0,0.0,113.57501594387755
Parpat (17),5959.5,728.3746701478958,0,27,0,1012,0,2625,0,1182,45330,84.84584263392857,50176,0.0,0.0,200.72813695790816
Parpat (18),8.0,13.656854152679443,0,51,0,1456,0,2896,0,1626,44147,113.97142059948979,50176,0.0,0.0,128.31821986607142
Parpat (19),8.0,10.828427076339722,1,104,0,1753,0,3576,0,1968,42774,139.4480428890306,50176,0.0,0.0,112.09103954081633
Parpat (20),53.5,41.899494767189026,0,58,0,1847,0,3195,0,1859,43217,137.60831871811226,50176,0.0,0.0,111.45069355867346
Parpat (21),3.5,9.41421353816986,1,152,0,1933,0,3971,0,2396,41723,144.1388313137755,50176,0.0,0.0,131.8147122130102
Parpat (22),0.5,3.414213538169861,1,150,0,1873,0,3980,0,2346,41826,150.48130580357142,50176,0.0,0.0,136.3479551977041
Parpat (23),0.0,2.0,1,105,0,1730,0,3694,0,1943,42703,135.53481744260205,50176,0.0,0.0,100.31070631377551
Parpat (24),19.0,18.82842707633972,0,24,0,1171,0,2524,0,1348,45109,99.45182955994898,50176,0.0,0.0,141.95860570790816
Parpat (25),0.5,3.414213538169861,0,88,0,1805,0,3596,0,2038,42649,142.02975526147958,50176,0.0,0.0,114.66766980229592
Parpat (43),2.0,6.0,0,55,0,1488,0,2841,0,1581,44211,115.66376355229592,50176,0.0,0.0,124.00858976403062
Parpat (44),0.0,0.0,1,93,0,1486,0,3026,0,1767,43803,118.57073102678571,50176,0.0,0.0,133.8577208227041
Parpat (45),13.0,21.656854152679443,0,39,0,788,0,1810,0,824,46715,63.958366549744895,50176,0.0,0.0,87.22935267857143
Parpat (46),243.0,76.76955163478851,0,47,0,1301,0,2483,0,1434,44911,99.96512276785714,50176,0.0,0.0,134.77758290816325
Parpat (47),35.0,28.485281229019165,0,24,0,947,0,2160,0,1083,45962,81.61870216836735,50176,0.0,0.0,103.37521922831633
Parpat (48),46003.0,961.4802287817001,0,1,0,209,0,1178,0,314,48474,20.450414540816325,50176,0.0,0.0,232.8318319515306
Parpat (49),23.0,30.485281109809875,0,15,0,624,0,1542,0,709,47286,55.69485411352041,50176,0.0,0.0,156.4629504145408
Parpat (50),0.0,0.0,0,0,0,0,0,0,0,0,50176,0.0,50176,0.0,0.0,0.0
Parpat (51),4.0,8.0,0,27,0,860,0,2417,0,842,46030,82.47757892219387,50176,0.0,0.0,115.50113600127551
Parpat (52),2.0,6.0,0,12,0,422,0,1090,0,398,48254,40.692462531887756,50176,0.0,0.0,54.10415338010204
Parpat (53),7.0,10.828427076339722,0,13,0,564,0,1646,0,573,47380,46.176060267857146,50176,0.0,0.0,167.78081154336735
Parpat (54),1.0,4.828427076339722,1,83,0,1819,0,3258,0,1921,43094,138.60441246811226,50176,0.0,0.0,124.74041374362245
Parpat (55),18.5,30.242640614509583,0,56,0,1498,0,4051,0,1768,42803,135.7635124362245,50176,0.0,0.0,168.11623086734693
Parpat (56),11.0,18.485281229019165,0,24,0,468,0,782,0,478,48424,36.55054209183673,50176,0.0,0.0,28.038006218112244
Parpat (57),2.0,6.0,0,55,0,1488,0,2841,0,1581,44211,115.66376355229592,50176,0.0,0.0,124.00858976403062
Parpat (58),4.0,8.828427076339722,1,38,0,1136,0,2931,0,1177,44893,109.75326849489795,50176,0.0,0.0,123.26151945153062
Parpat (59),7.0,11.656854152679443,0,35,0,483,0,1237,0,424,47997,40.301139987244895,50176,0.0,0.0,96.08747209821429
Parpat (60),129.5,50.3847758769989,0,9,0,942,0,1933,0,960,46332,81.8423150510204,50176,0.0,0.0,110.20049426020408
Parpat (61),0.0,0.0,0,0,0,0,0,0,0,0,50176,0.0,50176,0.0,0.0,0.0
Patranga (1),3346.5,476.2426406145096,0,0,0,7,0,468,0,3,49698,5.712292729591836,50176,0.0,0.0,18.2193678252551
Patranga (10),0.0,0.0,3,31,0,465,0,956,0,413,48308,36.77923708545919,50176,0.0,0.0,30.518076371173468
Patranga (2),0.5,3.414213538169861,0,27,0,703,0,1277,0,657,47512,52.73706552933673,50176,0.0,0.0,65.44234295280613
Patranga (28),0.0,0.0,1,72,0,1215,0,2304,0,1332,45252,94.61874202806122,50176,0.0,0.0,97.04799107142857
Patranga (29),5.5,9.41421353816986,0,29,0,820,0,1602,0,791,46934,64.21247209821429,50176,0.0,0.0,84.9576490752551
Patranga (3),1157.5,215.78174483776093,0,28,0,957,0,1859,0,991,46341,79.17928890306122,50176,0.0,0.0,83.22464923469387
Patranga (30),249.0,69.79898929595947,0,14,0,454,0,1675,0,467,47566,37.65336017219388,50176,0.0,0.0,221.61561304209184
Patranga (31),0.0,2.0,0,25,0,392,0,1096,0,449,48214,31.199079241071427,50176,0.0,0.0,79.6468431122449
Patranga (32),1.0,4.828427076339722,0,39,0,763,0,1973,0,804,46597,68.66948341836735,50176,0.0,0.0,92.37753109056122
Patranga (33),3364.5,480.3847759962082,0,0,0,17,0,458,0,13,49688,5.712292729591836,50176,0.0,0.0,18.31084582270408
Patranga (34),1157.5,215.78174483776093,0,28,0,957,0,1859,0,991,46341,79.17928890306122,50176,0.0,0.0,83.22464923469387
Patranga (35),37.0,24.485281109809875,1,12,0,858,0,1954,0,888,46463,71.16479990433673,50176,0.0,0.0,165.5192721619898
Patranga (36),45.0,40.97056245803833,1,33,0,794,0,1710,0,923,46715,64.29886798469387,50176,0.0,0.0,133.20212850765307
Patranga (37),940.0,204.3675308227539,0,42,0,1182,0,2401,0,1328,45223,94.14610570790816,50176,0.0,0.0,129.06020806760205
Patranga (38),0.0,2.0,0,17,0,864,0,1605,0,948,46742,62.99784757653061,50176,0.0,0.0,135.49924266581633
Patranga (39),205.0,70.62741672992706,0,32,0,920,0,1608,0,1040,46576,69.64524872448979,50176,0.0,0.0,125.1723931760204
Patranga (4),37.0,24.485281109809875,1,12,0,858,0,1954,0,888,46463,71.16479990433673,50176,0.0,0.0,165.5192721619898
Patranga (40),0.0,2.0,0,17,0,864,0,1605,0,948,46742,62.99784757653061,50176,0.0,0.0,135.49924266581633
Patranga (41),6.0,10.828427076339722,1,53,0,1171,0,2410,0,1167,45374,95.57417889030613,50176,0.0,0.0,95.7113958864796
Patranga (42),53.5,31.071067690849304,0,15,0,970,0,2116,0,1053,46022,78.24418048469387,50176,0.0,0.0,163.54741310586735
Patranga (43),53.5,31.071067690849304,0,15,0,970,0,2116,0,1053,46022,78.24418048469387,50176,0.0,0.0,163.54741310586735
Patranga (44),1.0,4.0,0,43,0,1441,0,2917,0,1582,44193,115.85688376913265,50176,0.0,0.0,136.19549186862244
Patranga (45),272.5,115.15432786941528,1,34,0,984,0,1931,0,1007,46219,81.8016581632653,50176,0.0,0.0,84.8305963010204
Patranga (46),1.0,4.828427076339722,0,39,0,763,0,1973,0,804,46597,68.66948341836735,50176,0.0,0.0,92.37753109056122
Patranga (47),0.0,0.0,1,45,0,989,0,1884,0,1010,46247,78.39664381377551,50176,0.0,0.0,64.44624920280613
Patranga (48),13.0,15.656854152679443,1,62,0,1225,0,2763,0,1431,44694,102.84159757653062,50176,0.0,0.0,102.34355070153062
Patranga (49),8.5,14.242640614509583,0,10,0,245,0,579,0,217,49125,18.148218271683675,50176,0.0,0.0,37.0231784119898
Patranga (5),0.0,2.0,0,59,0,1472,0,2597,0,1539,44509,109.6922831632653,50176,0.0,0.0,109.13833306760205
Patranga (50),3364.5,480.3847759962082,0,0,0,17,0,458,0,13,49688,5.712292729591836,50176,0.0,0.0,18.31084582270408
Patranga (51),3.5,7.414213538169861,0,27,0,651,0,1524,0,618,47356,53.02674585459184,50176,0.0,0.0,72.87238919005102
Patranga (52),3467.0,504.42640602588654,0,11,0,171,0,789,0,153,49052,20.155652104591837,50176,0.0,0.0,26.228774713010203
Patranga (6),6056.5,723.1787128448486,0,27,0,1015,0,2407,0,1114,45613,86.69064891581633,50176,0.0,0.0,139.04655612244898
Patranga (7),3410.5,503.0121924877167,0,24,0,348,0,1033,0,340,48431,29.532146843112244,50176,0.0,0.0,35.767897002551024
Patranga (8),29.5,22.727921724319458,1,52,0,1106,0,2312,0,1262,45443,87.08197146045919,50176,0.0,0.0,148.13845264668367
Patranga (9),11.0,24.82842707633972,0,28,0,929,0,1993,0,1064,46162,74.06668526785714,50176,0.0,0.0,133.8932955994898
Phulai (1),45174.5,1789.4183881282806,0,42,0,832,0,2203,0,906,46193,61.24451929209184,50176,0.0,0.0,201.01273517219389
Phulai (10),29.5,27.071067690849304,0,41,0,1371,0,2795,0,1585,44384,110.34787547831633,50176,0.0,0.0,116.90888073979592
Phulai (11),5548.5,749.1097323894501,1,36,0,744,0,1450,0,801,47144,61.37665417729592,50176,0.0,0.0,81.04950573979592
Phulai (12),18.0,18.485281229019165,0,47,0,1282,0,2594,0,1459,44794,102.81618702168367,50176,0.0,0.0,109.99212771045919
Phulai (13),185.5,107.35533845424652,0,21,0,416,0,1089,0,434,48216,33.31323740433673,50176,0.0,0.0,46.48098692602041
Phulai (14),99.0,50.97056245803833,0,13,0,757,0,1475,0,810,47121,64.21247209821429,50176,0.0,0.0,83.01628268494898
Phulai (15),15.0,17.656854152679443,0,41,0,844,0,1679,0,950,46662,66.34187659438776,50176,0.0,0.0,94.97957190688776
Phulai (16),0.0,0.0,1,87,0,1392,0,3180,0,1648,43868,112.24350286989795,50176,0.0,0.0,138.44686702806123
Phulai (17),18.0,19.656854152679443,0,14,0,403,0,1398,0,401,47960,32.63223453443877,50176,0.0,0.0,106.12972337372449
Phulai (18),1.5,5.414213538169861,1,47,0,953,0,1609,0,966,46600,68.95916374362245,50176,0.0,0.0,68.21717554209184
Phulai (19),72.5,38.72792184352875,0,25,0,1043,0,1925,0,1084,46099,83.0467753507653,50176,0.0,0.0,106.96318957270408
Phulai (20),8.0,11.656854152679443,0,97,0,1651,0,2856,0,1870,43702,116.02967554209184,50176,0.0,0.0,119.50583944515306
Phulai (21),29.0,22.485281229019165,0,26,0,772,0,1634,0,794,46950,63.57720822704081,50176,0.0,0.0,81.77116549744898
Phulai (22),49729.0,892.0,0,7,0,420,0,1984,0,497,47268,44.981764190051024,50176,0.0,0.0,216.81301817602042
Phulai (23),5548.5,749.1097323894501,1,36,0,744,0,1450,0,801,47144,61.37665417729592,50176,0.0,0.0,81.04950573979592
Phulai (24),2.5,7.414213538169861,1,36,0,1022,0,2224,0,1146,45747,83.94122688137755,50176,0.0,0.0,101.64730149872449
Phulai (25),2.0,6.0,0,7,0,540,0,1147,0,538,47944,51.24800701530612,50176,0.0,0.0,90.96470424107143
Phulai (26),45164.0,880.0832602977753,0,1,0,137,0,1115,0,245,48678,17.61459661989796,50176,0.0,0.0,229.77748325892858
Phulai (27),14929.0,1682.4549658298492,0,19,0,905,0,2545,0,963,45744,91.21880978954081,50176,0.0,0.0,163.25265066964286
Phulai (28),99.0,63.79898941516876,0,7,0,422,0,936,0,395,48416,34.705735809948976,50176,0.0,0.0,75.31180245535714
Phulai (29),35288.5,1411.286358833313,0,0,0,193,0,1140,0,189,48654,15.693558673469388,50176,0.0,0.0,182.73238201530611
Phulai (3),0.0,0.0,2,128,0,1783,0,3621,0,2156,42486,132.62276785714286,50176,0.0,0.0,144.0117785395408
Phulai (30),216.5,63.21320283412933,0,25,0,1013,0,1695,0,1049,46394,80.32784598214286,50176,0.0,0.0,75.51508689413265
Phulai (31),33.0,27.656854152679443,0,66,0,1491,0,2693,0,1595,44331,111.34905133928571,50176,0.0,0.0,118.57073102678571
Phulai (32),92.5,43.55634891986847,0,6,0,485,0,1698,0,553,47434,49.99272560586735,50176,0.0,0.0,204.09249441964286
Phulai (33),72.5,62.041630029678345,0,13,0,474,0,1763,0,660,47266,47.20264668367347,50176,0.0,0.0,208.57491629464286
Phulai (34),290.5,85.69848430156708,1,27,0,1241,0,2110,0,1318,45479,94.58316725127551,50176,0.0,0.0,96.25518176020408
Phulai (35),16.5,21.41421353816986,1,14,0,1014,0,1302,0,1004,46841,67.35321667729592,50176,0.0,0.0,41.434450733418366
Phulai (36),5.5,9.41421353816986,0,18,0,348,0,958,0,314,48538,33.216677295918366,50176,0.0,0.0,52.73198341836735
Phulai (37),351.0,95.5979790687561,0,38,0,1305,0,2360,0,1393,45080,102.58749202806122,50176,0.0,0.0,126.58522002551021
Phulai (38),0.0,2.0,0,51,0,1372,0,2782,0,1591,44380,110.70870535714286,50176,0.0,0.0,113.2192681760204
Phulai (6),72.0,42.14213538169861,0,24,0,851,0,1818,0,913,46570,75.80476721938776,50176,0.0,0.0,122.27558992346938
Phulai (7),1408.5,233.35533833503723,0,9,0,369,0,1369,0,379,48050,32.21041932397959,50176,0.0,0.0,88.60152264030613
Phulai (8),15586.0,706.0487701892853,0,12,0,96,0,545,0,94,49429,8.44646843112245,50176,0.0,0.0,80.88687818877551
Phulai (9),8.5,14.242640614509583,1,15,0,149,0,215,0,97,49699,9.950773278061224,50176,0.0,0.0,4.614556760204081
prickly poppy (1),0.5,5.414213538169861,0,2,0,0,0,0,0,0,50174,0.1931202168367347,50176,0.0,0.0,0.02032844387755102
prickly poppy (11),0.0,0.0,1,27,0,697,0,2194,0,728,46529,68.08504065688776,50176,0.0,0.0,175.07364078443877
prickly poppy (12),24043.0,1886.0672227144241,0,14,0,748,0,1107,0,779,47528,56.187818877551024,50176,0.0,0.0,123.58677455357143
prickly poppy (13),0.0,2.0,0,78,0,1569,0,3351,0,1774,43404,123.26151945153062,50176,0.0,0.0,156.28507653061226
prickly poppy (14),29.5,24.242640614509583,1,55,0,1296,0,2584,0,1563,44677,99.4823222257653,50176,0.0,0.0,116.56329719387755
prickly poppy (15),14.5,18.242640614509583,1,49,0,1195,0,2360,0,1266,45305,92.03194754464286,50176,0.0,0.0,110.45968191964286
prickly poppy (16),9.5,14.242640614509583,0,14,0,543,0,776,0,505,48338,39.0966796875,50176,0.0,0.0,52.78788663903061
prickly poppy (17),23.5,21.071067690849304,0,23,0,580,0,1138,0,567,47868,46.26245615433673,50176,0.0,0.0,83.55498644770408
prickly poppy (18),110.5,43.55634891986847,0,8,0,436,0,789,0,437,48506,36.509885204081634,50176,0.0,0.0,121.78262515943878
prickly poppy (19),0.0,0.0,1,42,0,708,0,1067,0,662,47696,51.49703045280612,50176,0.0,0.0,40.47901387117347
prickly poppy (20),79.5,75.01219272613525,0,23,0,393,0,616,0,346,48798,31.483677455357142,50176,0.0,0.0,55.628786670918366
prickly poppy (21),57.5,74.52691125869751,0,8,0,74,0,110,0,46,49938,5.031289859693878,50176,0.0,0.0,1.9007095025510203
prickly poppy (22),38.0,34.485281109809875,0,2,0,96,0,204,0,76,49798,7.272500797193878,50176,0.0,0.0,3.9030612244897958
prickly poppy (23),21.5,21.071067690849304,0,3,0,11,0,11,0,3,50148,0.7978914221938775,50176,0.0,0.0,0.1931202168367347
prickly poppy (24),0.5,3.414213538169861,1,44,0,793,0,1454,0,817,47067,61.295340401785715,50176,0.0,0.0,93.4244459502551
prickly poppy (25),51.0,47.79898953437805,0,49,0,1058,0,2073,0,1130,45866,83.52449378188776,50176,0.0,0.0,156.19359853316325
prickly poppy (26),117.0,53.31370830535889,0,47,0,788,0,1422,0,800,47119,64.1616509885204,50176,0.0,0.0,110.66804846938776
prickly poppy (27),9.5,14.242640614509583,0,17,0,535,0,790,0,500,48334,39.08143335459184,50176,0.0,0.0,52.79805086096939
prickly poppy (28),23.5,45.071067690849304,1,81,0,1561,0,2912,0,1663,43958,119.51092155612245,50176,0.0,0.0,136.8866589604592
prickly poppy (29),39.0,28.97056221961975,0,6,0,75,0,99,0,54,49942,4.538325095663265,50176,0.0,0.0,2.0633370535714284
prickly poppy (30),21.0,18.82842707633972,0,37,0,1007,0,1823,0,1035,46274,80.73441485969387,50176,0.0,0.0,89.36892139668367
prickly poppy (31),183.0,101.11269760131836,1,52,0,1090,0,2469,0,1180,45384,84.24615353954081,50176,0.0,0.0,169.81365593112244
prickly poppy (32),0.0,0.0,0,0,0,0,0,0,0,0,50176,0.0,50176,0.0,0.0,0.0
prickly poppy (33),3383.0,480.97056245803833,0,3,0,23,0,515,0,39,49596,7.587591677295919,50176,0.0,0.0,18.646265146683675
prickly poppy (34),3804.0,690.9360721111298,0,7,0,245,0,770,0,201,48953,20.07942044005102,50176,0.0,0.0,26.564194036989797
prickly poppy (35),3.5,7.414213538169861,1,116,0,1957,0,3578,0,2117,42407,137.958984375,50176,0.0,0.0,138.93474968112244
prickly poppy (36),3.5,7.414213538169861,1,116,0,1957,0,3578,0,2117,42407,137.958984375,50176,0.0,0.0,138.93474968112244
prickly poppy (37),12.5,17.071067690849304,0,86,0,1123,0,2074,0,1285,45608,87.63083944515306,50176,0.0,0.0,97.80522560586735
prickly poppy (38),0.5,3.414213538169861,2,117,0,1269,0,2333,0,1350,45105,96.2450175382653,50176,0.0,0.0,92.04211176658163
prickly poppy (39),197.5,106.52691102027893,0,55,0,1088,0,2524,0,1138,45371,85.54717394770408,50176,0.0,0.0,170.4997409119898
prickly poppy (40),1.5,5.414213538169861,0,28,0,642,0,1225,0,627,47654,52.503288424744895,50176,0.0,0.0,86.32981903698979
prickly poppy (41),0.0,4.0,0,61,0,1052,0,2268,0,1137,45658,85.91816804846938,50176,0.0,0.0,146.2987284757653
prickly poppy (42),1.5,5.414213538169861,0,37,0,972,0,2106,0,1171,45890,82.69102758290816,50176,0.0,0.0,117.88972815688776
prickly poppy (43),3.5,7.414213538169861,1,87,0,1965,0,3620,0,2116,42387,143.52389588647958,50176,0.0,0.0,145.33820950255102
prickly poppy (44),0.0,0.0,1,40,0,855,0,1965,0,853,46462,70.53970025510205,50176,0.0,0.0,168.0501634247449
Raai (1),248.0,65.79898941516876,0,31,0,964,0,1718,0,1004,46459,74.61047114158163,50176,0.0,0.0,149.59193638392858
Raai (10),10.5,14.242640614509583,0,9,0,450,0,1096,0,443,48178,38.11075015943877,50176,0.0,0.0,79.41306600765306
Raai (2),1.0,4.0,0,10,0,552,0,1497,0,627,47490,47.954799107142854,50176,0.0,0.0,169.31560905612244
Raai (28),39630.0,1205.1269764900208,0,2,0,337,0,1122,0,357,48358,28.70376275510204,50176,0.0,0.0,191.68197943239795
Raai (29),46607.0,864.0,0,5,0,413,0,1667,0,433,47658,42.77104591836735,50176,0.0,0.0,161.52981505102042
Raai (3),542.5,219.8406195640564,0,22,0,762,0,1656,0,783,46953,66.7789381377551,50176,0.0,0.0,106.0433274872449
Raai (30),2.5,7.414213538169861,0,23,0,774,0,1577,0,780,47022,61.75273038903061,50176,0.0,0.0,100.84432796556122
Raai (31),0.0,0.0,1,9,0,523,0,915,0,493,48235,38.86798469387755,50176,0.0,0.0,122.88036112882654
Raai (32),44958.0,1506.347319483757,0,22,0,966,0,2462,0,1182,45544,82.65545280612245,50176,0.0,0.0,204.23479352678572
Raai (33),13.0,14.828427076339722,0,15,0,665,0,1512,0,692,47292,56.635044642857146,50176,0.0,0.0,177.39108338647958
Raai (34),2998.0,377.53910398483276,1,19,0,602,0,1753,0,613,47188,55.66944355867347,50176,0.0,0.0,156.1376953125
Raai (35),7.5,15.41421353816986,0,64,0,1157,0,2374,0,1248,45333,91.4322584502551,50176,0.0,0.0,153.896484375
Raai (36),203.0,60.14213538169861,0,21,0,599,0,1087,0,610,47859,51.156529017857146,50176,0.0,0.0,106.89712213010205
Raai (37),0.0,0.0,2,97,0,1443,0,3015,0,1626,43993,112.58908641581633,50176,0.0,0.0,130.8592753507653
Raai (38),0.0,0.0,2,97,0,1443,0,3015,0,1626,43993,112.58908641581633,50176,0.0,0.0,130.8592753507653
Raai (39),46607.0,864.0,0,2,0,250,0,1356,0,250,48318,29.206891741071427,50176,0.0,0.0,177.61469626913265
Raai (4),15.5,21.41421353816986,1,46,0,1024,0,2432,0,1174,45499,90.56829958545919,50176,0.0,0.0,133.74083227040816
Raai (40),202.0,58.14213538169861,0,14,0,595,0,1039,0,605,47923,49.464186065051024,50176,0.0,0.0,107.13598134566327
Raai (41),1.0,4.0,0,25,0,917,0,1838,0,942,46454,73.7973333864796,50176,0.0,0.0,138.26391103316325
Raai (42),0.0,2.0,0,44,0,1010,0,2187,0,1075,45860,78.71681680484694,50176,0.0,0.0,161.7483458227041
Raai (43),0.0,0.0,0,0,0,0,0,0,0,0,50176,0.0,50176,0.0,0.0,0.0
Raai (44),44950.5,882.5269113779068,0,9,0,409,0,1549,0,449,47760,38.67486447704081,50176,0.0,0.0,194.0705715880102
Raai (45),1759.5,242.40916121006012,0,15,0,473,0,1410,0,472,47806,42.09512515943877,50176,0.0,0.0,139.79870854591837
Raai (46),39630.0,1205.1269764900208,0,2,0,337,0,1122,0,357,48358,28.70376275510204,50176,0.0,0.0,191.68197943239795
Raai (47),24.0,26.485281109809875,0,12,0,294,0,1078,0,282,48510,27.478974011479593,50176,0.0,0.0,122.1434550382653
Raai (48),1044.5,238.46803629398346,0,31,0,784,0,2122,0,871,46368,68.21209343112245,50176,0.0,0.0,156.08687420280611
Raai (49),32950.0,1584.8326016664505,0,13,0,440,0,1335,0,467,47921,39.84375,50176,0.0,0.0,165.6005859375
Raai (5),49729.0,892.0,0,15,0,448,0,1711,0,472,47530,39.320292570153065,50176,0.0,0.0,154.45043447066325
Raai (50),2.5,7.414213538169861,1,46,0,679,0,1732,0,876,46842,60.00448421556123,50176,0.0,0.0,187.25546077806123
Raai (51),49729.0,892.0,0,13,0,354,0,1481,0,423,47905,25.496950733418366,50176,0.0,0.0,201.51078204719389
Raai (52),21.5,19.071067690849304,0,8,0,381,0,1334,0,389,48064,30.894152582908163,50176,0.0,0.0,145.8819953762755
Raai (6),13.0,14.828427076339722,0,15,0,665,0,1512,0,692,47292,56.635044642857146,50176,0.0,0.0,177.39108338647958
Raai (7),1.0,10.828427076339722,0,11,0,721,0,1988,0,748,46708,63.63819355867347,50176,0.0,0.0,152.09741709183675
Raai (8),0.0,2.0,0,68,0,1187,0,2913,0,1541,44467,98.00851004464286,50176,0.0,0.0,125.15714684311224
Raai (9),49729.0,892.0,0,8,0,395,0,1604,0,387,47782,33.63849250637755,50176,0.0,0.0,143.67127710459184
Rakkyo (1),42630.0,2102.5869965553284,0,19,0,736,0,1652,0,750,47019,48.86957908163265,50176,0.0,0.0,211.90878109056123
Rakkyo (11),49729.0,892.0,0,20,0,501,0,1630,0,519,47506,38.58846859056123,50176,0.0,0.0,208.36654974489795
Rakkyo (12),49729.0,892.0,0,14,0,637,0,1606,0,616,47303,40.82967952806123,50176,0.0,0.0,219.140625
Rakkyo (13),47276.0,870.0,0,10,0,361,0,1234,0,361,48210,29.826909279336736,50176,0.0,0.0,205.78483737244898
Rakkyo (14),203.5,96.38477599620819,0,18,0,307,0,1699,0,353,47799,31.331214126275512,50176,0.0,0.0,196.45408163265307
Rakkyo (15),49729.0,892.0,0,14,0,494,0,1693,0,525,47450,38.888313137755105,50176,0.0,0.0,208.3157286352041
Rakkyo (16),7731.5,462.0071390867233,0,28,0,1026,0,1608,0,1018,46496,56.33011798469388,50176,0.0,0.0,157.64200015943877
Rakkyo (17),584.0,144.56854140758514,0,9,0,1260,0,1865,0,1238,45804,85.11011240433673,50176,0.0,0.0,149.14471061862244
Rakkyo (18),32162.0,2640.4591405391693,0,8,0,889,0,1865,0,884,46530,69.6859056122449,50176,0.0,0.0,179.53065210459184
Rakkyo (19),49729.0,892.0,0,15,0,442,0,1311,0,437,47971,25.507114955357142,50176,0.0,0.0,214.58705357142858
Rakkyo (20),49729.0,892.0,0,11,0,459,0,1577,0,457,47672,36.19479432397959,50176,0.0,0.0,205.4849928252551
Rakkyo (21),49647.0,918.1421353816986,0,15,0,438,0,2010,0,493,47220,44.361746651785715,50176,0.0,0.0,231.41392299107142
Rakkyo (22),5.0,8.828427076339722,1,50,0,992,0,2470,0,1124,45539,86.04522082270408,50176,0.0,0.0,120.38504464285714
Rakkyo (23),49703.0,890.8284270763397,0,22,0,567,0,1599,0,602,47386,40.15884088010204,50176,0.0,0.0,219.0237364477041
Rakkyo (24),0.0,2.0,1,20,0,1017,0,1457,0,1046,46635,68.87784996811224,50176,0.0,0.0,124.83189174107143
Rakkyo (25),49729.0,892.0,0,9,0,472,0,1624,0,493,47578,37.5212252869898,50176,0.0,0.0,208.04637675382654
Rakkyo (26),49703.0,890.8284270763397,0,22,0,567,0,1599,0,602,47386,40.15884088010204,50176,0.0,0.0,219.0237364477041
Rakkyo (27),49729.0,892.0,0,9,0,479,0,1339,0,473,47876,29.22722018494898,50176,0.0,0.0,214.8665696747449
Rakkyo (28),45241.0,853.6568541526794,0,9,0,613,0,1553,0,663,47338,45.99310427295919,50176,0.0,0.0,202.86770567602042
Rakkyo (29),14.5,16.242640614509583,0,20,0,1228,0,1862,0,1238,45828,83.29071667729592,50176,0.0,0.0,152.14315609056123
Rakkyo (30),49729.0,892.0,0,10,0,452,0,1275,0,440,47999,27.1435546875,50176,0.0,0.0,212.14255819515307
Rakkyo (31),49729.0,892.0,0,6,0,343,0,1311,0,356,48160,25.644331951530614,50176,0.0,0.0,208.36146763392858
Rakkyo (32),49729.0,892.0,0,18,0,537,0,1529,0,566,47526,35.651008450255105,50176,0.0,0.0,194.53812579719389
Rakkyo (33),49729.0,892.0,0,1,0,394,0,1213,0,400,48168,25.197106186224488,50176,0.0,0.0,224.58356584821428
Rakkyo (34),49729.0,892.0,0,9,0,446,0,1854,0,401,47466,42.56776147959184,50176,0.0,0.0,209.73871970663265
Rakkyo (35),49729.0,892.0,0,10,0,206,0,1372,0,202,48386,20.297951211734695,50176,0.0,0.0,218.37830835459184
Rakkyo (36),49729.0,892.0,0,18,0,537,0,1529,0,566,47526,35.651008450255105,50176,0.0,0.0,194.53812579719389
Rakkyo (37),49729.0,892.0,0,10,0,452,0,1275,0,440,47999,27.1435546875,50176,0.0,0.0,212.14255819515307
Rakkyo (38),49729.0,892.0,0,10,0,206,0,1372,0,202,48386,20.297951211734695,50176,0.0,0.0,218.37830835459184
Rakkyo (39),567.5,141.63960909843445,0,13,0,1303,0,1917,0,1291,45652,87.6155931122449,50176,0.0,0.0,150.46097735969389
Rakkyo (40),49729.0,892.0,0,6,0,488,0,1561,0,483,47638,36.67251275510204,50176,0.0,0.0,204.79890784438774
Rakkyo (41),49729.0,892.0,0,8,0,394,0,1324,0,420,48030,25.842534279336736,50176,0.0,0.0,212.02058753188774
Rakkyo (42),49729.0,892.0,0,5,0,227,0,1292,0,244,48408,20.003188775510203,50176,0.0,0.0,211.90369897959184
Rakkyo (43),49729.0,892.0,0,11,0,457,0,1533,0,513,47662,33.56734295280612,50176,0.0,0.0,226.25049824617346
Rakkyo (44),49729.0,892.0,0,14,0,494,0,1693,0,525,47450,38.888313137755105,50176,0.0,0.0,208.3157286352041
Rattanjot (1),34.5,29.899494647979736,0,2,0,68,0,130,0,50,49926,4.68570631377551,50176,0.0,0.0,2.8053252551020407
Rattanjot (11),414.5,90.87005722522736,0,44,0,1281,0,2326,0,1351,45174,101.1899115114796,50176,0.0,0.0,116.10590720663265
Rattanjot (12),414.5,90.87005722522736,0,44,0,1281,0,2326,0,1351,45174,101.1899115114796,50176,0.0,0.0,116.10590720663265
Rattanjot (13),36.0,32.14213538169861,1,69,0,949,0,2033,0,1048,46076,76.87709263392857,50176,0.0,0.0,101.66254783163265
Rattanjot (14),16.5,22.242640614509583,0,17,0,718,0,1431,0,718,47292,59.20659279336735,50176,0.0,0.0,99.18755978954081
Rattanjot (15),57.5,33.071067690849304,0,11,0,752,0,1384,0,765,47264,61.041234853316325,50176,0.0,0.0,104.7168965242347
Rattanjot (16),10.5,15.41421353816986,0,24,0,870,0,1664,0,846,46772,72.07449776785714,50176,0.0,0.0,99.13673867984694
Rattanjot (17),1.0,4.0,0,36,0,992,0,1789,0,961,46398,81.79657605229592,50176,0.0,0.0,83.17891023596938
Rattanjot (18),3.5,7.414213538169861,0,88,0,1700,0,3562,0,1760,43066,139.0770487882653,50176,0.0,0.0,126.89014668367346
Rattanjot (19),13.5,14.242640614509583,0,0,0,64,0,138,0,56,49918,3.943718112244898,50176,0.0,0.0,6.454280931122449
Rattanjot (20),20561.0,1396.6803600788116,0,6,0,536,0,908,0,563,48163,45.87621572066327,50176,0.0,0.0,103.31423389668367
Rattanjot (21),283.5,78.04163026809692,0,21,0,1282,0,2774,0,1377,44722,104.98624840561224,50176,0.0,0.0,147.74204799107142
Rattanjot (22),106.0,48.14213526248932,0,40,0,1154,0,2397,0,1185,45400,95.7113958864796,50176,0.0,0.0,116.42608019770408
Rattanjot (23),3.5,7.414213538169861,2,42,0,1384,0,2557,0,1432,44759,110.1547552614796,50176,0.0,0.0,125.80765704719387
Rattanjot (24),0.0,2.0,1,25,0,1041,0,2013,0,1035,46061,82.35052614795919,50176,0.0,0.0,91.33061623086735
Rattanjot (25),2.0,6.0,1,24,0,847,0,1360,0,807,47137,64.66477997448979,50176,0.0,0.0,74.7476881377551
Rattanjot (26),70.0,60.485281229019165,0,17,0,1123,0,2537,0,1231,45268,98.91312579719387,50176,0.0,0.0,148.8397839604592
Rattanjot (27),7407.5,427.86500442028046,0,23,0,619,0,1582,0,642,47310,52.98100685586735,50176,0.0,0.0,112.57892219387755
Rattanjot (28),99.5,59.21320295333862,0,49,0,1424,0,3567,0,1599,43537,125.37059550382654,50176,0.0,0.0,158.0536511479592
Rattanjot (29),0.0,2.0,0,16,0,848,0,1929,0,871,46512,73.8735650510204,50176,0.0,0.0,100.61055086096938
Rattanjot (30),0.5,3.414213538169861,0,54,0,1549,0,3246,0,1717,43610,128.1708386479592,50176,0.0,0.0,127.03752790178571
Rattanjot (31),122.0,44.97056245803833,0,17,0,673,0,1426,0,690,47370,50.32306281887755,50176,0.0,0.0,113.6817402742347
Rattanjot (32),1.5,5.414213538169861,0,65,0,1293,0,2650,0,1412,44756,102.62814891581633,50176,0.0,0.0,98.37442203443878
Rattanjot (33),60.0,42.485281229019165,0,17,0,887,0,1962,0,916,46394,77.77662627551021,50176,0.0,0.0,132.3584980867347
Rattanjot (34),66.5,36.72792160511017,1,51,0,1286,0,2342,0,1323,45173,101.62189094387755,50176,0.0,0.0,120.7357102997449
Rattanjot (35),4.5,11.41421353816986,0,20,0,1071,0,2033,0,1110,45942,87.51903300382654,50176,0.0,0.0,117.38659917091837
Rattanjot (36),2.0,6.0,1,24,0,847,0,1360,0,807,47137,64.66477997448979,50176,0.0,0.0,74.7476881377551
Rattanjot (37),17.5,21.41421353816986,1,40,0,1341,0,2585,0,1536,44673,101.3118821747449,50176,0.0,0.0,146.52742346938774
Rattanjot (38),3370.0,478.48528122901917,0,0,0,16,0,476,0,8,49676,6.098533163265306,50176,0.0,0.0,18.473473373724488
Rattanjot (39),5005.5,728.0559101104736,0,9,0,226,0,463,0,230,49248,18.6767578125,50176,0.0,0.0,26.274513711734695
Rattanjot (40),1.0,4.0,1,40,0,598,0,1203,0,602,47732,45.51538584183673,50176,0.0,0.0,49.37270806760204
Rattanjot (41),420.0,89.79898953437805,0,42,0,1278,0,2325,0,1353,45178,99.8583984375,50176,0.0,0.0,116.11607142857143
Rattanjot (42),0.0,0.0,1,43,0,980,0,1649,0,913,46590,75.53541533801021,50176,0.0,0.0,85.27782206632654
Rattanjot (43),1258.0,462.1421353816986,0,13,0,521,0,1403,0,499,47740,44.849629304846935,50176,0.0,0.0,63.9177096619898
Rattanjot (44),1258.0,462.1421353816986,0,13,0,521,0,1403,0,499,47740,44.849629304846935,50176,0.0,0.0,63.9177096619898
Richhkas (1),0.0,0.0,0,0,0,0,0,0,0,0,50176,0.0,50176,0.0,0.0,0.0
Richhkas (11),16.5,22.242640614509583,1,59,0,850,0,1597,0,800,46869,67.99356265943878,50176,0.0,0.0,92.08276865433673
Richhkas (12),49729.0,892.0,0,3,0,395,0,1473,0,399,47906,31.19399713010204,50176,0.0,0.0,185.76132015306123
Richhkas (13),32395.5,2148.354460477829,0,9,0,452,0,1756,0,555,47404,42.84219547193877,50176,0.0,0.0,168.82264429209184
Richhkas (14),0.0,0.0,2,24,0,1036,0,1703,0,1069,46342,78.86928013392857,50176,0.0,0.0,106.03824537627551
Richhkas (15),0.0,0.0,0,0,0,0,0,0,0,0,50176,0.0,50176,0.0,0.0,0.0
Richhkas (16),1.5,5.414213538169861,1,44,0,1098,0,1976,0,1134,45923,87.80871332908163,50176,0.0,0.0,110.95264668367346
Richhkas (17),1.5,5.414213538169861,1,44,0,1098,0,1976,0,1134,45923,87.80871332908163,50176,0.0,0.0,110.95264668367346
Richhkas (18),1.5,5.414213538169861,1,44,0,1098,0,1976,0,1134,45923,87.80871332908163,50176,0.0,0.0,110.95264668367346
Richhkas (19),0.5,3.414213538169861,1,80,0,1680,0,2869,0,1669,43877,131.6520846619898,50176,0.0,0.0,85.58274872448979
Richhkas (20),0.0,0.0,2,24,0,1036,0,1703,0,1069,46342,78.86928013392857,50176,0.0,0.0,106.03824537627551
Richhkas (21),0.0,0.0,2,24,0,1036,0,1703,0,1069,46342,78.86928013392857,50176,0.0,0.0,106.03824537627551
Richhkas (22),6.0,21.656854152679443,0,28,0,343,0,591,0,368,48846,27.809311224489797,50176,0.0,0.0,28.398836096938776
Richhkas (23),1.5,5.414213538169861,1,37,0,1041,0,1955,0,1071,46071,84.96273118622449,50176,0.0,0.0,111.67430644132654
Richhkas (24),34.5,38.041630148887634,0,12,0,613,0,804,0,563,48184,44.676837531887756,50176,0.0,0.0,48.30546476403061
Richhkas (25),45269.0,852.0,0,5,0,356,0,1451,0,362,48002,36.62677375637755,50176,0.0,0.0,188.7546835140306
Richhkas (26),0.5,3.414213538169861,0,71,0,1514,0,2767,0,1539,44285,123.98826132015306,50176,0.0,0.0,83.6312181122449
Richhkas (27),49729.0,892.0,0,14,0,551,0,2038,0,623,46950,50.521265146683675,50176,0.0,0.0,212.52879862882654
Richhkas (28),708.5,235.09545242786407,0,63,0,1523,0,3025,0,1565,44000,125.51289461096938,50176,0.0,0.0,124.64385363520408
Richhkas (29),55.5,38.72792184352875,0,17,0,488,0,1796,0,478,47397,44.73782286352041,50176,0.0,0.0,123.58677455357143
Richhkas (30),0.0,2.0,1,73,0,1735,0,3264,0,1924,43179,133.0598294005102,50176,0.0,0.0,144.95705117984693
Richhkas (31),49729.0,892.0,0,6,0,368,0,1611,0,377,47814,34.6142578125,50176,0.0,0.0,195.4020846619898
Richhkas (32),2.0,6.0,0,14,0,647,0,1727,0,710,47078,55.01893335459184,50176,0.0,0.0,102.00304926658163
Richhkas (33),49729.0,892.0,0,1,0,434,0,1608,0,449,47684,36.1083984375,50176,0.0,0.0,189.4255221619898
Richhkas (34),45046.0,850.0,0,0,0,290,0,1326,0,312,48248,29.801498724489797,50176,0.0,0.0,187.45874521683675
Richhkas (35),0.0,10.0,2,59,0,1468,0,3118,0,1761,43768,114.03748804209184,50176,0.0,0.0,128.21149553571428
Richhkas (36),46607.0,864.0,0,5,0,394,0,1551,0,406,47820,40.616230867346935,50176,0.0,0.0,177.10648517219389
Richhkas (37),49716.5,891.4142135381699,0,10,0,465,0,1569,0,504,47628,35.961017219387756,50176,0.0,0.0,185.43606505102042
Richhkas (38),49729.0,892.0,0,7,0,420,0,1572,0,479,47698,34.42113759566327,50176,0.0,0.0,198.63430723852042
Richhkas (39),49729.0,892.0,0,5,0,252,0,1288,0,263,48368,21.05010363520408,50176,0.0,0.0,194.78714923469389
Richhkas (40),1757.5,294.6101715564728,0,23,0,395,0,1872,0,446,47440,42.03922193877551,50176,0.0,0.0,182.59008290816325
Richhkas (41),49729.0,892.0,0,3,0,268,0,1256,0,271,48378,21.466836734693878,50176,0.0,0.0,182.72221779336735
Richhkas (42),49716.5,891.4142135381699,0,4,0,220,0,1323,0,259,48370,21.070432079081634,50176,0.0,0.0,199.7930285395408
Richhkas (43),49729.0,892.0,0,3,0,395,0,1473,0,399,47906,31.19399713010204,50176,0.0,0.0,185.76132015306123
Richhkas (44),47053.0,868.0,0,5,0,496,0,1742,0,491,47442,49.42861128826531,50176,0.0,0.0,171.60255899234693
Riddhi (1),0.5,3.414213538169861,0,27,0,852,0,1891,0,939,46467,77.48186383928571,50176,0.0,0.0,93.73445471938776
Riddhi (11),49.0,33.31370830535889,0,7,0,459,0,922,0,512,48276,40.07244499362245,50176,0.0,0.0,71.21562101403062
Riddhi (12),43.0,29.313708186149597,0,32,0,697,0,1653,0,724,47070,61.64600605867347,50176,0.0,0.0,95.91976243622449
Riddhi (13),3.0,6.828427076339722,0,23,0,687,0,1854,0,726,46886,70.83954480229592,50176,0.0,0.0,95.49286511479592
Riddhi (14),2.0,6.0,0,15,0,1101,0,1704,0,1126,46230,85.88767538265306,50176,0.0,0.0,86.2840800382653
Riddhi (15),62.5,49.899494767189026,0,17,0,1187,0,1915,0,1283,45774,91.23913823341837,50176,0.0,0.0,108.4522480867347
Riddhi (16),0.0,2.0,0,2,0,0,0,0,0,0,50174,0.17787388392857142,50176,0.0,0.0,0.01016422193877551
Riddhi (17),14628.0,1332.5971004962921,0,9,0,715,0,1392,0,825,47235,60.853196747448976,50176,0.0,0.0,62.49980070153061
Riddhi (18),4.5,13.41421353816986,0,51,0,1158,0,2378,0,1207,45382,95.43187978316327,50176,0.0,0.0,131.20485889668367
Riddhi (19),73.5,56.72792184352875,0,19,0,794,0,1342,0,821,47200,62.68275669642857,50176,0.0,0.0,54.6174465880102
Riddhi (20),0.0,2.0,1,47,0,1041,0,2598,0,1208,45281,87.70198899872449,50176,0.0,0.0,168.07557397959184
Riddhi (21),104.0,73.94112467765808,0,65,0,1000,0,2206,0,1013,45892,80.21603954081633,50176,0.0,0.0,84.61714764030613
Riddhi (22),188.5,87.55634891986847,0,11,0,555,0,1342,0,546,47722,53.90595105229592,50176,0.0,0.0,69.82312260841837
Riddhi (23),9070.5,1480.7808661460876,0,14,0,549,0,1117,0,613,47883,47.48724489795919,50176,0.0,0.0,45.30701929209184
Riddhi (24),3.0,6.828427076339722,0,23,0,687,0,1854,0,726,46886,70.83954480229592,50176,0.0,0.0,95.49286511479592
Riddhi (25),13902.5,1347.8691784143448,0,15,0,659,0,1361,0,805,47336,58.97281568877551,50176,0.0,0.0,64.70035475127551
Riddhi (26),0.0,0.0,0,0,0,0,0,0,0,0,50176,0.0,50176,0.0,0.0,0.0
Riddhi (27),28.5,31.899494767189026,0,8,0,509,0,985,0,545,48129,43.91452088647959,50176,0.0,0.0,58.378208705357146
Riddhi (28),49.0,33.31370830535889,0,7,0,459,0,922,0,512,48276,40.07244499362245,50176,0.0,0.0,71.21562101403062
Riddhi (29),42.5,33.071067690849304,0,25,0,1153,0,2159,0,1209,45630,90.78174824617346,50176,0.0,0.0,106.6226881377551
Riddhi (30),0.0,0.0,0,0,0,0,0,0,0,0,50176,0.0,50176,0.0,0.0,0.0
Riddhi (31),45.5,31.899494767189026,0,7,0,479,0,950,0,548,48192,41.190509406887756,50176,0.0,0.0,70.37199059311224
Riddhi (32),15128.0,2061.8174436092377,0,9,0,745,0,1738,0,800,46884,67.06861846301021,50176,0.0,0.0,71.6780931122449
Riddhi (33),56.5,49.071067690849304,0,22,0,1257,0,1986,0,1341,45570,95.126953125,50176,0.0,0.0,108.4522480867347
Riddhi (34),0.0,2.0,0,30,0,720,0,1693,0,748,46985,63.160475127551024,50176,0.0,0.0,95.44712611607143
Riddhi (35),56.5,49.071067690849304,0,22,0,1257,0,1986,0,1341,45570,95.126953125,50176,0.0,0.0,108.4522480867347
Riddhi (36),15128.0,2061.8174436092377,0,9,0,745,0,1738,0,800,46884,67.06861846301021,50176,0.0,0.0,71.6780931122449
Riddhi (37),13672.0,1461.1656415462494,0,16,0,734,0,1468,0,876,47082,62.43373325892857,50176,0.0,0.0,63.20621412627551
Riddhi (38),10.0,14.828427076339722,0,26,0,677,0,1421,0,770,47282,59.043965242346935,50176,0.0,0.0,69.21326929209184
Riddhi (39),0.0,0.0,1,6,0,192,0,556,0,192,49229,14.717793367346939,50176,0.0,0.0,46.602957589285715
Riddhi (40),13902.5,1347.8691784143448,0,15,0,659,0,1361,0,805,47336,58.97281568877551,50176,0.0,0.0,64.70035475127551
Riddhi (41),3.0,8.828427076339722,0,55,0,952,0,2023,0,980,46166,76.14526865433673,50176,0.0,0.0,104.15786431760205
Riddhi (42),26886.0,932.5828213691711,0,3,0,270,0,705,0,314,48884,22.879663584183675,50176,0.0,0.0,138.14702248086735
Riddhi (43),0.0,0.0,0,0,0,0,0,0,0,0,50176,0.0,50176,0.0,0.0,0.0
Riddhi (6),17.0,20.485281229019165,0,9,0,143,0,234,0,108,49682,10.789321588010203,50176,0.0,0.0,7.521524234693878
Rohitaka (1),6.0,10.828427076339722,1,59,0,1303,0,2313,0,1296,45204,99.15706712372449,50176,0.0,0.0,73.63470583545919
Rohitaka (10),8.5,14.242640614509583,0,50,0,1098,0,1801,0,1081,46146,83.12300701530613,50176,0.0,0.0,64.18197943239795
Rohitaka (11),4.0,10.0,1,30,0,756,0,1459,0,701,47229,59.70972177933673,50176,0.0,0.0,57.133091517857146
Rohitaka (12),4.5,11.41421353816986,0,38,0,1257,0,2360,0,1216,45305,101.30680006377551,50176,0.0,0.0,102.04878826530613
Rohitaka (13),731.5,187.01219260692596,0,5,0,471,0,1315,0,457,47928,44.915696747448976,50176,0.0,0.0,84.56632653061224
Rohitaka (14),4.0,8.828427076339722,1,88,0,1744,0,3506,0,1887,42950,132.49571508290816,50176,0.0,0.0,99.30953045280613
Rohitaka (15),8.5,14.242640614509583,0,50,0,1098,0,1801,0,1081,46146,83.12300701530613,50176,0.0,0.0,64.18197943239795
Rohitaka (16),0.0,2.0,1,59,0,1094,0,2029,0,1042,45951,84.80010363520408,50176,0.0,0.0,64.44116709183673
Rohitaka (17),35.0,27.656854152679443,0,15,0,475,0,1073,0,515,48098,38.197146045918366,50176,0.0,0.0,62.42865114795919
Rohitaka (18),0.0,2.0,1,59,0,1094,0,2029,0,1042,45951,84.80010363520408,50176,0.0,0.0,64.44116709183673
Rohitaka (19),14.5,16.242640614509583,2,33,0,702,0,1311,0,665,47463,53.71791294642857,50176,0.0,0.0,50.93799824617347
Rohitaka (2),0.0,2.0,1,47,0,1273,0,2424,0,1252,45179,103.61407844387755,50176,0.0,0.0,101.15941884566327
Rohitaka (20),434.5,127.15432798862457,0,45,0,776,0,1835,0,895,46625,61.971261160714285,50176,0.0,0.0,118.63679846938776
Rohitaka (21),6.0,10.828427076339722,0,19,0,171,0,391,0,116,49479,14.245157047193878,50176,0.0,0.0,11.109494579081632
Rohitaka (22),5.5,13.41421353816986,0,34,0,1276,0,2335,0,1265,45266,100.81891741071429,50176,0.0,0.0,100.08201132015306
Rohitaka (3),7.0,10.828427076339722,0,56,0,1192,0,2130,0,1164,45634,92.1793287627551,50176,0.0,0.0,69.34032206632654
Rohitaka (35),130.0,75.31370830535889,0,41,0,1061,0,2502,0,1084,45488,92.58081552933673,50176,0.0,0.0,103.06521045918367
Rohitaka (36),34.0,27.656854152679443,0,13,0,459,0,1064,0,466,48174,37.246791294642854,50176,0.0,0.0,63.45015545280612
Rohitaka (37),5.0,8.828427076339722,1,48,0,1281,0,2305,0,1250,45291,97.83571827168367,50176,0.0,0.0,74.80359135841837
Rohitaka (38),11.0,14.828427076339722,0,34,0,1031,0,1742,0,1021,46348,78.96584024234694,50176,0.0,0.0,63.48064811862245
Rohitaka (39),3.0,6.828427076339722,1,14,0,165,0,377,0,112,49507,13.269391741071429,50176,0.0,0.0,11.277204241071429
Rohitaka (4),8.5,14.242640614509583,0,49,0,1078,0,1775,0,1051,46223,81.71526227678571,50176,0.0,0.0,64.19722576530613
Rohitaka (40),4.0,10.0,1,30,0,756,0,1459,0,701,47229,59.70972177933673,50176,0.0,0.0,57.133091517857146
Rohitaka (41),431.5,128.32590079307556,0,35,0,755,0,1806,0,833,46747,61.45796795280612,50176,0.0,0.0,120.28340242346938
Rohitaka (42),4.5,11.41421353816986,0,38,0,1257,0,2360,0,1216,45305,101.30680006377551,50176,0.0,0.0,102.04878826530613
Rohitaka (43),1.5,5.414213538169861,0,12,0,537,0,1089,0,546,47992,40.433274872448976,50176,0.0,0.0,51.141282684948976
Rohitaka (44),731.5,187.01219260692596,0,5,0,471,0,1315,0,457,47928,44.915696747448976,50176,0.0,0.0,84.56632653061224
Rohitaka (45),4.0,10.0,1,30,0,756,0,1459,0,701,47229,59.70972177933673,50176,0.0,0.0,57.133091517857146
Rohitaka (46),3.0,6.828427076339722,1,14,0,165,0,377,0,112,49507,13.269391741071429,50176,0.0,0.0,11.277204241071429
Rohitaka (47),3.0,6.828427076339722,1,14,0,165,0,377,0,112,49507,13.269391741071429,50176,0.0,0.0,11.277204241071429
Rohitaka (5),0.0,2.0,1,59,0,1094,0,2029,0,1042,45951,84.80010363520408,50176,0.0,0.0,64.44116709183673
Rohitaka (6),6.0,10.828427076339722,0,19,0,171,0,391,0,116,49479,14.245157047193878,50176,0.0,0.0,11.109494579081632
Rohitaka (7),8.5,14.242640614509583,0,50,0,1098,0,1801,0,1081,46146,83.12300701530613,50176,0.0,0.0,64.18197943239795
Rohitaka (8),6.0,10.828427076339722,0,19,0,171,0,391,0,116,49479,14.245157047193878,50176,0.0,0.0,11.109494579081632
Rohitaka (9),5.5,13.41421353816986,0,34,0,1276,0,2335,0,1265,45266,100.81891741071429,50176,0.0,0.0,100.08201132015306
Sajjibuti (1),0.0,2.0,0,13,0,490,0,1083,0,532,48058,40.682298309948976,50176,0.0,0.0,82.43183992346938
Sajjibuti (11),1.5,5.414213538169861,1,95,0,1642,0,3425,0,1858,43155,126.91047512755102,50176,0.0,0.0,139.9054328762755
Sajjibuti (12),0.0,2.0,0,51,0,992,0,2567,0,1323,45243,81.8016581632653,50176,0.0,0.0,171.27730389030611
Sajjibuti (13),5.0,8.828427076339722,0,44,0,915,0,1565,0,908,46744,70.9716796875,50176,0.0,0.0,40.682298309948976
Sajjibuti (14),49729.0,892.0,0,32,0,973,0,2534,0,1009,45628,78.5694355867347,50176,0.0,0.0,201.65308115433675
Sajjibuti (15),10.5,13.41421353816986,1,90,0,1500,0,2691,0,1563,44331,111.52692522321429,50176,0.0,0.0,85.6640625
Sajjibuti (16),0.0,0.0,1,54,0,1437,0,2806,0,1470,44408,118.46908880739795,50176,0.0,0.0,93.2567362882653
Sajjibuti (17),0.0,4.0,0,35,0,971,0,2269,0,983,45918,76.30281409438776,50176,0.0,0.0,166.16978236607142
Sajjibuti (18),101.0,82.62741649150848,0,88,0,1574,0,3436,0,1756,43322,123.21069834183673,50176,0.0,0.0,113.1786112882653
Sajjibuti (19),157.0,63.79898953437805,0,10,0,680,0,1331,0,659,47496,54.92237324617347,50176,0.0,0.0,69.54868861607143
Sajjibuti (20),46.5,40.72792184352875,0,45,0,861,0,2172,0,951,46147,71.19529257015306,50176,0.0,0.0,109.8193359375
Sajjibuti (21),561.5,219.78174448013306,0,20,0,383,0,1051,0,406,48316,39.71669722576531,50176,0.0,0.0,42.20693160076531
Sajjibuti (22),2.0,11.656854152679443,0,6,0,587,0,933,0,590,48060,47.62954400510204,50176,0.0,0.0,30.645129145408163
Sajjibuti (23),663.0,110.28427052497864,0,7,0,633,0,1616,0,658,47262,48.7272799744898,50176,0.0,0.0,195.70701132015307
Sajjibuti (24),21.5,18.242640614509583,0,18,0,657,0,1441,0,640,47420,57.54474250637755,50176,0.0,0.0,68.92867107780613
Sajjibuti (25),46607.0,864.0,0,23,0,610,0,1736,0,615,47192,50.10961415816327,50176,0.0,0.0,198.68512834821428
Sajjibuti (26),11.5,16.242640614509583,0,10,0,101,0,177,0,64,49824,6.911670918367347,50176,0.0,0.0,3.7404336734693877
Sajjibuti (27),49268.0,1111.2548332214355,0,4,0,416,0,1872,0,468,47416,40.70262675382653,50176,0.0,0.0,198.60889668367346
Sajjibuti (28),4.0,14.828427076339722,0,23,0,642,0,1564,0,676,47271,48.79334741709184,50176,0.0,0.0,128.9890585140306
Sajjibuti (29),49729.0,892.0,0,4,0,272,0,1384,0,326,48190,23.982481664540817,50176,0.0,0.0,208.2293327487245
Sajjibuti (30),264.0,112.42640614509583,2,68,0,1451,0,2943,0,1579,44133,117.36627072704081,50176,0.0,0.0,111.77594866071429
Sajjibuti (31),7.0,10.828427076339722,0,17,0,288,0,740,0,263,48868,24.119698660714285,50176,0.0,0.0,43.1623684630102
Sajjibuti (32),21.5,23.071067690849304,0,20,0,808,0,1751,0,822,46775,66.81959502551021,50176,0.0,0.0,128.68413185586735
Sajjibuti (33),4.5,11.41421353816986,0,17,0,1328,0,2225,0,1354,45252,101.76927216198979,50176,0.0,0.0,124.60827885841837
Sajjibuti (34),7.0,16.0,0,29,0,927,0,1889,0,967,46364,72.5877909757653,50176,0.0,0.0,97.12930484693878
Sajjibuti (35),15.0,17.656854033470154,0,29,0,681,0,1402,0,726,47338,51.79179288903061,50176,0.0,0.0,85.68439094387755
Sajjibuti (36),15.0,17.656854033470154,0,29,0,681,0,1402,0,726,47338,51.79179288903061,50176,0.0,0.0,85.68439094387755
Sajjibuti (37),16.0,15.656854152679443,1,28,0,1117,0,2284,0,1200,45546,91.95063376913265,50176,0.0,0.0,121.21851084183673
Sajjibuti (38),2.0,6.0,0,13,0,391,0,723,0,348,48701,29.496572066326532,50176,0.0,0.0,20.912886639030614
Sajjibuti (39),224.0,112.62741661071777,1,24,0,590,0,1957,0,671,46933,55.313695790816325,50176,0.0,0.0,141.10989317602042
Sajjibuti (40),2.0,6.0,0,15,0,610,0,1070,0,593,47888,46.69443558673469,50176,0.0,0.0,37.17055963010204
Sajjibuti (41),3.5,9.41421353816986,0,20,0,608,0,1457,0,608,47483,50.6330715880102,50176,0.0,0.0,74.51899314413265
Sajjibuti (42),11.5,18.242640614509583,0,15,0,561,0,1312,0,518,47770,47.156907684948976,50176,0.0,0.0,58.611985809948976
Sajjibuti (43),6.0,10.828427076339722,1,31,0,839,0,1816,0,884,46605,67.97323421556122,50176,0.0,0.0,92.44868064413265
Sajjibuti (44),515.5,129.8406194448471,0,25,0,822,0,2131,0,898,46300,61.24451929209184,50176,0.0,0.0,152.34644052933675
Sambhalu (1),35515.0,1765.979790687561,0,0,0,284,0,1362,0,280,48250,27.02666613520408,50176,0.0,0.0,184.67883051658163
Sambhalu (11),49729.0,892.0,0,2,0,211,0,1446,0,267,48250,23.692801339285715,50176,0.0,0.0,229.7164979272959
Sambhalu (12),49729.0,892.0,0,3,0,371,0,1407,0,421,47974,27.768654336734695,50176,0.0,0.0,231.7645886479592
Sambhalu (13),49729.0,892.0,0,2,0,262,0,1387,0,299,48226,22.854253029336736,50176,0.0,0.0,235.6219108737245
Sambhalu (14),49729.0,892.0,0,2,0,386,0,1432,0,428,47928,28.76983019770408,50176,0.0,0.0,231.69852120535714
Sambhalu (15),49729.0,892.0,0,14,0,549,0,1828,0,602,47183,46.27262037627551,50176,0.0,0.0,189.1307597257653
Sambhalu (16),49729.0,892.0,0,8,0,437,0,1663,0,490,47578,36.763990752551024,50176,0.0,0.0,220.94477439413265
Sambhalu (17),49729.0,892.0,0,6,0,378,0,1526,0,388,47878,31.514170121173468,50176,0.0,0.0,219.82162786989795
Sambhalu (18),49675.5,911.5563488006592,0,2,0,322,0,1499,0,433,47920,27.98210299744898,50176,0.0,0.0,234.75795200892858
Sambhalu (19),49729.0,892.0,0,6,0,378,0,1526,0,388,47878,31.514170121173468,50176,0.0,0.0,219.82162786989795
Sambhalu (20),3.0,8.0,0,35,0,1155,0,2032,0,1205,45749,89.26219706632654,50176,0.0,0.0,88.1949537627551
Sambhalu (21),200.0,124.22539556026459,1,34,0,1474,0,2755,0,1571,44341,116.82756696428571,50176,0.0,0.0,116.92412707270408
Sambhalu (22),1.5,5.414213538169861,1,45,0,1176,0,2525,0,1226,45203,97.37324617346938,50176,0.0,0.0,164.94499362244898
Sambhalu (23),49729.0,892.0,0,26,0,733,0,2233,0,798,46386,61.615513392857146,50176,0.0,0.0,160.4879823022959
Sambhalu (24),35950.0,2413.2489017248154,0,22,0,566,0,1926,0,610,47052,48.56465242346939,50176,0.0,0.0,181.38054049744898
Sambhalu (25),0.0,6.0,0,31,0,550,0,1887,0,622,47086,47.51773756377551,50176,0.0,0.0,181.14168128188774
Sambhalu (26),8090.0,522.9705624580383,0,0,0,23,0,1012,0,15,49126,11.577048788265307,50176,0.0,0.0,84.33763153698979
Sambhalu (27),1.0,4.828427076339722,0,9,0,479,0,942,0,501,48245,39.818339445153065,50176,0.0,0.0,80.77507174744898
Sambhalu (28),6.5,11.41421353816986,1,45,0,1027,0,2104,0,1099,45900,86.93459024234694,50176,0.0,0.0,106.7040019132653
Sambhalu (29),20.5,21.071067690849304,0,40,0,1251,0,2407,0,1306,45172,94.74071269132654,50176,0.0,0.0,131.81979432397958
Sambhalu (30),200.0,124.22539556026459,1,34,0,1474,0,2755,0,1571,44341,116.82756696428571,50176,0.0,0.0,116.92412707270408
Sambhalu (31),1.5,5.414213538169861,1,45,0,1176,0,2525,0,1226,45203,97.37324617346938,50176,0.0,0.0,164.94499362244898
Sambhalu (32),14.5,16.242640614509583,0,32,0,1076,0,2142,0,1172,45754,89.70942283163265,50176,0.0,0.0,134.95545679209184
Sambhalu (33),272.5,113.49747347831726,0,51,0,1310,0,2214,0,1393,45208,96.45338408801021,50176,0.0,0.0,90.54797114158163
Sambhalu (34),49729.0,892.0,0,7,0,470,0,1754,0,527,47418,40.26556521045919,50176,0.0,0.0,213.7078483737245
Sambhalu (35),0.0,2.0,0,88,0,1688,0,3157,0,1838,43405,128.76036352040816,50176,0.0,0.0,110.7747727997449
Sambhalu (36),0.0,2.0,0,41,0,1195,0,2529,0,1377,45034,95.79779177295919,50176,0.0,0.0,118.48433514030613
Sambhalu (37),3240.5,477.2132030725479,0,1,0,52,0,585,0,72,49466,10.032087053571429,50176,0.0,0.0,17.086057079081634
Sambhalu (38),6.0,18.82842707633972,0,35,0,880,0,1976,0,948,46337,74.10226004464286,50176,0.0,0.0,71.5967793367347
Sambhalu (39),7754.5,521.2132030725479,0,0,0,39,0,992,0,31,49114,11.77016900510204,50176,0.0,0.0,82.47249681122449
Sambhalu (40),2.0,6.0,0,39,0,1435,0,3127,0,1492,44083,120.08011798469387,50176,0.0,0.0,122.17394770408163
Sambhalu (41),49729.0,892.0,0,26,0,733,0,2233,0,798,46386,61.615513392857146,50176,0.0,0.0,160.4879823022959
Sambhalu (42),305.0,80.76955163478851,0,50,0,1310,0,2540,0,1428,44848,104.16802853954081,50176,0.0,0.0,111.09494579081633
Sambhalu (43),0.0,2.0,0,36,0,1067,0,2113,0,1046,45914,86.21801259566327,50176,0.0,0.0,104.75755341198979
Sambhalu (44),99.0,49.31370830535889,0,96,0,1633,0,3040,0,1789,43618,121.66573660714286,50176,0.0,0.0,97.7798150510204
Saptaparna (1),49729.0,892.0,0,3,0,556,0,1770,0,573,47274,47.25346779336735,50176,0.0,0.0,165.9258410395408
Saptaparna (10),5.0,8.828427076339722,1,16,0,919,0,1537,0,928,46775,73.47207828443878,50176,0.0,0.0,104.20868542729592
Saptaparna (2),0.0,2.0,0,16,0,747,0,1887,0,818,46708,66.08268893494898,50176,0.0,0.0,122.33657525510205
Saptaparna (24),1.5,5.414213538169861,0,101,0,1654,0,3012,0,1717,43692,126.53439891581633,50176,0.0,0.0,123.9730149872449
Saptaparna (25),7.5,11.41421353816986,0,14,0,1048,0,1790,0,1034,46290,78.8997727997449,50176,0.0,0.0,159.15138711734693
Saptaparna (26),7.5,11.41421353816986,0,14,0,1048,0,1790,0,1034,46290,78.8997727997449,50176,0.0,0.0,159.15138711734693
Saptaparna (27),49729.0,892.0,0,6,0,564,0,1756,0,590,47260,47.604133450255105,50176,0.0,0.0,166.26126036352042
Saptaparna (28),602.0,249.396968126297,0,31,0,876,0,2059,0,834,46376,75.59131855867346,50176,0.0,0.0,83.9208984375
Saptaparna (29),137.5,69.69848430156708,0,14,0,968,0,2014,0,1018,46162,77.4056321747449,50176,0.0,0.0,168.5837850765306
Saptaparna (3),63.5,42.72792184352875,1,39,0,962,0,1837,0,938,46399,75.89116310586735,50176,0.0,0.0,81.63394850127551
Saptaparna (30),0.0,2.0,1,94,0,1427,0,2477,0,1490,44687,109.97688137755102,50176,0.0,0.0,133.94919882015307
Saptaparna (31),24238.5,1358.1879402399063,0,13,0,812,0,1900,0,877,46574,68.16127232142857,50176,0.0,0.0,121.73688616071429
Saptaparna (32),49729.0,892.0,0,3,0,556,0,1770,0,573,47274,47.25346779336735,50176,0.0,0.0,165.9258410395408
Saptaparna (33),3296.0,460.53405153751373,0,37,0,1410,0,2545,0,1448,44736,106.80056202168367,50176,0.0,0.0,158.10955436862244
Saptaparna (34),24238.5,1358.1879402399063,0,13,0,812,0,1900,0,877,46574,68.16127232142857,50176,0.0,0.0,121.73688616071429
Saptaparna (35),18.0,16.82842707633972,0,66,0,1391,0,2627,0,1454,44638,102.65864158163265,50176,0.0,0.0,90.92912946428571
Saptaparna (36),13.5,19.899494767189026,0,15,0,925,0,1674,0,1024,46538,76.93807796556122,50176,0.0,0.0,104.58984375
Saptaparna (37),0.0,2.0,1,94,0,1427,0,2477,0,1490,44687,109.97688137755102,50176,0.0,0.0,133.94919882015307
Saptaparna (38),24238.5,1358.1879402399063,0,13,0,812,0,1900,0,877,46574,68.16127232142857,50176,0.0,0.0,121.73688616071429
Saptaparna (39),13.5,20.242640614509583,1,13,0,835,0,1473,0,871,46983,69.50803172831633,50176,0.0,0.0,107.59845344387755
Saptaparna (4),9.5,14.242640614509583,0,9,0,1015,0,1851,0,1011,46290,79.40290178571429,50176,0.0,0.0,153.2713847257653
Saptaparna (40),0.0,2.0,2,63,0,1322,0,2298,0,1338,45153,102.82635124362245,50176,0.0,0.0,132.58719308035714
Saptaparna (41),0.0,2.0,0,16,0,747,0,1887,0,818,46708,66.08268893494898,50176,0.0,0.0,122.33657525510205
Saptaparna (42),13.5,20.242640614509583,1,13,0,835,0,1473,0,871,46983,69.50803172831633,50176,0.0,0.0,107.59845344387755
Saptaparna (43),1.0,12.828427076339722,0,10,0,492,0,955,0,471,48248,42.71514269770408,50176,0.0,0.0,64.48182397959184
Saptaparna (44),1.0,4.0,0,41,0,1171,0,2179,0,1213,45572,88.66759008290816,50176,0.0,0.0,71.9271165497449
Saptaparna (45),0.0,2.0,2,63,0,1322,0,2298,0,1338,45153,102.82635124362245,50176,0.0,0.0,132.58719308035714
Saptaparna (46),1.0,4.0,0,53,0,1326,0,2221,0,1273,45303,94.53742825255102,50176,0.0,0.0,68.20701132015306
Saptaparna (47),273.0,121.94112479686737,0,16,0,572,0,1156,0,549,47883,46.7350924744898,50176,0.0,0.0,46.94854113520408
Saptaparna (48),6607.0,709.3036036491394,1,21,0,730,0,1892,0,711,46821,65.23905851403062,50176,0.0,0.0,79.12846779336735
Saptaparna (5),49729.0,892.0,0,3,0,543,0,1769,0,557,47304,45.55604272959184,50176,0.0,0.0,166.4289700255102
Saptaparna (6),2.0,6.0,0,57,0,1135,0,2085,0,1143,45756,88.67775430484694,50176,0.0,0.0,66.62647480867346
Saptaparna (7),47.0,89.31370830535889,0,20,0,445,0,1273,0,496,47942,39.238978794642854,50176,0.0,0.0,56.33520009566327
Saptaparna (8),5.0,8.828427076339722,0,22,0,465,0,758,0,381,48550,32.164680325255105,50176,0.0,0.0,27.95669244260204
Saptaparna (9),411.0,131.25483310222626,0,36,0,889,0,1705,0,951,46595,72.99944196428571,50176,0.0,0.0,104.55426897321429
Saraswati (1),49729.0,892.0,0,6,0,344,0,1339,0,345,48142,25.471540178571427,50176,0.0,0.0,173.28981983418367
Saraswati (10),0.0,0.0,1,7,0,636,0,1404,0,627,47501,48.274972098214285,50176,0.0,0.0,173.47277582908163
Saraswati (11),5.0,10.828427076339722,0,18,0,973,0,2038,0,976,46171,79.4791334502551,50176,0.0,0.0,146.21233258928572
Saraswati (12),595.5,156.12488973140717,1,49,0,1880,0,3952,0,2119,42175,149.5309510522959,50176,0.0,0.0,175.0634765625
Saraswati (13),43940.5,1524.4823158979416,0,7,0,511,0,1608,0,560,47490,40.65180564413265,50176,0.0,0.0,189.30863360969389
Saraswati (14),6.0,18.82842707633972,0,28,0,1027,0,2047,0,1049,46025,79.77897799744898,50176,0.0,0.0,170.22022480867346
Saraswati (15),131.5,49.55634891986847,0,15,0,1045,0,1985,0,1102,46029,81.49673150510205,50176,0.0,0.0,167.85704320790816
Saraswati (16),49729.0,892.0,0,0,0,242,0,1212,0,242,48480,18.798728475765305,50176,0.0,0.0,199.43728077168367
Saraswati (17),2.0,6.828427076339722,0,9,0,399,0,832,0,394,48542,31.976642219387756,50176,0.0,0.0,171.3738639987245
Saraswati (18),49729.0,892.0,0,1,0,266,0,1289,0,262,48358,21.187320631377553,50176,0.0,0.0,160.83864795918367
Saraswati (19),49729.0,892.0,0,1,0,266,0,1289,0,262,48358,21.187320631377553,50176,0.0,0.0,160.83864795918367
Saraswati (20),12.5,17.071067690849304,0,12,0,799,0,1713,0,782,46870,63.86688855229592,50176,0.0,0.0,141.22678172831633
Saraswati (21),1.0,4.0,0,27,0,1089,0,2088,0,1070,45902,87.54444355867346,50176,0.0,0.0,124.47614397321429
Saraswati (22),41474.0,1732.6660817861557,0,9,0,363,0,1548,0,370,47886,32.769451530612244,50176,0.0,0.0,196.76409040178572
Saraswati (23),7.5,17.071067690849304,0,52,0,1151,0,2338,0,1249,45386,97.47488839285714,50176,0.0,0.0,153.3222058354592
Saraswati (24),125.5,53.55634891986847,0,13,0,853,0,1984,0,902,46424,68.62374441964286,50176,0.0,0.0,177.69601004464286
Saraswati (25),12.5,13.071067690849304,0,13,0,618,0,1133,0,576,47836,50.67372847576531,50176,0.0,0.0,112.1875996492347
Saraswati (26),12.5,13.071067690849304,0,13,0,618,0,1133,0,576,47836,50.67372847576531,50176,0.0,0.0,112.1875996492347
Saraswati (27),49729.0,892.0,0,2,0,321,0,1486,0,347,48020,29.00360730229592,50176,0.0,0.0,156.5544284119898
Saraswati (28),49715.5,891.4142135381699,0,5,0,222,0,1281,0,234,48434,19.129065688775512,50176,0.0,0.0,197.4806680484694
Saraswati (29),49729.0,892.0,0,4,0,204,0,1274,0,204,48490,18.351502710459183,50176,0.0,0.0,179.01227678571428
Saraswati (30),49729.0,892.0,0,4,0,204,0,1274,0,204,48490,18.351502710459183,50176,0.0,0.0,179.01227678571428
Saraswati (31),49729.0,892.0,0,3,0,218,0,1261,0,216,48478,18.280353156887756,50176,0.0,0.0,172.3191366390306
Saraswati (32),49729.0,892.0,0,2,0,311,0,1310,0,311,48242,23.957071109693878,50176,0.0,0.0,122.43821747448979
Saraswati (33),49729.0,892.0,0,2,0,269,0,1295,0,270,48340,21.385522959183675,50176,0.0,0.0,159.92386798469389
Saraswati (34),131.5,49.55634891986847,0,15,0,1045,0,1985,0,1102,46029,81.49673150510205,50176,0.0,0.0,167.85704320790816
Saraswati (35),12.5,17.071067690849304,0,12,0,799,0,1713,0,782,46870,63.86688855229592,50176,0.0,0.0,141.22678172831633
Saraswati (36),125.5,53.55634891986847,0,13,0,853,0,1984,0,902,46424,68.62374441964286,50176,0.0,0.0,177.69601004464286
Saraswati (37),34510.5,1912.0802946090698,0,1,0,275,0,1522,0,272,48106,28.393753985969386,50176,0.0,0.0,179.9626315369898
Saraswati (38),49729.0,892.0,0,1,0,193,0,1257,0,201,48524,17.192781409438776,50176,0.0,0.0,216.61989795918367
Saraswati (39),43323.5,1504.2813068628311,0,4,0,258,0,1137,0,254,48523,17.777224170918366,50176,0.0,0.0,223.67895009566325
Saraswati (40),1.0,4.0,0,28,0,712,0,1510,0,704,47222,56.57405931122449,50176,0.0,0.0,60.06038743622449
Saraswati (41),52.5,38.38477575778961,0,34,0,1104,0,2144,0,1145,45749,92.15900031887755,50176,0.0,0.0,136.61730707908163
Saraswati (42),14.0,14.828427076339722,0,33,0,1075,0,2359,0,1091,45618,92.11834343112245,50176,0.0,0.0,144.66228874362244
Saraswati (43),4.5,9.071067690849304,0,28,0,1155,0,2763,0,1294,44936,99.28920200892857,50176,0.0,0.0,182.9915696747449
Sarson (1),0.0,4.0,0,9,0,311,0,1277,0,303,48276,28.043088329081634,50176,0.0,0.0,89.91270727040816
Sarson (11),14202.0,1482.0975403785706,0,7,0,260,0,1246,0,255,48408,25.075135522959183,50176,0.0,0.0,78.82354113520408
Sarson (12),15417.0,1433.2102360725403,0,7,0,320,0,1256,0,313,48280,28.088827327806122,50176,0.0,0.0,89.94319993622449
Sarson (13),0.0,0.0,2,53,0,1240,0,2291,0,1371,45219,95.01514668367346,50176,0.0,0.0,167.90278220663265
Sarson (14),3.0,8.828427076339722,0,16,0,758,0,1280,0,764,47358,59.33364556760204,50176,0.0,0.0,115.12505978954081
Sarson (15),117.0,52.14213526248932,0,25,0,614,0,1241,0,653,47643,48.86957908163265,50176,0.0,0.0,85.42012117346938
Sarson (16),0.0,0.0,1,17,0,913,0,1694,0,924,46627,72.47598453443878,50176,0.0,0.0,106.38382892219387
Sarson (17),45269.0,852.0,0,4,0,239,0,1221,0,240,48472,24.871851084183675,50176,0.0,0.0,139.14819834183675
Sarson (18),3439.5,482.3847759962082,0,2,0,53,0,556,0,39,49526,8.456632653061224,50176,0.0,0.0,20.607959980867346
Sarson (19),0.0,4.0,0,22,0,944,0,2143,0,971,46096,82.57413903061224,50176,0.0,0.0,142.92928890306123
Sarson (20),150.5,63.55634903907776,0,32,0,891,0,1712,0,1029,46512,75.33721301020408,50176,0.0,0.0,132.7244100765306
Sarson (21),53.5,33.899494767189026,1,22,0,956,0,2234,0,1000,45963,82.22347337372449,50176,0.0,0.0,161.2502989477041
Sarson (22),45046.0,850.0,0,5,0,234,0,1233,0,240,48464,25.435965401785715,50176,0.0,0.0,136.47500797193877
Sarson (23),8.0,12.828427076339722,0,6,0,81,0,140,0,47,49902,5.768195950255102,50176,0.0,0.0,2.4394132653061225
Sarson (24),58.0,34.14213526248932,0,0,0,14,0,16,0,10,50136,0.8639588647959183,50176,0.0,0.0,0.37607621173469385
Sarson (25),0.0,0.0,2,18,0,237,0,373,0,176,49370,16.272919323979593,50176,0.0,0.0,11.571966677295919
Sarson (26),55.5,33.071067690849304,0,25,0,703,0,1475,0,740,47233,60.33482142857143,50176,0.0,0.0,63.61278300382653
Sarson (27),14146.0,1476.9259667396545,0,3,0,270,0,1239,0,264,48400,24.978575414540817,50176,0.0,0.0,78.47795758928571
Sarson (28),45350.5,886.8700572252274,0,5,0,213,0,1197,0,217,48544,22.681461256377553,50176,0.0,0.0,169.02084661989795
Sarson (29),5005.0,648.2741650342941,0,12,0,589,0,1206,0,603,47766,48.69678730867347,50176,0.0,0.0,69.62492028061224
Sarson (30),10.0,12.828427076339722,0,27,0,1125,0,2011,0,1167,45846,88.26610331632654,50176,0.0,0.0,147.9656608737245
Sarson (31),3.0,8.828427076339722,0,23,0,935,0,2154,0,1060,46004,76.51118064413265,50176,0.0,0.0,170.26088169642858
Sarson (32),3.0,6.828427076339722,0,36,0,885,0,1542,0,970,46743,69.60967394770408,50176,0.0,0.0,60.8430325255102
Sarson (33),3.0,8.0,0,40,0,1023,0,2152,0,1036,45925,84.44943797831633,50176,0.0,0.0,114.59652024872449
Sarson (34),110.5,100.87005710601807,0,11,0,151,0,418,0,110,49486,13.17791374362245,50176,0.0,0.0,8.685327646683673
Sarson (35),0.0,0.0,3,43,0,1259,0,2687,0,1466,44718,98.45573580994898,50176,0.0,0.0,164.7366270727041
Sarson (36),39.5,63.071067690849304,0,6,0,337,0,938,0,299,48596,30.990712691326532,50176,0.0,0.0,34.17719626913265
Sarson (37),49729.0,892.0,0,2,0,309,0,1105,0,308,48452,19.347596460459183,50176,0.0,0.0,181.60923549107142
Sarson (38),138.0,91.5979790687561,1,8,0,144,0,222,0,119,49682,10.032087053571429,50176,0.0,0.0,7.155612244897959
Sarson (39),14192.5,1487.1686067581177,0,6,0,268,0,1244,0,260,48398,25.212352519132654,50176,0.0,0.0,78.7320631377551
Sarson (40),32.0,29.656854152679443,0,36,0,894,0,1800,0,917,46529,71.3477558992347,50176,0.0,0.0,140.71348852040816
Sarson (41),0.0,0.0,1,71,0,1163,0,2136,0,1244,45561,88.9420240752551,50176,0.0,0.0,174.4383769132653
Sarson (42),322.0,88.6274163722992,2,41,0,659,0,1540,0,654,47280,55.6135403380102,50176,0.0,0.0,118.06251992984694
Sarson (43),0.0,2.0,1,135,0,1886,0,3486,0,1929,42739,135.3467793367347,50176,0.0,0.0,106.30251514668367
Sarson (44),0.0,4.0,0,9,0,311,0,1277,0,303,48276,28.043088329081634,50176,0.0,0.0,89.91270727040816
Seeta Ashok (1),0.0,2.0,0,20,0,241,0,446,0,173,49296,16.938675860969386,50176,0.0,0.0,18.783482142857142
Seeta Ashok (11),53.5,38.72792184352875,0,32,0,925,0,1397,0,947,46875,67.4446946747449,50176,0.0,0.0,94.11053093112245
Seeta Ashok (12),36.0,30.485281229019165,0,4,0,69,0,294,0,67,49742,7.211515465561225,50176,0.0,0.0,16.913265306122447
Seeta Ashok (13),0.0,2.0,0,20,0,241,0,446,0,173,49296,16.938675860969386,50176,0.0,0.0,18.783482142857142
Seeta Ashok (14),22.5,21.071067690849304,0,21,0,908,0,1977,0,958,46312,73.43650350765306,50176,0.0,0.0,166.29683514030611
Seeta Ashok (15),11.0,18.485281229019165,0,19,0,601,0,1039,0,582,47935,47.63462611607143,50176,0.0,0.0,55.60845822704081
Seeta Ashok (16),0.0,0.0,1,43,0,1053,0,2270,0,1005,45804,88.65234375,50176,0.0,0.0,112.41121253188776
Seeta Ashok (17),8.0,12.828427076339722,0,37,0,903,0,2150,0,1045,46041,77.99515704719387,50176,0.0,0.0,129.0703722895408
Seeta Ashok (18),2.5,7.414213538169861,0,50,0,944,0,1921,0,957,46304,74.60538903061224,50176,0.0,0.0,78.5694355867347
Seeta Ashok (19),4.0,8.828427076339722,1,25,0,987,0,2645,0,1036,45482,87.96625876913265,50176,0.0,0.0,152.92580117984693
Seeta Ashok (20),53.5,31.899494767189026,0,28,0,955,0,1655,0,974,46564,73.7515943877551,50176,0.0,0.0,84.90174585459184
Seeta Ashok (21),0.0,0.0,1,25,0,635,0,1205,0,637,47673,49.22024473852041,50176,0.0,0.0,63.26719945790816
Seeta Ashok (22),1.0,4.0,0,39,0,917,0,2236,0,1012,45972,82.00494260204081,50176,0.0,0.0,113.82403938137755
Seeta Ashok (23),70.5,36.72792184352875,0,23,0,1046,0,2123,0,1132,45852,83.78368144132654,50176,0.0,0.0,150.7354113520408
Seeta Ashok (24),95.0,44.14213526248932,0,8,0,312,0,927,0,267,48662,26.813217474489797,50176,0.0,0.0,28.835897640306122
Seeta Ashok (25),0.5,3.414213538169861,0,27,0,492,0,915,0,446,48296,36.10331632653061,50176,0.0,0.0,28.825733418367346
Seeta Ashok (26),260.0,85.94112467765808,0,47,0,1077,0,2071,0,1150,45831,85.56242028061224,50176,0.0,0.0,134.07116948341837
Seeta Ashok (27),0.0,4.0,0,25,0,867,0,1576,0,914,46794,69.34540417729592,50176,0.0,0.0,89.51122050382654
Seeta Ashok (28),0.0,0.0,1,82,0,1149,0,2497,0,1180,45267,92.96705596301021,50176,0.0,0.0,83.28055245535714
Seeta Ashok (29),0.0,2.0,1,33,0,573,0,1271,0,633,47665,45.26128029336735,50176,0.0,0.0,56.59946986607143
Seeta Ashok (30),14.0,15.656854152679443,1,48,0,916,0,1892,0,916,46403,76.72462930484694,50176,0.0,0.0,72.28794642857143
Seeta Ashok (31),80.5,43.55634891986847,0,11,0,277,0,558,0,262,49068,19.611866230867346,50176,0.0,0.0,39.98096699617347
Seeta Ashok (32),0.0,2.0,0,16,0,365,0,1382,0,340,48073,36.5251315369898,50176,0.0,0.0,71.27152423469387
Seeta Ashok (33),3.0,6.828427076339722,0,51,0,897,0,1607,0,867,46754,65.31020806760205,50176,0.0,0.0,47.76676100127551
Seeta Ashok (34),2.0,6.0,0,43,0,794,0,1430,0,786,47123,60.116290656887756,50176,0.0,0.0,54.17022082270408
Seeta Ashok (35),0.0,0.0,1,19,0,230,0,449,0,174,49303,16.481285873724488,50176,0.0,0.0,18.686922034438776
Seeta Ashok (36),0.5,3.414213538169861,1,19,0,258,0,645,0,228,49025,24.053631218112244,50176,0.0,0.0,21.080596301020407
Seeta Ashok (37),4.0,10.0,0,28,0,902,0,1461,0,923,46862,69.98575015943878,50176,0.0,0.0,100.09725765306122
Seeta Ashok (38),322.0,80.97056257724762,1,28,0,684,0,1320,0,733,47410,51.16161112882653,50176,0.0,0.0,86.00456393494898
Seeta Ashok (39),10.0,20.485281109809875,0,5,0,480,0,1071,0,458,48162,43.56893734056123,50176,0.0,0.0,94.87284757653062
Seeta Ashok (40),3.5,9.41421353816986,0,27,0,964,0,1475,0,970,46740,71.15971779336735,50176,0.0,0.0,97.67817283163265
Seeta Ashok (41),0.0,2.0,0,20,0,241,0,446,0,173,49296,16.938675860969386,50176,0.0,0.0,18.783482142857142
Seeta Ashok (42),24.0,22.485281229019165,0,31,0,1008,0,1613,0,1016,46508,76.54675542091837,50176,0.0,0.0,129.67514349489795
Seeta Ashok (43),328.0,80.97056221961975,0,41,0,710,0,1394,0,750,47281,53.48413584183673,50176,0.0,0.0,84.86617107780613
Seeta Ashok (44),53.5,38.72792184352875,0,32,0,925,0,1397,0,947,46875,67.4446946747449,50176,0.0,0.0,94.11053093112245
serpentina (1),12964.5,1324.0113151073456,0,9,0,462,0,848,0,497,48360,40.47901387117347,50176,0.0,0.0,67.86650988520408
serpentina (10),1.0,4.828427076339722,0,21,0,742,0,1702,0,822,46889,65.94038982780613,50176,0.0,0.0,180.85200095663265
serpentina (11),5.0,8.828427076339722,0,19,0,768,0,2009,0,930,46450,65.07134885204081,50176,0.0,0.0,153.12908561862244
serpentina (12),5.0,14.828427076339722,0,36,0,1072,0,1876,0,1141,46051,84.22074298469387,50176,0.0,0.0,81.46115672831633
serpentina (13),580.0,172.36753070354462,0,32,0,711,0,1199,0,735,47499,56.28437898596939,50176,0.0,0.0,73.36535395408163
serpentina (14),1200.0,253.88224959373474,0,32,0,1230,0,2634,0,1330,44950,98.4862284757653,50176,0.0,0.0,128.6688855229592
serpentina (15),0.5,3.414213538169861,0,32,0,691,0,1220,0,681,47552,56.00994499362245,50176,0.0,0.0,88.21528220663265
serpentina (16),5.5,9.41421353816986,0,28,0,917,0,1585,0,944,46702,71.44939811862245,50176,0.0,0.0,90.91896524234694
serpentina (17),2.0,6.0,0,38,0,910,0,1978,0,938,46312,71.83563855229592,50176,0.0,0.0,139.04655612244898
serpentina (18),85.5,43.55634868144989,0,35,0,900,0,1637,0,922,46682,69.95017538265306,50176,0.0,0.0,86.15194515306122
serpentina (19),0.5,3.414213538169861,1,60,0,1019,0,2149,0,1108,45839,83.71761399872449,50176,0.0,0.0,99.65511399872449
serpentina (2),3.0,8.0,1,15,0,695,0,1505,0,685,47275,58.627232142857146,50176,0.0,0.0,98.47098214285714
serpentina (20),46.5,29.071067571640015,0,41,0,1041,0,2492,0,1112,45490,90.03467793367346,50176,0.0,0.0,115.36391900510205
serpentina (21),0.0,0.0,1,15,0,769,0,1964,0,906,46521,62.5048828125,50176,0.0,0.0,153.6525430484694
serpentina (22),43.0,30.14213526248932,0,15,0,896,0,2020,0,993,46252,75.14409279336735,50176,0.0,0.0,152.18381297831633
serpentina (23),21.5,21.071067690849304,1,11,0,371,0,790,0,370,48633,30.939891581632654,50176,0.0,0.0,43.121711575255105
serpentina (24),1359.5,158.32590067386627,1,10,0,729,0,1294,0,749,47393,56.568977200255105,50176,0.0,0.0,76.01313376913265
serpentina (25),349.0,88.28427052497864,0,15,0,556,0,1413,0,534,47658,48.67645886479592,50176,0.0,0.0,93.46002072704081
serpentina (26),4237.5,423.52185904979706,0,36,0,1107,0,2626,0,1229,45178,86.46195392219387,50176,0.0,0.0,146.1005261479592
serpentina (27),7.0,10.828427076339722,0,9,0,393,0,870,0,378,48526,33.30815529336735,50176,0.0,0.0,26.6455078125
serpentina (28),20.0,20.485281109809875,0,14,0,677,0,1780,0,715,46990,59.62840800382653,50176,0.0,0.0,67.22616390306122
serpentina (29),43.0,30.14213526248932,0,15,0,896,0,2020,0,993,46252,75.14409279336735,50176,0.0,0.0,152.18381297831633
serpentina (3),3388.0,480.1421353816986,0,2,0,159,0,765,0,146,49104,17.538364955357142,50176,0.0,0.0,33.719806281887756
serpentina (30),0.0,0.0,1,22,0,776,0,2050,0,946,46381,66.34695870535714,50176,0.0,0.0,153.42893016581633
serpentina (31),3.5,7.414213538169861,0,6,0,737,0,1612,0,801,47020,63.44507334183673,50176,0.0,0.0,181.43136160714286
serpentina (32),6.5,10.242640614509583,0,12,0,439,0,1535,0,452,47738,39.884406887755105,50176,0.0,0.0,133.7306680484694
serpentina (33),58.0,33.31370830535889,0,16,0,876,0,1600,0,884,46800,71.68317522321429,50176,0.0,0.0,113.66141183035714
serpentina (34),7408.0,896.690465927124,0,17,0,623,0,1097,0,655,47784,50.826191804846935,50176,0.0,0.0,80.5565409757653
serpentina (35),69.5,40.24264061450958,0,51,0,928,0,1665,0,943,46589,73.11124840561224,50176,0.0,0.0,95.5843431122449
serpentina (36),1105.0,153.88224971294403,0,10,0,608,0,1214,0,604,47740,48.452845982142854,50176,0.0,0.0,146.56299824617346
serpentina (37),6.0,10.0,0,25,0,806,0,1995,0,942,46408,65.21873007015306,50176,0.0,0.0,154.09468670280611
serpentina (38),3.0,8.0,1,15,0,695,0,1505,0,685,47275,58.627232142857146,50176,0.0,0.0,98.47098214285714
serpentina (4),3340.5,474.2426406145096,0,0,0,14,0,512,0,38,49612,7.567263233418367,50176,0.0,0.0,18.051658163265305
serpentina (5),0.0,0.0,1,12,0,402,0,1072,0,374,48315,36.880879304846935,50176,0.0,0.0,73.67536272321429
serpentina (6),112.0,54.97056245803833,0,15,0,792,0,1555,0,772,47042,62.62685347576531,50176,0.0,0.0,154.42502391581633
Shalakat (1),0.5,3.414213538169861,2,77,0,1382,0,2587,0,1441,44687,102.35371492346938,50176,0.0,0.0,88.51004464285714
Shalakat (11),42521.5,1655.1929914951324,0,8,0,358,0,1304,0,364,48142,29.582967952806122,50176,0.0,0.0,218.3884725765306
Shalakat (12),736.0,178.22539591789246,0,17,0,525,0,1752,0,558,47324,45.12406329719388,50176,0.0,0.0,196.39309630102042
Shalakat (13),0.0,0.0,2,18,0,396,0,1142,0,451,48167,34.30933115433673,50176,0.0,0.0,92.78409996811224
Shalakat (14),7.0,10.828427076339722,0,21,0,660,0,1563,0,706,47226,53.509546396683675,50176,0.0,0.0,91.2696308992347
Shalakat (15),10.0,17.656854152679443,2,71,0,1442,0,2593,0,1412,44656,110.61214524872449,50176,0.0,0.0,89.29777184311224
Shalakat (16),54.5,34.3847758769989,1,3,0,89,0,532,0,82,49469,9.208785076530612,50176,0.0,0.0,46.4860690369898
Shalakat (17),2.0,6.0,0,42,0,961,0,2134,0,1037,46002,74.61047114158163,50176,0.0,0.0,113.28025350765306
Shalakat (18),0.0,6.0,0,5,0,50,0,553,0,32,49536,8.2177734375,50176,0.0,0.0,62.901287468112244
Shalakat (19),59.5,37.899494647979736,0,21,0,1038,0,2353,0,1114,45650,86.13161670918367,50176,0.0,0.0,130.48828125
Shalakat (20),2.0,6.0,0,50,0,1296,0,2856,0,1435,44539,101.10859773596938,50176,0.0,0.0,117.21380739795919
Shalakat (21),0.0,0.0,1,9,0,380,0,1264,0,456,48066,31.864835778061224,50176,0.0,0.0,159.18187978316325
Shalakat (22),112.5,59.55634891986847,0,40,0,1102,0,2255,0,1157,45622,90.00418526785714,50176,0.0,0.0,103.35997289540816
Shalakat (23),1.0,8.828427076339722,0,56,0,1428,0,3463,0,1548,43681,125.1723931760204,50176,0.0,0.0,138.02505181760205
Shalakat (24),3.0,8.828427076339722,1,49,0,827,0,1630,0,891,46778,66.65696747448979,50176,0.0,0.0,98.05424904336735
Shalakat (25),49729.0,892.0,0,0,0,223,0,1148,0,223,48582,16.176359215561224,50176,0.0,0.0,172.90866151147958
Shalakat (26),49729.0,892.0,0,5,0,424,0,1524,0,429,47794,34.507533482142854,50176,0.0,0.0,183.1643614477041
Shalakat (27),0.0,0.0,2,20,0,774,0,1782,0,777,46821,69.65541294642857,50176,0.0,0.0,118.84516501913265
Shalakat (28),49729.0,892.0,0,1,0,321,0,1481,0,339,48034,28.652941645408163,50176,0.0,0.0,152.7326809630102
Shalakat (29),49729.0,892.0,0,1,0,376,0,1302,0,393,48104,25.908601721938776,50176,0.0,0.0,223.34353077168367
Shalakat (30),8.0,14.828427076339722,0,40,0,1036,0,1925,0,1033,46142,78.4017259247449,50176,0.0,0.0,105.0472337372449
Shalakat (31),51.0,34.97056245803833,0,2,0,88,0,537,0,81,49468,9.32567362882653,50176,0.0,0.0,46.49623325892857
Shalakat (32),5.0,8.828427076339722,1,21,0,352,0,744,0,298,48760,25.867944834183675,50176,0.0,0.0,22.77802136479592
Shalakat (33),0.0,4.0,0,31,0,1037,0,1893,0,1051,46164,80.09406887755102,50176,0.0,0.0,126.74276546556122
Shalakat (34),29.5,25.899494647979736,1,74,0,1176,0,2288,0,1242,45395,87.32591278698979,50176,0.0,0.0,79.26568478954081
Shalakat (35),1.5,5.414213538169861,0,34,0,815,0,1820,0,838,46669,66.6976243622449,50176,0.0,0.0,89.80598294005102
Shalakat (36),2.0,6.0,0,40,0,702,0,2017,0,791,46626,56.635044642857146,50176,0.0,0.0,190.23357780612244
Shalakat (37),4.0,8.828427076339722,1,45,0,1222,0,2142,0,1261,45505,93.63789461096938,50176,0.0,0.0,79.61126833545919
Shalakat (38),2.0,8.828427076339722,0,23,0,781,0,1416,0,816,47140,59.38954878826531,50176,0.0,0.0,104.86427774234694
Shalakat (39),0.5,3.414213538169861,0,28,0,403,0,1219,0,451,48075,35.78314333545919,50176,0.0,0.0,89.49597417091837
Shalakat (40),13.5,15.41421353816986,0,27,0,1151,0,1913,0,1159,45926,88.78447863520408,50176,0.0,0.0,113.78338249362245
Shalakat (41),0.5,3.414213538169861,0,25,0,835,0,1894,0,849,46573,59.82152822066327,50176,0.0,0.0,208.24966119260205
Shalakat (42),0.0,0.0,1,28,0,854,0,2310,0,892,46091,70.58543925382654,50176,0.0,0.0,159.86288265306123
Shalakat (43),18.0,28.485281229019165,1,37,0,1026,0,1907,0,994,46211,77.97482860331633,50176,0.0,0.0,103.17701690051021
Shalakat (44),23.5,22.242640614509583,0,53,0,1400,0,3121,0,1809,43793,116.95970184948979,50176,0.0,0.0,149.60718271683675
Shallaki (1),45.0,31.313708066940308,0,11,0,315,0,1343,0,305,48202,28.0989915497449,50176,0.0,0.0,150.41015625
Shallaki (11),456.0,99.4558436870575,0,16,0,618,0,1679,0,606,47257,52.27459343112245,50176,0.0,0.0,147.8792649872449
Shallaki (12),1636.0,219.33809340000153,0,9,0,390,0,836,0,375,48566,29.75067761479592,50176,0.0,0.0,50.41962292729592
Shallaki (13),49729.0,892.0,0,13,0,249,0,1297,0,251,48366,21.172074298469386,50176,0.0,0.0,215.64413265306123
Shallaki (14),6.0,10.828427076339722,0,26,0,605,0,1802,0,591,47152,48.73744419642857,50176,0.0,0.0,211.6750039859694
Shallaki (15),114.5,79.55634891986847,0,38,0,1091,0,2369,0,1172,45506,86.63982780612245,50176,0.0,0.0,119.76502710459184
Shallaki (16),12.0,18.82842707633972,0,32,0,893,0,1591,0,902,46758,68.69489397321429,50176,0.0,0.0,61.3410794005102
Shallaki (17),136.5,93.55634891986847,0,25,0,976,0,2325,0,1018,45832,80.83097496811224,50176,0.0,0.0,120.9389947385204
Shallaki (18),12.0,20.485281229019165,1,54,0,1783,0,3063,0,2034,43241,134.5895448022959,50176,0.0,0.0,145.91757015306123
Shallaki (19),0.0,0.0,1,69,0,1471,0,2816,0,1605,44214,113.98666693239795,50176,0.0,0.0,106.60235969387755
Shallaki (20),0.0,2.0,0,43,0,1078,0,1912,0,1110,46033,81.46115672831633,50176,0.0,0.0,84.59681919642857
Shallaki (21),49700.5,903.0710676908493,0,18,0,543,0,1772,0,582,47261,43.64008689413265,50176,0.0,0.0,180.06427375637756
Shallaki (22),3.5,9.41421353816986,0,51,0,892,0,1710,0,978,46545,69.27425462372449,50176,0.0,0.0,72.93337452168367
Shallaki (23),73.0,47.79898953437805,0,83,0,1702,0,3313,0,1860,43218,132.18062420280611,50176,0.0,0.0,124.25253109056122
Shallaki (24),8.0,12.828427076339722,0,19,0,911,0,1985,0,1017,46244,75.0424505739796,50176,0.0,0.0,188.78009406887756
Shallaki (25),41660.5,2415.0306462049484,0,41,0,770,0,2164,0,848,46353,59.39971301020408,50176,0.0,0.0,208.4326171875
Shallaki (26),16.0,18.485281109809875,0,67,0,837,0,2016,0,816,46440,64.14132254464286,50176,0.0,0.0,144.00161431760205
Shallaki (27),49729.0,892.0,0,34,0,628,0,1973,0,639,46902,50.60257892219388,50176,0.0,0.0,196.96229272959184
Shallaki (28),0.0,0.0,1,67,0,1069,0,2816,0,1355,44868,96.29075653698979,50176,0.0,0.0,152.6107102997449
Shallaki (29),1.5,5.414213538169861,0,96,0,2056,0,3415,0,2297,42312,151.05050223214286,50176,0.0,0.0,143.70685188137756
Shallaki (30),0.0,0.0,3,55,0,1202,0,2393,0,1255,45268,99.84315210459184,50176,0.0,0.0,118.47417091836735
Shallaki (31),1.5,5.414213538169861,0,96,0,2056,0,3415,0,2297,42312,151.05050223214286,50176,0.0,0.0,143.70685188137756
Shallaki (32),0.0,0.0,1,93,0,1520,0,3050,0,1637,43875,121.87410315688776,50176,0.0,0.0,118.75876913265306
Shallaki (33),0.0,0.0,1,67,0,1069,0,2816,0,1355,44868,96.29075653698979,50176,0.0,0.0,152.6107102997449
Shallaki (34),2.0,6.0,1,80,0,1100,0,2789,0,1366,44840,97.72899394132654,50176,0.0,0.0,154.2776426977041
Shallaki (35),212.0,83.79898953437805,0,35,0,974,0,1954,0,975,46238,80.0584941007653,50176,0.0,0.0,58.26640226403061
Shallaki (36),114.5,79.55634891986847,0,38,0,1091,0,2369,0,1172,45506,86.63982780612245,50176,0.0,0.0,119.76502710459184
Shallaki (37),0.0,0.0,1,93,0,1520,0,3050,0,1637,43875,121.87410315688776,50176,0.0,0.0,118.75876913265306
Shallaki (38),3.0,8.0,0,68,0,1126,0,2159,0,1247,45576,84.58665497448979,50176,0.0,0.0,89.89237882653062
Shallaki (39),308.5,129.8406195640564,1,10,0,256,0,639,0,235,49035,20.846819196428573,50176,0.0,0.0,31.026287468112244
Shallaki (40),8.0,18.82842707633972,1,36,0,1014,0,1786,0,1008,46331,79.01666135204081,50176,0.0,0.0,72.64877630739795
Shallaki (41),136.5,93.55634891986847,0,25,0,976,0,2325,0,1018,45832,80.83097496811224,50176,0.0,0.0,120.9389947385204
Shallaki (42),0.0,0.0,2,45,0,1339,0,2615,0,1461,44714,107.42057955994898,50176,0.0,0.0,149.74948182397958
Shallaki (43),46338.0,1444.156415104866,0,14,0,506,0,1889,0,601,47166,43.13695790816327,50176,0.0,0.0,224.59373007015307
Shallaki (44),99.0,54.284271001815796,0,26,0,708,0,1892,0,714,46836,57.864915497448976,50176,0.0,0.0,155.41095344387756
Shyonaka (1),49729.0,892.0,0,6,0,250,0,1368,0,278,48274,22.971141581632654,50176,0.0,0.0,202.9591836734694
Shyonaka (11),46607.0,864.0,0,2,0,285,0,1321,0,290,48278,29.25263073979592,50176,0.0,0.0,185.86296237244898
Shyonaka (12),49729.0,892.0,0,12,0,460,0,1579,0,471,47654,35.43247767857143,50176,0.0,0.0,223.01319355867346
Shyonaka (13),49729.0,892.0,0,2,0,261,0,1367,0,302,48244,23.016880580357142,50176,0.0,0.0,216.58432318239795
Shyonaka (14),49729.0,892.0,0,3,0,514,0,1645,0,528,47486,42.608418367346935,50176,0.0,0.0,153.3171237244898
Shyonaka (15),0.0,0.0,1,19,0,811,0,1592,0,849,46904,66.85008769132654,50176,0.0,0.0,130.63566246811226
Shyonaka (16),49729.0,892.0,0,6,0,250,0,1368,0,278,48274,22.971141581632654,50176,0.0,0.0,202.9591836734694
Shyonaka (17),49729.0,892.0,0,6,0,250,0,1368,0,278,48274,22.971141581632654,50176,0.0,0.0,202.9591836734694
Shyonaka (18),3486.0,488.2842706441879,0,10,0,289,0,1100,0,239,48538,29.532146843112244,50176,0.0,0.0,41.53609295280612
Shyonaka (19),49729.0,892.0,0,2,0,190,0,1265,0,225,48494,17.52311862244898,50176,0.0,0.0,209.7183912627551
Shyonaka (20),3345.0,476.0,0,0,0,10,0,480,0,2,49684,5.966398278061225,50176,0.0,0.0,18.31084582270408
Shyonaka (21),49729.0,892.0,0,2,0,180,0,1261,0,209,48524,17.1826171875,50176,0.0,0.0,209.76921237244898
Shyonaka (22),49729.0,892.0,0,7,0,348,0,1568,0,429,47824,31.041533801020407,50176,0.0,0.0,200.0928730867347
Shyonaka (23),0.0,0.0,1,19,0,811,0,1592,0,849,46904,66.85008769132654,50176,0.0,0.0,130.63566246811226
Shyonaka (24),46607.0,864.0,0,12,0,569,0,1599,0,573,47423,48.73744419642857,50176,0.0,0.0,160.85389429209184
Shyonaka (25),4.0,8.828427076339722,1,56,0,1322,0,2406,0,1378,45013,105.14887595663265,50176,0.0,0.0,103.20750956632654
Shyonaka (26),49729.0,892.0,0,10,0,360,0,1531,0,394,47881,30.909398915816325,50176,0.0,0.0,199.5948262117347
Shyonaka (27),675.0,147.74011421203613,0,14,0,690,0,1524,0,668,47280,55.887974330357146,50176,0.0,0.0,99.3196946747449
Shyonaka (28),94.0,39.65685415267944,0,42,0,991,0,1674,0,1017,46452,77.04988440688776,50176,0.0,0.0,111.65906010841837
Shyonaka (29),46607.0,864.0,0,12,0,569,0,1599,0,573,47423,48.73744419642857,50176,0.0,0.0,160.85389429209184
Shyonaka (30),49729.0,892.0,0,10,0,360,0,1531,0,394,47881,30.909398915816325,50176,0.0,0.0,199.5948262117347
Shyonaka (31),0.0,2.0,0,45,0,1154,0,2453,0,1313,45211,91.13241390306122,50176,0.0,0.0,153.92189492984693
Shyonaka (32),3.5,12.242640614509583,3,49,0,1324,0,2399,0,1460,44941,96.84978874362245,50176,0.0,0.0,104.27475286989795
Shyonaka (33),6.0,10.828427076339722,0,41,0,1003,0,1985,0,1144,46003,77.89859693877551,50176,0.0,0.0,103.57342155612245
Shyonaka (34),124.5,84.18376505374908,0,7,0,494,0,1507,0,504,47664,44.80897241709184,50176,0.0,0.0,106.02299904336735
Shyonaka (35),0.0,2.0,0,45,0,1154,0,2453,0,1313,45211,91.13241390306122,50176,0.0,0.0,153.92189492984693
Shyonaka (36),46607.0,864.0,0,2,0,285,0,1321,0,290,48278,29.25263073979592,50176,0.0,0.0,185.86296237244898
Shyonaka (37),0.0,0.0,1,19,0,811,0,1592,0,849,46904,66.85008769132654,50176,0.0,0.0,130.63566246811226
Shyonaka (38),2.0,6.828427076339722,1,74,0,1313,0,2604,0,1428,44756,99.31461256377551,50176,0.0,0.0,152.24988042091837
Shyonaka (39),49729.0,892.0,0,11,0,376,0,1577,0,422,47790,33.7858737244898,50176,0.0,0.0,199.22891422193877
Shyonaka (40),49729.0,892.0,0,7,0,371,0,1616,0,388,47794,34.19244260204081,50176,0.0,0.0,212.27469308035714
Shyonaka (41),46824.0,866.8284270763397,0,11,0,652,0,1669,0,640,47204,53.509546396683675,50176,0.0,0.0,163.857421875
Shyonaka (42),0.0,0.0,2,49,0,795,0,1455,0,803,47072,60.472038424744895,50176,0.0,0.0,50.643235809948976
Shyonaka (43),0.0,0.0,1,42,0,816,0,1474,0,749,47094,60.411053093112244,50176,0.0,0.0,83.68712133290816
Shyonaka (44),89.0,37.65685415267944,0,41,0,1019,0,1750,0,1074,46292,79.68241788903062,50176,0.0,0.0,110.39361447704081
Suraal (1),0.0,4.0,0,188,0,1937,0,3076,0,1778,43197,131.74356265943877,50176,0.0,0.0,94.66448102678571
Suraal (10),0.5,3.414213538169861,0,120,0,1711,0,2863,0,1602,43880,118.67745535714286,50176,0.0,0.0,91.27979512117346
Suraal (2),1045.5,232.95331740379333,0,19,0,510,0,2036,0,570,47041,52.53378109056123,50176,0.0,0.0,67.43961256377551
Suraal (28),5.5,14.242640614509583,0,21,0,947,0,2158,0,1102,45948,76.63823341836735,50176,0.0,0.0,141.3284239477041
Suraal (29),22.0,21.656854152679443,0,7,0,630,0,1028,0,617,47894,48.30038265306123,50176,0.0,0.0,116.92412707270408
Suraal (3),12.0,18.82842707633972,0,66,0,1536,0,3111,0,1712,43751,121.33539939413265,50176,0.0,0.0,159.7053372130102
Suraal (30),18.0,18.82842707633972,1,71,0,1460,0,2768,0,1545,44331,111.75562021683673,50176,0.0,0.0,122.00115593112245
Suraal (31),55.0,47.79898953437805,0,75,0,1438,0,2633,0,1494,44536,111.06953523596938,50176,0.0,0.0,134.90971779336735
Suraal (32),239.5,65.21320307254791,0,38,0,1117,0,2024,0,1131,45866,86.47720025510205,50176,0.0,0.0,120.37996253188776
Suraal (33),0.0,6.0,2,28,0,879,0,1857,0,916,46494,69.46737484056122,50176,0.0,0.0,138.8381895727041
Suraal (34),0.5,3.414213538169861,0,120,0,1711,0,2863,0,1602,43880,118.67745535714286,50176,0.0,0.0,91.27979512117346
Suraal (35),27.5,25.071067690849304,0,29,0,680,0,1328,0,646,47493,51.11587213010204,50176,0.0,0.0,69.50294961734694
Suraal (36),27.5,25.071067690849304,0,29,0,680,0,1328,0,646,47493,51.11587213010204,50176,0.0,0.0,69.50294961734694
Suraal (37),10.0,14.828427076339722,0,51,0,923,0,1628,0,903,46671,71.4290696747449,50176,0.0,0.0,82.0506816007653
Suraal (38),0.0,2.0,1,38,0,823,0,1498,0,789,47027,60.55843431122449,50176,0.0,0.0,46.00835060586735
Suraal (39),12.5,17.41421353816986,1,48,0,871,0,1622,0,861,46773,64.59363042091837,50176,0.0,0.0,66.21482382015306
Suraal (4),1.0,4.0,1,25,0,860,0,1500,0,860,46930,67.2769850127551,50176,0.0,0.0,87.39706234056122
Suraal (40),53.0,58.62741661071777,0,4,0,517,0,1105,0,524,48026,43.20810746173469,50176,0.0,0.0,153.36286272321428
Suraal (41),16.0,17.656854152679443,0,21,0,969,0,1893,0,995,46298,72.5064772002551,50176,0.0,0.0,138.9499960140306
Suraal (42),14.5,16.242640614509583,0,33,0,948,0,1889,0,962,46344,72.74533641581633,50176,0.0,0.0,118.70794802295919
Suraal (43),0.0,0.0,2,85,0,1464,0,2858,0,1570,44197,114.32208625637755,50176,0.0,0.0,128.96873007015307
Suraal (44),7.5,17.071067690849304,0,17,0,329,0,782,0,302,48746,25.913683832908163,50176,0.0,0.0,62.37274792729592
Suraal (45),33.5,38.72792184352875,1,30,0,720,0,1386,0,690,47349,54.14989237882653,50176,0.0,0.0,73.85323660714286
Suraal (46),16.0,17.656854152679443,0,21,0,969,0,1893,0,995,46298,72.5064772002551,50176,0.0,0.0,138.9499960140306
Suraal (47),0.0,0.0,2,85,0,1464,0,2858,0,1570,44197,114.32208625637755,50176,0.0,0.0,128.96873007015307
Suraal (48),154.0,53.455843806266785,0,11,0,228,0,762,0,271,48904,19.64744100765306,50176,0.0,0.0,43.26401068239796
Suraal (49),0.0,4.0,0,188,0,1937,0,3076,0,1778,43197,131.74356265943877,50176,0.0,0.0,94.66448102678571
Suraal (5),55.0,47.79898953437805,0,75,0,1438,0,2633,0,1494,44536,111.06953523596938,50176,0.0,0.0,134.90971779336735
Suraal (50),44.5,32.38477575778961,1,17,0,610,0,1334,0,626,47588,47.0654296875,50176,0.0,0.0,127.20523756377551
Suraal (51),3727.5,327.4385986328125,0,13,0,577,0,1619,0,593,47374,50.06895727040816,50176,0.0,0.0,116.71067841198979
Suraal (52),15.0,18.485280990600586,0,9,0,419,0,858,0,414,48476,33.38438695790816,50176,0.0,0.0,52.7116549744898
Suraal (6),14.5,17.071067690849304,0,25,0,881,0,1801,0,891,46578,68.82702885841837,50176,0.0,0.0,118.31662547831633
Suraal (7),239.5,65.21320307254791,0,38,0,1117,0,2024,0,1131,45866,86.47720025510205,50176,0.0,0.0,120.37996253188776
Suraal (8),0.0,6.0,2,28,0,879,0,1857,0,916,46494,69.46737484056122,50176,0.0,0.0,138.8381895727041
Suraal (9),163.5,165.7817440032959,0,27,0,814,0,1507,0,845,46983,60.33990353954081,50176,0.0,0.0,64.8324896364796
Surali (1),7.5,17.41421353816986,0,11,0,434,0,918,0,442,48371,38.34452726403061,50176,0.0,0.0,62.02208227040816
Surali (10),1485.0,173.5979789495468,0,1,0,340,0,938,0,299,48598,28.942621970663264,50176,0.0,0.0,77.81220105229592
Surali (11),135.5,56.38477599620819,0,30,0,904,0,1876,0,1029,46337,76.05887276785714,50176,0.0,0.0,133.67476482780611
Surali (12),126.5,47.21320307254791,0,9,0,632,0,1167,0,680,47688,52.48295998086735,50176,0.0,0.0,91.37635522959184
Surali (13),11.5,14.242640614509583,0,30,0,730,0,2274,0,799,46343,70.79888791454081,50176,0.0,0.0,124.1407246492347
Surali (14),1.5,5.414213538169861,0,29,0,1392,0,2551,0,1406,44798,114.32716836734694,50176,0.0,0.0,96.4127272002551
Surali (15),4.5,10.242640614509583,0,13,0,602,0,1740,0,631,47190,54.66826769770408,50176,0.0,0.0,164.07595264668367
Surali (16),238.0,178.9116871356964,0,60,0,1171,0,2585,0,1242,45118,100.28529575892857,50176,0.0,0.0,100.55972975127551
Surali (17),0.0,0.0,0,0,0,0,0,0,0,0,50176,0.0,50176,0.0,0.0,0.0
Surali (18),369.5,202.81118190288544,0,0,0,45,0,134,0,33,49964,5.016043526785714,50176,0.0,0.0,2.3530173788265305
Surali (19),7.5,17.41421353816986,0,11,0,434,0,918,0,442,48371,38.34452726403061,50176,0.0,0.0,62.02208227040816
Surali (2),33204.0,1195.920915722847,0,7,0,500,0,1250,0,525,47894,42.623664700255105,50176,0.0,0.0,178.39734135841837
Surali (20),49.5,68.18376541137695,0,18,0,588,0,1379,0,608,47583,45.76440927933673,50176,0.0,0.0,86.62966358418367
Surali (21),289.0,210.1421353816986,0,1,0,103,0,848,0,96,49128,18.06182238520408,50176,0.0,0.0,40.631477200255105
Surali (22),33191.0,1193.1513617038727,0,6,0,466,0,1277,0,491,47936,41.76987005739796,50176,0.0,0.0,178.53455835459184
Surali (23),22.0,41.65685415267944,0,2,0,26,0,120,0,9,50019,3.7353515625,50176,0.0,0.0,1.6364397321428572
Surali (24),872.0,174.56854116916656,0,5,0,298,0,1325,0,316,48232,28.932457748724488,50176,0.0,0.0,184.73981584821428
Surali (25),46.0,34.485281229019165,0,21,0,830,0,1936,0,851,46538,68.61866230867346,50176,0.0,0.0,142.6497727997449
Surali (26),1.5,5.414213538169861,1,71,0,1185,0,2391,0,1364,45164,92.70278619260205,50176,0.0,0.0,85.01355229591837
Surali (27),1023.5,240.4680359363556,0,21,0,737,0,1738,0,767,46913,63.16555723852041,50176,0.0,0.0,116.15164620535714
Surali (28),0.0,2.0,0,65,0,957,0,2469,0,968,45717,93.72937260841837,50176,0.0,0.0,77.9036790497449
Surali (29),1884.0,213.74011433124542,0,7,0,579,0,1443,0,603,47544,53.46380739795919,50176,0.0,0.0,90.07533482142857
Surali (3),3.5,8.242640614509583,0,15,0,354,0,1322,0,371,48114,30.5892259247449,50176,0.0,0.0,184.45521763392858
Surali (30),11.5,16.242640614509583,0,30,0,688,0,1440,0,660,47358,51.324238679846935,50176,0.0,0.0,68.71522241709184
Surali (31),3.0,6.828427076339722,0,42,0,1138,0,1960,0,1207,45829,86.21801259566327,50176,0.0,0.0,87.45296556122449
Surali (32),182.5,63.55634903907776,0,21,0,1118,0,2062,0,1154,45821,88.92169563137755,50176,0.0,0.0,102.10977359693878
Surali (33),872.0,174.56854116916656,0,5,0,298,0,1325,0,316,48232,28.932457748724488,50176,0.0,0.0,184.73981584821428
Surali (34),32696.0,1280.0975391864777,0,7,0,222,0,950,0,218,48779,21.675203284438776,50176,0.0,0.0,169.17839205994898
Surali (35),8.5,19.41421353816986,0,4,0,25,0,105,0,10,50032,3.572724011479592,50176,0.0,0.0,1.5856186224489797
Surali (4),8.0,11.656854152679443,0,12,0,771,0,1697,0,800,46896,60.24842554209184,50176,0.0,0.0,117.35610650510205
Surali (5),49714.5,891.4142135381699,0,11,0,286,0,1457,0,328,48094,27.174047353316325,50176,0.0,0.0,205.58663504464286
Surali (6),3399.5,477.41421353816986,0,13,0,397,0,1261,0,411,48094,37.71434550382653,50176,0.0,0.0,89.00300940688776
Surali (7),19.0,29.313708305358887,0,23,0,986,0,1796,0,1029,46342,78.86928013392857,50176,0.0,0.0,129.48202327806123
Surali (8),286.0,69.45584344863892,0,9,0,542,0,1170,0,555,47900,44.77339764030612,50176,0.0,0.0,151.59937021683675
Surali (9),0.0,0.0,1,36,0,1484,0,2597,0,1493,44565,118.22006536989795,50176,0.0,0.0,98.29310825892857
Talisfur (1),2.5,7.414213538169861,0,9,0,127,0,163,0,75,49802,7.282665019132653,50176,0.0,0.0,3.633709343112245
Talisfur (11),5.5,13.41421353816986,0,40,0,965,0,1818,0,964,46389,77.51743861607143,50176,0.0,0.0,120.8983378507653
Talisfur (12),0.0,6.0,0,53,0,1225,0,2209,0,1256,45433,95.18285634566327,50176,0.0,0.0,134.16264748086735
Talisfur (13),2.5,7.414213538169861,1,16,0,136,0,186,0,76,49761,8.7158203125,50176,0.0,0.0,4.14192044005102
Talisfur (14),144.5,66.38477599620819,0,6,0,768,0,1594,0,808,47000,64.48690609056122,50176,0.0,0.0,97.61210538903062
Talisfur (15),4.0,8.0,1,28,0,393,0,640,0,336,48778,26.335499043367346,50176,0.0,0.0,22.523915816326532
Talisfur (16),11.0,17.656854152679443,0,34,0,914,0,2147,0,979,46102,73.8735650510204,50176,0.0,0.0,174.45870535714286
Talisfur (17),75.5,40.72792172431946,0,24,0,929,0,1612,0,914,46697,71.30201690051021,50176,0.0,0.0,89.45531728316327
Talisfur (18),1.5,5.414213538169861,0,24,0,987,0,1808,0,982,46375,76.15035076530613,50176,0.0,0.0,119.21615911989795
Talisfur (19),3.5,7.414213538169861,0,44,0,906,0,1748,0,932,46546,70.04673549107143,50176,0.0,0.0,80.16013632015306
Talisfur (2),0.0,2.0,0,41,0,1241,0,2595,0,1347,44952,105.31658561862245,50176,0.0,0.0,142.65485491071428
Talisfur (20),0.0,0.0,1,82,0,1274,0,3036,0,1538,44245,107.85255899234694,50176,0.0,0.0,156.86951929209184
Talisfur (21),22370.0,934.2741650342941,0,4,0,160,0,730,0,162,49120,15.093869579081632,50176,0.0,0.0,115.77048788265306
Talisfur (22),14.0,14.828427076339722,1,11,0,526,0,861,0,497,48280,39.35586734693877,50176,0.0,0.0,49.12368463010204
Talisfur (23),24.0,20.485281109809875,0,5,0,167,0,369,0,141,49494,13.08643574617347,50176,0.0,0.0,12.466418207908163
Talisfur (24),17.0,27.656854152679443,0,18,0,523,0,1054,0,511,48070,42.28316326530612,50176,0.0,0.0,50.48569036989796
Talisfur (25),0.5,3.414213538169861,0,21,0,700,0,1329,0,692,47434,57.11276307397959,50176,0.0,0.0,58.368044483418366
Talisfur (26),0.0,0.0,2,127,0,1700,0,3318,0,1955,43074,130.87452168367346,50176,0.0,0.0,117.64578683035714
Talisfur (27),335.5,79.35533833503723,1,14,0,727,0,1440,0,679,47315,60.70073341836735,50176,0.0,0.0,60.238261320153065
Talisfur (28),11.5,14.242640614509583,0,21,0,1117,0,2031,0,1105,45902,88.72857541454081,50176,0.0,0.0,106.47022480867346
Talisfur (29),0.0,0.0,2,29,0,624,0,1388,0,699,47434,47.599051339285715,50176,0.0,0.0,87.82904177295919
Talisfur (3),31.5,24.727921962738037,1,41,0,1314,0,2642,0,1358,44820,108.99095184948979,50176,0.0,0.0,145.45001594387756
Talisfur (30),443.5,90.5269113779068,0,55,0,1554,0,2994,0,1599,43974,124.74549585459184,50176,0.0,0.0,135.28071189413265
Talisfur (31),2.0,6.828427076339722,0,23,0,744,0,1595,0,760,47054,63.68393255739796,50176,0.0,0.0,139.89018654336735
Talisfur (32),850.0,239.82337403297424,0,16,0,877,0,1729,0,924,46630,71.37316645408163,50176,0.0,0.0,136.9679727359694
Talisfur (33),9.5,15.071067571640015,0,16,0,695,0,1311,0,758,47396,52.85395408163265,50176,0.0,0.0,114.35766103316327
Talisfur (34),49715.5,891.4142135381699,0,3,0,407,0,1538,0,444,47784,34.56851881377551,50176,0.0,0.0,167.32850366709184
Talisfur (35),1.5,5.414213538169861,0,37,0,1198,0,2454,0,1244,45243,101.85566804846938,50176,0.0,0.0,127.30687978316327
Talisfur (36),0.0,2.0,0,35,0,727,0,1444,0,774,47196,61.544363839285715,50176,0.0,0.0,103.3853834502551
Talisfur (37),32.5,25.071067690849304,0,26,0,993,0,1806,0,1027,46324,78.09679926658163,50176,0.0,0.0,117.05117984693878
Talisfur (38),281.0,70.6274162530899,0,25,0,852,0,2017,0,898,46384,73.59404894770408,50176,0.0,0.0,129.67514349489795
Talisfur (39),47276.0,870.0,0,0,0,485,0,1664,0,513,47514,47.405931122448976,50176,0.0,0.0,162.45475924744898
Talisfur (4),6.0,10.828427076339722,0,12,0,781,0,1735,0,868,46780,62.25077726403061,50176,0.0,0.0,148.13337053571428
Talisfur (7),22.0,20.485281109809875,0,50,0,1408,0,3176,0,1697,43845,119.15009167729592,50176,0.0,0.0,158.5466159119898
Talisfur (8),8.5,13.41421353816986,0,15,0,398,0,788,0,351,48624,30.330038265306122,50176,0.0,0.0,25.74089205994898
Tankaari (1),3453.5,517.2132030725479,0,13,0,560,0,1702,0,543,47358,51.837531887755105,50176,0.0,0.0,85.39979272959184
Tankaari (11),97.0,77.31370830535889,0,14,0,877,0,1798,0,857,46630,75.42360889668367,50176,0.0,0.0,105.06248007015306
Tankaari (12),10570.0,576.4751757383347,0,8,0,588,0,1231,0,619,47730,49.53533561862245,50176,0.0,0.0,116.39050542091837
Tankaari (13),43.0,25.313708305358887,0,7,0,375,0,527,0,357,48910,27.377331792091837,50176,0.0,0.0,26.965680803571427
Tankaari (14),0.5,3.414213538169861,1,43,0,1217,0,2351,0,1332,45232,102.52142458545919,50176,0.0,0.0,93.16017617984694
Tankaari (15),22.5,21.071067690849304,0,22,0,1064,0,2129,0,1086,45875,86.7008131377551,50176,0.0,0.0,133.90854193239795
Tankaari (16),136.5,70.38477599620819,0,7,0,466,0,1603,0,448,47652,43.51811623086735,50176,0.0,0.0,144.21506297831633
Tankaari (17),55.5,38.72792160511017,0,24,0,703,0,1758,0,767,46924,59.34380978954081,50176,0.0,0.0,141.72991071428572
Tankaari (18),20.5,19.071067571640015,0,25,0,748,0,1809,0,774,46820,62.38799426020408,50176,0.0,0.0,130.00548070790816
Tankaari (19),36.0,44.28427076339722,0,75,0,1429,0,2634,0,1623,44415,110.3580397002551,50176,0.0,0.0,122.7685546875
Tankaari (20),1.5,5.414213538169861,0,19,0,551,0,1650,0,720,47236,54.02792171556123,50176,0.0,0.0,168.03999920280611
Tankaari (21),420.0,168.36753070354462,0,24,0,825,0,1740,0,862,46725,68.5221022002551,50176,0.0,0.0,98.67934869260205
Tankaari (22),0.0,2.0,0,13,0,788,0,1409,0,780,47186,57.20932318239796,50176,0.0,0.0,144.45392219387756
Tankaari (23),65.0,41.3137081861496,0,51,0,1532,0,3010,0,1698,43885,117.63562260841837,50176,0.0,0.0,138.88901068239795
Tankaari (24),11.5,20.242640614509583,1,67,0,1309,0,2476,0,1283,45040,102.37912547831633,50176,0.0,0.0,88.82513552295919
Tankaari (25),220.0,68.97056233882904,0,10,0,334,0,669,0,320,48843,25.96450494260204,50176,0.0,0.0,68.80670041454081
Tankaari (26),43.0,25.313708305358887,0,7,0,375,0,527,0,357,48910,27.377331792091837,50176,0.0,0.0,26.965680803571427
Tankaari (27),97.0,77.31370830535889,0,14,0,877,0,1798,0,857,46630,75.42360889668367,50176,0.0,0.0,105.06248007015306
Tankaari (28),34506.0,1856.371708035469,0,5,0,653,0,1752,0,728,47038,56.121751434948976,50176,0.0,0.0,166.44929846938774
Tankaari (29),16.5,16.242640614509583,0,62,0,1546,0,2758,0,1590,44220,114.06798070790816,50176,0.0,0.0,140.42380819515307
Tankaari (30),52.0,40.97056233882904,0,4,0,365,0,1272,0,407,48128,34.11112882653061,50176,0.0,0.0,144.86049107142858
Tankaari (31),36.0,44.28427076339722,0,75,0,1429,0,2634,0,1623,44415,110.3580397002551,50176,0.0,0.0,122.7685546875
Tankaari (32),3300.5,480.3847759962082,0,29,0,844,0,2203,0,911,46189,69.48262117346938,50176,0.0,0.0,88.3626634247449
Tankaari (33),78.0,43.31370830535889,0,32,0,984,0,1909,0,1010,46241,78.64566725127551,50176,0.0,0.0,88.24577487244898
Tankaari (34),3.0,8.0,0,37,0,1215,0,2268,0,1278,45378,96.75322863520408,50176,0.0,0.0,107.73567044005102
Tankaari (35),51.5,27.899494647979736,0,15,0,602,0,1420,0,571,47568,51.72572544642857,50176,0.0,0.0,79.91619499362245
Tankaari (36),98.5,78.72792184352875,0,12,0,912,0,1879,0,893,46480,77.73088727678571,50176,0.0,0.0,105.22002551020408
Tankaari (37),49.5,28.727921724319458,0,18,0,548,0,1325,0,531,47754,48.64596619897959,50176,0.0,0.0,77.50727439413265
Tankaari (38),3728.5,513.0121924877167,0,4,0,324,0,837,0,311,48700,28.266701211734695,50176,0.0,0.0,42.191685267857146
Tankaari (39),3.0,8.828427076339722,0,28,0,892,0,1767,0,859,46630,70.29067681760205,50176,0.0,0.0,81.44591039540816
Tankaari (40),3843.5,512.183765411377,0,3,0,313,0,851,0,299,48710,28.266701211734695,50176,0.0,0.0,42.52202248086735
Tankaari (41),4.0,14.828427076339722,1,19,0,706,0,1394,0,689,47367,55.318777901785715,50176,0.0,0.0,90.81732302295919
Tankaari (42),12.0,22.14213538169861,0,38,0,1137,0,2589,0,1171,45241,94.44595025510205,50176,0.0,0.0,118.47925302933673
Tankaari (43),4437.5,626.2670258283615,0,22,0,714,0,1952,0,746,46742,63.32310267857143,50176,0.0,0.0,95.44204400510205
Tankaari (44),34506.0,1856.371708035469,0,5,0,653,0,1752,0,728,47038,56.121751434948976,50176,0.0,0.0,166.44929846938774
Tejpatta (1),49725.5,891.4142135381699,0,0,0,234,0,1510,0,236,48196,25.852698501275512,50176,0.0,0.0,172.33946508290816
Tejpatta (12),0.0,0.0,1,21,0,1072,0,1759,0,1105,46218,82.14215959821429,50176,0.0,0.0,135.15365911989795
Tejpatta (13),21242.5,1230.4579305648804,0,1,0,189,0,962,0,186,48838,16.903101084183675,50176,0.0,0.0,110.89166135204081
Tejpatta (14),73.0,47.3137081861496,0,24,0,991,0,2308,0,1023,45830,84.13434709821429,50176,0.0,0.0,115.6739277742347
Tejpatta (15),1.5,5.414213538169861,0,38,0,1112,0,2139,0,1090,45797,90.96470424107143,50176,0.0,0.0,112.9702447385204
Tejpatta (16),61.5,45.55634891986847,0,10,0,731,0,1291,0,746,47398,57.382114955357146,50176,0.0,0.0,127.86591198979592
Tejpatta (17),2.5,7.414213538169861,0,23,0,835,0,1613,0,845,46860,71.37824856505102,50176,0.0,0.0,109.58555883290816
Tejpatta (18),49729.0,892.0,0,1,0,379,0,1407,0,379,48010,29.389847735969386,50176,0.0,0.0,158.31283880739795
Tejpatta (19),9.0,13.656854152679443,0,22,0,800,0,1397,0,783,47174,64.34460698341837,50176,0.0,0.0,142.3651745854592
Tejpatta (2),49729.0,892.0,0,3,0,251,0,1833,0,259,47830,34.4465481505102,50176,0.0,0.0,175.41922433035714
Tejpatta (20),49729.0,892.0,0,2,0,293,0,1329,0,298,48254,23.596241230867346,50176,0.0,0.0,167.23194355867346
Tejpatta (21),49729.0,892.0,0,2,0,259,0,1826,0,271,47818,34.84295280612245,50176,0.0,0.0,174.78904257015307
Tejpatta (22),21242.5,1230.4579305648804,0,1,0,189,0,962,0,186,48838,16.903101084183675,50176,0.0,0.0,110.89166135204081
Tejpatta (23),49729.0,892.0,0,3,0,333,0,1294,0,332,48214,25.994997608418366,50176,0.0,0.0,140.4543008609694
Tejpatta (24),19586.0,2168.052946448326,0,3,0,452,0,1524,0,449,47748,37.460239955357146,50176,0.0,0.0,104.57459741709184
Tejpatta (25),49729.0,892.0,0,1,0,227,0,1537,0,227,48184,26.111886160714285,50176,0.0,0.0,170.33203125
Tejpatta (26),248.5,97.21320307254791,0,1,0,17,0,73,0,13,50072,2.5461375956632653,50176,0.0,0.0,1.4992227359693877
Tejpatta (27),0.0,0.0,1,21,0,1072,0,1759,0,1105,46218,82.14215959821429,50176,0.0,0.0,135.15365911989795
Tejpatta (28),46384.0,862.0,0,0,0,136,0,1036,0,136,48868,15.952746332908163,50176,0.0,0.0,210.26217713647958
Tejpatta (29),1.5,5.414213538169861,0,38,0,1112,0,2139,0,1090,45797,90.96470424107143,50176,0.0,0.0,112.9702447385204
Tejpatta (3),49729.0,892.0,0,0,0,176,0,1296,0,176,48528,17.878866390306122,50176,0.0,0.0,164.5231784119898
Tejpatta (30),2.5,12.242640614509583,0,9,0,740,0,1284,0,741,47402,58.058035714285715,50176,0.0,0.0,127.67787388392857
Tejpatta (31),49729.0,892.0,0,2,0,293,0,1329,0,298,48254,23.596241230867346,50176,0.0,0.0,167.23194355867346
Tejpatta (32),49729.0,892.0,0,1,0,322,0,1634,0,327,47892,33.00831074617347,50176,0.0,0.0,109.97688137755102
Tejpatta (33),73.0,47.3137081861496,0,24,0,991,0,2308,0,1023,45830,84.13434709821429,50176,0.0,0.0,115.6739277742347
Tejpatta (34),993.0,218.42640614509583,0,2,0,330,0,1574,0,328,47942,33.20651307397959,50176,0.0,0.0,104.73722496811224
Tejpatta (35),49729.0,892.0,0,1,0,388,0,1393,0,386,48008,29.354272959183675,50176,0.0,0.0,158.84137834821428
Tejpatta (36),49729.0,892.0,0,4,0,336,0,1309,0,338,48189,25.364815848214285,50176,0.0,0.0,140.56102519132654
Tejpatta (37),49729.0,892.0,0,1,0,172,0,1297,0,172,48534,17.802634725765305,50176,0.0,0.0,165.36172672193877
Tejpatta (38),49729.0,892.0,0,1,0,231,0,1538,0,236,48170,26.244021045918366,50176,0.0,0.0,169.89496970663265
Tejpatta (39),49729.0,892.0,0,3,0,251,0,1833,0,259,47830,34.4465481505102,50176,0.0,0.0,175.41922433035714
Tejpatta (4),49729.0,892.0,0,1,0,137,0,1087,0,137,48814,11.109494579081632,50176,0.0,0.0,215.66954320790816
Tejpatta (40),49729.0,892.0,0,1,0,232,0,1536,0,237,48170,26.233856823979593,50176,0.0,0.0,169.80349170918367
Tejpatta (5),49729.0,892.0,0,2,0,188,0,1188,0,190,48608,16.298329878826532,50176,0.0,0.0,217.75320870535714
Tejpatta (6),49729.0,892.0,0,0,0,258,0,1832,0,268,47818,34.81754225127551,50176,0.0,0.0,175.1397082270408
thangi (1),256.5,120.52691113948822,0,40,0,1150,0,2231,0,1243,45512,88.34233498086735,50176,0.0,0.0,130.64582669005102
thangi (11),32842.0,1265.1757473945618,0,13,0,433,0,1140,0,501,48089,40.250318877551024,50176,0.0,0.0,164.5231784119898
thangi (12),1402.0,311.5634890794754,0,32,0,935,0,1539,0,956,46714,74.8290019132653,50176,0.0,0.0,101.36270328443878
thangi (13),278.5,110.52691113948822,0,17,0,601,0,1343,0,605,47610,51.60883689413265,50176,0.0,0.0,87.1988600127551
thangi (14),63.5,40.72792184352875,1,22,0,475,0,849,0,402,48427,35.335917570153065,50176,0.0,0.0,25.400390625
thangi (15),33023.5,1240.1046792268753,0,7,0,434,0,1084,0,479,48172,38.705357142857146,50176,0.0,0.0,165.70222815688774
thangi (16),1385.0,274.10764479637146,0,10,0,863,0,1497,0,898,46908,71.28168845663265,50176,0.0,0.0,102.13518415178571
thangi (17),43.0,26.485281229019165,1,43,0,1006,0,1871,0,1036,46219,83.63630022321429,50176,0.0,0.0,90.95454001913265
thangi (18),21.0,18.485281229019165,0,36,0,1065,0,2191,0,1139,45745,84.13434709821429,50176,0.0,0.0,129.63956871811226
thangi (19),38.5,38.72792184352875,0,33,0,1136,0,2060,0,1192,45755,92.08276865433673,50176,0.0,0.0,110.00229193239795
thangi (20),29.5,27.071067690849304,0,34,0,893,0,2141,0,1017,46091,71.73399633290816,50176,0.0,0.0,137.78111049107142
thangi (21),2.0,6.0,0,24,0,988,0,1865,0,1007,46292,80.72933274872449,50176,0.0,0.0,76.68397241709184
thangi (22),14.0,20.485281229019165,0,22,0,718,0,1323,0,787,47326,53.15888073979592,50176,0.0,0.0,124.3490911989796
thangi (23),4.5,11.41421353816986,0,21,0,700,0,1574,0,711,47170,56.61471619897959,50176,0.0,0.0,140.47971141581633
thangi (24),1.0,4.828427076339722,1,65,0,1233,0,2181,0,1206,45490,95.10662468112245,50176,0.0,0.0,104.9659199617347
thangi (25),1.0,4.828427076339722,0,33,0,889,0,2063,0,1068,46123,73.56863839285714,50176,0.0,0.0,120.41045519770408
thangi (26),405.5,119.9827550649643,0,24,0,804,0,1661,0,859,46828,65.30512595663265,50176,0.0,0.0,120.08011798469387
thangi (27),2.0,6.828427076339722,0,23,0,886,0,1802,0,966,46499,74.55456792091837,50176,0.0,0.0,110.98313934948979
thangi (28),49703.0,890.8284270763397,0,5,0,362,0,1576,0,378,47855,33.2014309630102,50176,0.0,0.0,162.6123046875
thangi (29),1.0,4.0,0,96,0,1584,0,2562,0,1533,44401,108.85373485331633,50176,0.0,0.0,76.84659996811224
thangi (30),2212.5,280.8944422006607,0,28,0,979,0,2050,0,1103,46016,83.0874322385204,50176,0.0,0.0,152.8241589604592
thangi (31),8068.5,688.6345564126968,0,7,0,295,0,971,0,309,48594,26.594686702806122,50176,0.0,0.0,58.72379225127551
thangi (32),198.5,62.041630029678345,0,20,0,581,0,1559,0,576,47440,48.086933992346935,50176,0.0,0.0,109.83966438137755
thangi (33),45046.0,850.0,0,7,0,392,0,1398,0,395,47984,36.830058195153065,50176,0.0,0.0,146.31397480867346
thangi (34),3524.0,479.65685415267944,0,10,0,314,0,1045,0,337,48470,29.623624840561224,50176,0.0,0.0,58.052953603316325
thangi (35),5358.5,736.2914113998413,0,19,0,662,0,1561,0,648,47286,58.52558992346939,50176,0.0,0.0,72.31335698341837
thangi (36),71.5,44.72792184352875,0,4,0,127,0,796,0,112,49137,15.927335778061224,50176,0.0,0.0,30.1724928252551
thangi (37),45046.0,850.0,0,4,0,430,0,1432,0,438,47872,38.36993781887755,50176,0.0,0.0,138.50785235969389
thangi (38),19.5,20.242640614509583,1,29,0,991,0,1952,0,1063,46140,79.13863201530613,50176,0.0,0.0,90.01434948979592
thangi (39),70.0,52.14213526248932,0,20,0,718,0,1440,0,754,47244,57.59556361607143,50176,0.0,0.0,116.58870774872449
thangi (40),70.0,52.14213526248932,0,20,0,718,0,1440,0,754,47244,57.59556361607143,50176,0.0,0.0,116.58870774872449
thangi (41),256.0,119.11269772052765,0,46,0,1145,0,2228,0,1241,45516,89.64335538903062,50176,0.0,0.0,130.25958625637756
thangi (42),256.0,119.11269772052765,0,46,0,1145,0,2228,0,1241,45516,89.64335538903062,50176,0.0,0.0,130.25958625637756
thangi (43),53.0,40.97056245803833,0,31,0,716,0,1303,0,670,47456,56.64012675382653,50176,0.0,0.0,84.44943797831633
thangi (44),53.0,40.97056245803833,0,31,0,716,0,1303,0,670,47456,56.64012675382653,50176,0.0,0.0,84.44943797831633
Thuth (1),0.0,0.0,2,29,0,581,0,1089,0,563,47912,44.75306919642857,50176,0.0,0.0,173.16276705994898
Thuth (10),46384.0,862.0,0,3,0,228,0,1219,0,256,48470,23.824936224489797,50176,0.0,0.0,219.07455755739795
Thuth (2),2.5,7.414213538169861,1,75,0,1289,0,2919,0,1358,44534,98.77082669005102,50176,0.0,0.0,132.26702008928572
Thuth (20),179.5,70.87005734443665,0,26,0,1119,0,2206,0,1270,45555,93.0483697385204,50176,0.0,0.0,128.94331951530611
Thuth (21),571.0,140.08326041698456,0,11,0,746,0,1612,0,767,47040,61.0107421875,50176,0.0,0.0,161.89064492984693
Thuth (22),3763.0,546.7106767892838,0,6,0,352,0,1104,0,332,48382,30.99579480229592,50176,0.0,0.0,63.043586575255105
Thuth (23),46384.0,862.0,0,1,0,311,0,1396,0,308,48160,31.986806441326532,50176,0.0,0.0,129.98007015306123
Thuth (24),3.5,9.41421353816986,0,15,0,746,0,1424,0,752,47239,58.44935825892857,50176,0.0,0.0,158.34333147321428
Thuth (25),46384.0,862.0,0,3,0,228,0,1219,0,256,48470,23.824936224489797,50176,0.0,0.0,219.07455755739795
Thuth (26),147.0,81.4558436870575,0,45,0,806,0,1698,0,866,46761,65.79809072066327,50176,0.0,0.0,78.26450892857143
Thuth (27),669.0,206.71067643165588,0,18,0,600,0,1071,0,611,47876,48.36645009566327,50176,0.0,0.0,149.67325015943877
Thuth (28),10887.0,1129.484405875206,0,8,0,545,0,792,0,581,48250,40.118183992346935,50176,0.0,0.0,55.84731744260204
Thuth (29),476.5,171.43859934806824,0,23,0,768,0,1518,0,796,47071,59.94349888392857,50176,0.0,0.0,68.95408163265306
Thuth (3),2.5,7.414213538169861,0,46,0,1098,0,2178,0,1102,45752,89.2367865114796,50176,0.0,0.0,113.8443678252551
Thuth (30),210.0,86.7695517539978,0,26,0,1101,0,2173,0,1182,45694,88.80988919005102,50176,0.0,0.0,143.32569355867346
Thuth (31),6952.0,698.1909050941467,0,0,0,247,0,1066,0,239,48624,20.729930644132654,50176,0.0,0.0,86.7872090242347
Thuth (32),1.5,5.414213538169861,0,43,0,1273,0,2242,0,1381,45237,98.88771524234694,50176,0.0,0.0,125.19780373086735
Thuth (33),49729.0,892.0,0,7,0,472,0,1711,0,546,47440,40.062280771683675,50176,0.0,0.0,163.57790577168367
Thuth (34),816.0,182.8528118133545,0,13,0,650,0,1381,0,696,47436,52.950514190051024,50176,0.0,0.0,170.9977877869898
Thuth (35),49729.0,892.0,0,7,0,472,0,1711,0,546,47440,40.062280771683675,50176,0.0,0.0,163.57790577168367
Thuth (36),40.0,38.284270882606506,0,13,0,777,0,1452,0,831,47103,59.862185108418366,50176,0.0,0.0,155.15176578443877
Thuth (37),25456.0,2071.2001321315765,0,8,0,381,0,1509,0,380,47898,33.221759406887756,50176,0.0,0.0,134.21346859056123
Thuth (38),0.5,3.414213538169861,0,67,0,1282,0,2665,0,1487,44675,100.07184709821429,50176,0.0,0.0,122.87527901785714
Thuth (39),2.5,7.414213538169861,0,46,0,1098,0,2178,0,1102,45752,89.2367865114796,50176,0.0,0.0,113.8443678252551
Thuth (4),3.0,8.0,0,21,0,837,0,1883,0,879,46556,71.43923389668367,50176,0.0,0.0,93.59723772321429
Thuth (40),133.0,77.25483286380768,0,10,0,355,0,513,0,336,48962,27.280771683673468,50176,0.0,0.0,143.73734454719389
Thuth (41),133.0,77.25483286380768,0,10,0,355,0,513,0,336,48962,27.280771683673468,50176,0.0,0.0,143.73734454719389
Thuth (42),20.0,25.313708186149597,1,56,0,1079,0,1919,0,1134,45987,80.75474330357143,50176,0.0,0.0,109.54490194515306
Thuth (43),0.0,0.0,2,29,0,581,0,1089,0,563,47912,44.75306919642857,50176,0.0,0.0,173.16276705994898
Thuth (44),0.5,3.414213538169861,0,30,0,594,0,1036,0,574,47942,45.291772959183675,50176,0.0,0.0,175.32774633290816
Thuth (5),18.0,28.14213538169861,1,26,0,458,0,1043,0,449,48199,40.10801977040816,50176,0.0,0.0,173.3253946109694
Thuth (6),125.5,78.18376541137695,0,6,0,344,0,479,0,319,49028,26.925023915816325,50176,0.0,0.0,143.27995455994898
Thuth (7),49729.0,892.0,0,10,0,609,0,1883,0,636,47038,49.60648517219388,50176,0.0,0.0,159.8679647640306
Thuth (8),125.5,78.18376541137695,0,6,0,344,0,479,0,319,49028,26.925023915816325,50176,0.0,0.0,143.27995455994898
Thuth (9),816.0,182.8528118133545,0,13,0,650,0,1381,0,696,47436,52.950514190051024,50176,0.0,0.0,170.9977877869898
Todri lila (1),5.5,10.242640614509583,0,6,0,196,0,595,0,161,49218,17.518036511479593,50176,0.0,0.0,20.181062659438776
Todri lila (11),0.0,0.0,1,28,0,595,0,1839,0,659,47054,54.84614158163265,50176,0.0,0.0,118.92139668367346
Todri lila (12),19.0,17.656854152679443,1,34,0,514,0,1303,0,550,47774,43.14204001913265,50176,0.0,0.0,79.24027423469387
Todri lila (13),591.0,114.62741661071777,0,14,0,919,0,1691,0,972,46580,73.84307238520408,50176,0.0,0.0,142.04500159438774
Todri lila (14),0.0,2.0,2,40,0,964,0,1916,0,968,46286,80.71408641581633,50176,0.0,0.0,64.3344427614796
Todri lila (15),2.5,7.414213538169861,0,24,0,564,0,1701,0,608,47279,45.75932716836735,50176,0.0,0.0,107.24778778698979
Todri lila (16),0.0,0.0,1,9,0,802,0,1754,0,823,46787,65.1577447385204,50176,0.0,0.0,151.10640545280611
Todri lila (17),38898.5,1336.658941268921,0,15,0,378,0,1508,0,407,47868,35.361328125,50176,0.0,0.0,188.27696508290816
Todri lila (18),0.0,0.0,1,50,0,1324,0,2676,0,1544,44581,102.95848612882654,50176,0.0,0.0,168.1365593112245
Todri lila (19),3565.0,523.882249712944,0,23,0,389,0,957,0,333,48474,29.527064732142858,50176,0.0,0.0,35.401985012755105
Todri lila (20),4.0,10.0,0,54,0,1095,0,2519,0,1166,45342,94.26299426020408,50176,0.0,0.0,86.65507413903062
Todri lila (21),14.0,14.828427076339722,0,18,0,759,0,1507,0,810,47082,62.09323182397959,50176,0.0,0.0,126.90031090561224
Todri lila (22),12.0,15.656854152679443,0,31,0,1149,0,2001,0,1151,45844,89.36892139668367,50176,0.0,0.0,81.95412149234694
Todri lila (23),483.0,127.25483298301697,0,6,0,348,0,1466,0,362,47994,29.5931321747449,50176,0.0,0.0,197.98379703443877
Todri lila (24),43594.0,1504.9015823602676,0,3,0,220,0,1358,0,230,48365,20.94337930484694,50176,0.0,0.0,224.10584741709184
Todri lila (25),0.0,2.0,1,15,0,346,0,859,0,354,48601,27.1842115752551,50176,0.0,0.0,69.90951849489795
Todri lila (26),0.0,2.0,2,40,0,964,0,1916,0,968,46286,80.71408641581633,50176,0.0,0.0,64.3344427614796
Todri lila (27),11.5,15.071067690849304,0,34,0,716,0,1910,0,725,46791,58.01737882653061,50176,0.0,0.0,130.02072704081633
Todri lila (28),14.5,16.242640614509583,0,67,0,1485,0,2739,0,1567,44318,114.04257015306122,50176,0.0,0.0,91.17307079081633
Todri lila (29),267.0,131.4558435678482,0,5,0,126,0,612,0,113,49320,13.670878507653061,50176,0.0,0.0,22.554408482142858
Todri lila (30),1.5,5.414213538169861,0,24,0,567,0,1424,0,615,47546,47.55331234056123,50176,0.0,0.0,121.95033482142857
Todri lila (31),545.5,150.6690467596054,0,13,0,408,0,1195,0,364,48196,35.48329878826531,50176,0.0,0.0,52.16278698979592
Todri lila (32),167.5,85.35533857345581,0,11,0,230,0,740,0,219,48976,18.981684470663264,50176,0.0,0.0,32.911750637755105
Todri lila (33),1.5,5.414213538169861,0,31,0,480,0,1259,0,445,47961,38.78158880739796,50176,0.0,0.0,46.526725924744895
Todri lila (34),4012.5,621.1787127256393,1,81,0,1348,0,3335,0,1459,43952,112.6805644132653,50176,0.0,0.0,109.2348931760204
Todri lila (35),0.0,4.0,0,32,0,446,0,1493,0,449,47756,36.499720982142854,50176,0.0,0.0,134.37609614158163
Todri lila (36),34328.0,2111.650922894478,0,17,0,469,0,1457,0,473,47760,36.006756218112244,50176,0.0,0.0,179.11900111607142
Todri lila (37),0.5,3.414213538169861,0,39,0,933,0,1809,0,930,46465,72.75041852678571,50176,0.0,0.0,105.89086415816327
Todri lila (38),9.0,12.828427076339722,0,17,0,897,0,1505,0,1001,46756,66.91107302295919,50176,0.0,0.0,64.47674186862245
Todri lila (39),3354.5,479.899494767189,0,20,0,315,0,1279,0,335,48227,30.751853475765305,50176,0.0,0.0,85.90800382653062
Todri lila (40),6.5,12.242640614509583,0,15,0,731,0,1487,0,736,47207,57.45834661989796,50176,0.0,0.0,80.37866709183673
Todri lila (41),6.5,12.242640614509583,0,15,0,731,0,1487,0,736,47207,57.45834661989796,50176,0.0,0.0,80.37866709183673
Todri lila (42),4077.0,698.0487703084946,0,29,0,645,0,1908,0,702,46892,56.741768973214285,50176,0.0,0.0,82.65037069515306
Todri lila (43),0.5,3.414213538169861,0,20,0,434,0,1455,0,427,47840,36.748744419642854,50176,0.0,0.0,177.23353794642858
Todri lila (44),34328.0,2111.650922894478,0,17,0,469,0,1457,0,473,47760,36.006756218112244,50176,0.0,0.0,179.11900111607142
Tohlab (1),0.0,2.0,0,94,0,1509,0,2481,0,1450,44642,109.92606026785714,50176,0.0,0.0,104.45770886479592
Tohlab (11),36.5,25.071067690849304,0,16,0,631,0,1192,0,611,47726,50.78553491709184,50176,0.0,0.0,108.71143574617346
Tohlab (12),51.0,30.485281229019165,0,17,0,730,0,1454,0,772,47203,62.80980947066327,50176,0.0,0.0,140.12904575892858
Tohlab (13),1.5,5.414213538169861,0,58,0,1497,0,2909,0,1473,44239,120.35455197704081,50176,0.0,0.0,126.97654257015306
Tohlab (14),30160.5,1046.388952255249,0,1,0,435,0,701,0,459,48580,35.85429288903061,50176,0.0,0.0,152.96645806760205
Tohlab (15),4.0,10.828427076339722,0,30,0,941,0,1789,0,970,46446,77.66990194515306,50176,0.0,0.0,132.86670918367346
Tohlab (16),87.5,44.3847758769989,0,7,0,160,0,174,0,130,49705,10.169304049744898,50176,0.0,0.0,5.5649115114795915
Tohlab (17),0.0,0.0,0,0,0,0,0,0,0,0,50176,0.0,50176,0.0,0.0,0.0
Tohlab (18),3.5,8.242640614509583,1,35,0,867,0,1554,0,829,46890,69.36065051020408,50176,0.0,0.0,116.77674585459184
Tohlab (19),18.5,20.242640614509583,1,64,0,1168,0,2355,0,1325,45263,94.49677136479592,50176,0.0,0.0,102.41978236607143
Tohlab (20),3.0,6.828427076339722,0,4,0,142,0,165,0,131,49734,9.986348054846939,50176,0.0,0.0,12.573142538265307
Tohlab (21),0.0,2.0,0,71,0,1537,0,3059,0,1583,43926,124.74549585459184,50176,0.0,0.0,108.94013073979592
Tohlab (22),2112.5,186.81118190288544,0,7,0,554,0,1435,0,552,47628,46.05408960459184,50176,0.0,0.0,152.7835020727041
Tohlab (23),276.5,167.43859910964966,0,17,0,671,0,1317,0,655,47516,55.34418845663265,50176,0.0,0.0,76.36888153698979
Tohlab (24),0.5,3.414213538169861,0,46,0,905,0,1574,0,881,46770,70.46855070153062,50176,0.0,0.0,116.97494818239795
Tohlab (25),3.5,7.414213538169861,0,22,0,896,0,1647,0,921,46690,72.0084303252551,50176,0.0,0.0,118.86549346301021
Tohlab (26),9582.5,860.9675973653793,0,2,0,247,0,486,0,235,49206,22.996552136479593,50176,0.0,0.0,50.62798947704081
Tohlab (27),20.5,21.071067571640015,0,62,0,1064,0,2240,0,1094,45716,85.17109773596938,50176,0.0,0.0,125.5078125
Tohlab (28),61.5,40.72792184352875,1,69,0,1401,0,3115,0,1614,43976,113.07188695790816,50176,0.0,0.0,155.36521444515307
Tohlab (29),3.0,8.828427076339722,0,83,0,1472,0,2919,0,1642,44060,115.24194834183673,50176,0.0,0.0,134.15756536989795
Tohlab (30),20.5,21.071067571640015,0,62,0,1064,0,2240,0,1094,45716,85.17109773596938,50176,0.0,0.0,125.5078125
Tohlab (31),11.5,18.242640614509583,1,83,0,1365,0,2743,0,1450,44534,105.42839205994898,50176,0.0,0.0,137.03404017857142
Tohlab (32),0.5,3.414213538169861,0,46,0,905,0,1574,0,881,46770,70.46855070153062,50176,0.0,0.0,116.97494818239795
Tohlab (33),20.5,21.071067571640015,0,62,0,1064,0,2240,0,1094,45716,85.17109773596938,50176,0.0,0.0,125.5078125
Tohlab (34),61.5,40.72792184352875,1,69,0,1401,0,3115,0,1614,43976,113.07188695790816,50176,0.0,0.0,155.36521444515307
Tohlab (35),4372.0,461.90663516521454,0,13,0,556,0,1603,0,558,47446,48.12250876913265,50176,0.0,0.0,164.58924585459184
Tohlab (36),20.5,21.071067571640015,0,62,0,1064,0,2240,0,1094,45716,85.17109773596938,50176,0.0,0.0,125.5078125
Tohlab (37),3.0,8.828427076339722,0,83,0,1472,0,2919,0,1642,44060,115.24194834183673,50176,0.0,0.0,134.15756536989795
Tohlab (38),0.0,0.0,0,0,0,0,0,0,0,0,50176,0.0,50176,0.0,0.0,0.0
Tohlab (39),9564.5,870.2813057899475,0,2,0,257,0,484,0,241,49192,23.189672353316325,50176,0.0,0.0,50.5517578125
Tohlab (40),9564.5,870.2813057899475,0,2,0,257,0,484,0,241,49192,23.189672353316325,50176,0.0,0.0,50.5517578125
Tohlab (41),0.5,3.414213538169861,0,46,0,905,0,1574,0,881,46770,70.46855070153062,50176,0.0,0.0,116.97494818239795
Tohlab (42),22.5,26.242640614509583,0,17,0,804,0,1812,0,822,46721,71.3070990114796,50176,0.0,0.0,102.41470025510205
Tohlab (43),20.5,18.242640614509583,0,24,0,690,0,1099,0,649,47714,52.330496651785715,50176,0.0,0.0,88.82513552295919
Tohlab (44),1.5,7.414213538169861,0,42,0,954,0,2305,0,1060,45815,74.56473214285714,50176,0.0,0.0,181.8277662627551
Trepatra (1),3942.5,287.3797231912613,0,10,0,259,0,441,0,246,49220,20.562220982142858,50176,0.0,0.0,43.82304288903061
Trepatra (11),93.0,73.11269760131836,0,27,0,590,0,1030,0,606,47923,43.70107222576531,50176,0.0,0.0,53.09281329719388
Trepatra (12),204.5,104.87005722522736,0,0,0,23,0,74,0,19,50060,2.6579440369897958,50176,0.0,0.0,1.2908561862244898
Trepatra (13),40248.0,1987.259007692337,0,22,0,1010,0,2765,0,1127,45252,93.07378029336735,50176,0.0,0.0,163.54741310586735
Trepatra (14),48061.5,1099.3797229528427,0,14,0,656,0,1925,0,719,46862,54.820731026785715,50176,0.0,0.0,203.8739636479592
Trepatra (15),25.5,26.242640614509583,0,31,0,1048,0,1986,0,1063,46048,87.85445232780613,50176,0.0,0.0,93.80052216198979
Trepatra (16),14.0,16.82842707633972,0,27,0,931,0,2149,0,1155,45914,80.4752272002551,50176,0.0,0.0,114.96751434948979
Trepatra (17),3.5,7.414213538169861,1,41,0,1225,0,2631,0,1325,44953,100.72235730229592,50176,0.0,0.0,137.49651227678572
Trepatra (18),1.0,4.0,1,25,0,431,0,730,0,400,48589,32.088448660714285,50176,0.0,0.0,27.438317123724488
Trepatra (19),7.0,10.828427076339722,0,68,0,1236,0,2498,0,1317,45057,100.75284996811224,50176,0.0,0.0,92.45884486607143
Trepatra (20),354.0,77.79898941516876,0,4,0,658,0,1575,0,825,47114,58.39345503826531,50176,0.0,0.0,168.02475286989795
Trepatra (21),15.5,16.242640614509583,0,84,0,1906,0,3739,0,2209,42238,148.14353475765307,50176,0.0,0.0,155.08061623086735
Trepatra (22),406.0,93.79898953437805,0,13,0,425,0,1731,0,409,47598,41.444614955357146,50176,0.0,0.0,182.55450813137756
Trepatra (23),81.0,45.3137081861496,0,21,0,911,0,1587,0,927,46730,71.15463568239795,50176,0.0,0.0,113.38697783801021
Trepatra (24),3.0,6.828427076339722,1,87,0,1788,0,3591,0,1980,42729,141.3182597257653,50176,0.0,0.0,136.06335698341837
Trepatra (25),49729.0,892.0,0,14,0,443,0,1541,0,440,47738,35.86953922193877,50176,0.0,0.0,173.51851482780611
Trepatra (26),49729.0,892.0,0,14,0,443,0,1541,0,440,47738,35.86953922193877,50176,0.0,0.0,173.51851482780611
Trepatra (27),49729.0,892.0,0,15,0,507,0,1628,0,536,47490,37.953204719387756,50176,0.0,0.0,171.8312539859694
Trepatra (28),49729.0,892.0,0,5,0,410,0,1460,0,413,47888,32.10369499362245,50176,0.0,0.0,134.7165975765306
Trepatra (29),49729.0,892.0,0,15,0,507,0,1628,0,536,47490,37.953204719387756,50176,0.0,0.0,171.8312539859694
Trepatra (30),1131.5,142.18376529216766,0,14,0,532,0,1559,0,553,47518,45.474728954081634,50176,0.0,0.0,165.54468271683675
Trepatra (31),29549.5,1821.1240124702454,0,8,0,502,0,1247,0,487,47932,37.15023118622449,50176,0.0,0.0,152.22446986607142
Trepatra (32),227.5,110.32590079307556,0,8,0,202,0,190,0,196,49580,11.597377232142858,50176,0.0,0.0,4.497668207908164
Trepatra (33),0.0,0.0,0,0,0,0,0,0,0,0,50176,0.0,50176,0.0,0.0,0.0
Trepatra (34),291.5,95.21320307254791,1,6,0,150,0,466,0,126,49427,14.453523596938776,50176,0.0,0.0,10.784239477040817
Trepatra (35),2.0,8.828427076339722,0,8,0,291,0,565,0,258,49054,22.010622608418366,50176,0.0,0.0,20.699437978316325
Trepatra (36),866.5,234.20815110206604,0,4,0,210,0,358,0,190,49414,17.27409518494898,50176,0.0,0.0,15.973074776785714
Trepatra (37),155.5,90.52691125869751,0,71,0,1690,0,3443,0,1924,43048,133.63919005102042,50176,0.0,0.0,152.45316485969389
Trepatra (38),4.5,13.41421353816986,0,30,0,1173,0,2272,0,1161,45540,93.70396205357143,50176,0.0,0.0,133.62394371811226
Trepatra (39),49310.0,929.5979787111282,0,7,0,438,0,1521,0,482,47728,33.82144850127551,50176,0.0,0.0,218.92209422831633
Trepatra (40),15.0,19.656854152679443,0,43,0,1435,0,3236,0,1661,43801,125.08091517857143,50176,0.0,0.0,155.5176777742347
Trepatra (41),778.0,164.02438485622406,0,25,0,985,0,1906,0,1028,46232,80.0229193239796,50176,0.0,0.0,137.36945950255102
Trepatra (42),207.5,83.69848394393921,0,18,0,917,0,1804,0,985,46452,74.61047114158163,50176,0.0,0.0,142.42107780612244
Trepatra (43),94.0,61.31370830535889,0,28,0,784,0,1656,0,774,46934,65.244140625,50176,0.0,0.0,108.76733896683673
Trepatra (44),48.0,28.485281229019165,0,15,0,585,0,1481,0,579,47516,51.55801578443877,50176,0.0,0.0,114.59652024872449
Tukham malanga (1),31712.0,2194.4549672603607,0,11,0,404,0,1574,0,399,47788,36.35233976403061,50176,0.0,0.0,166.25617825255102
Tukham malanga (17),49729.0,892.0,0,3,0,280,0,1342,0,279,48272,22.717036033163264,50176,0.0,0.0,202.11047114158163
Tukham malanga (18),99.0,54.62741672992706,0,37,0,1006,0,2250,0,1057,45826,79.6875,50176,0.0,0.0,96.57535475127551
Tukham malanga (19),49729.0,892.0,0,6,0,243,0,1406,0,256,48265,23.04229113520408,50176,0.0,0.0,205.9881218112245
Tukham malanga (20),476.5,171.43859934806824,0,23,0,768,0,1518,0,796,47071,59.94349888392857,50176,0.0,0.0,68.95408163265306
Tukham malanga (21),45261.0,853.6568541526794,0,4,0,246,0,1168,0,248,48510,24.643156090561224,50176,0.0,0.0,194.9396125637755
Tukham malanga (22),45938.0,858.0,0,1,0,285,0,1234,0,286,48370,28.647859534438776,50176,0.0,0.0,155.44144610969389
Tukham malanga (23),45492.0,854.0,0,5,0,320,0,1337,0,320,48194,32.906668526785715,50176,0.0,0.0,169.5443040497449
Tukham malanga (24),49729.0,892.0,0,3,0,314,0,1389,0,326,48144,25.822205835459183,50176,0.0,0.0,179.73393654336735
Tukham malanga (25),49729.0,892.0,0,3,0,314,0,1389,0,326,48144,25.822205835459183,50176,0.0,0.0,179.73393654336735
Tukham malanga (26),13266.5,797.2619732618332,0,21,0,496,0,1645,0,466,47548,41.622488839285715,50176,0.0,0.0,169.43249760841837
Tukham malanga (27),13266.5,797.2619732618332,0,21,0,496,0,1645,0,466,47548,41.622488839285715,50176,0.0,0.0,169.43249760841837
Tukham malanga (28),49729.0,892.0,0,5,0,309,0,1357,0,311,48194,25.542689732142858,50176,0.0,0.0,172.2022480867347
Tukham malanga (29),49729.0,892.0,0,4,0,236,0,1251,0,237,48448,19.64744100765306,50176,0.0,0.0,207.78210698341837
Tukham malanga (30),49729.0,892.0,0,4,0,227,0,1279,0,222,48444,19.637276785714285,50176,0.0,0.0,213.37751116071428
Tukham malanga (31),25303.5,2093.4427729845047,0,9,0,383,0,1524,0,376,47884,33.34881218112245,50176,0.0,0.0,133.50197305484693
Tukham malanga (32),49729.0,892.0,0,4,0,334,0,1418,0,346,48074,27.4332350127551,50176,0.0,0.0,171.49075255102042
Tukham malanga (33),31712.0,2194.4549672603607,0,11,0,404,0,1574,0,399,47788,36.35233976403061,50176,0.0,0.0,166.25617825255102
Tukham malanga (34),25414.0,2034.3717056512833,0,8,0,380,0,1475,0,381,47932,32.42895009566327,50176,0.0,0.0,133.91870615433675
Tukham malanga (35),179.5,70.87005734443665,0,26,0,1119,0,2206,0,1270,45555,93.0483697385204,50176,0.0,0.0,128.94331951530611
Tukham malanga (36),46161.0,860.0,0,4,0,371,0,1326,0,367,48108,33.155691964285715,50176,0.0,0.0,172.78669084821428
Tukham malanga (37),49729.0,892.0,0,4,0,340,0,1344,0,340,48148,26.050900829081634,50176,0.0,0.0,178.5904615752551
Tukham malanga (38),49729.0,892.0,0,0,0,249,0,1192,0,249,48486,18.54462292729592,50176,0.0,0.0,192.63233418367346
Tukham malanga (39),49729.0,892.0,0,3,0,493,0,1402,0,488,47790,33.897680165816325,50176,0.0,0.0,146.09036192602042
Tukham malanga (40),49729.0,892.0,0,8,0,364,0,1470,0,372,47962,29.049346301020407,50176,0.0,0.0,188.66828762755102
Tukham malanga (41),49729.0,892.0,0,3,0,280,0,1342,0,279,48272,22.717036033163264,50176,0.0,0.0,202.11047114158163
Tukham malanga (42),49729.0,892.0,0,4,0,300,0,1415,0,304,48153,26.3558274872449,50176,0.0,0.0,167.19636878188774
Tukham malanga (43),49729.0,892.0,0,0,0,249,0,1192,0,249,48486,18.54462292729592,50176,0.0,0.0,192.63233418367346
Tukham malanga (44),49729.0,892.0,0,8,0,364,0,1470,0,372,47962,29.049346301020407,50176,0.0,0.0,188.66828762755102
Tukham malanga (45),49729.0,892.0,0,3,0,280,0,1342,0,279,48272,22.717036033163264,50176,0.0,0.0,202.11047114158163
Tukham malanga (46),10.0,13.656854152679443,0,22,0,941,0,1600,0,1004,46609,69.228515625,50176,0.0,0.0,173.4473652742347
Tukham malanga (47),6.0,10.828427076339722,0,59,0,1427,0,2409,0,1533,44748,107.65435666454081,50176,0.0,0.0,126.50898836096938
Tukham malanga (48),49729.0,892.0,0,3,0,280,0,1342,0,279,48272,22.717036033163264,50176,0.0,0.0,202.11047114158163
Tukham malanga (49),49729.0,892.0,0,2,0,362,0,1275,0,363,48174,26.660754145408163,50176,0.0,0.0,186.1932995854592
Tukham malanga (50),40054.0,1435.6467489004135,0,1,0,146,0,1229,0,142,48658,15.647819674744898,50176,0.0,0.0,207.0604472257653
Tukhm shalgham (1),18686.0,1192.4406856298447,0,9,0,247,0,917,0,251,48752,24.119698660714285,50176,0.0,0.0,97.14455117984694
Tukhm shalgham (11),107.5,85.35533833503723,0,54,0,1063,0,2386,0,1113,45560,87.92560188137755,50176,0.0,0.0,124.94369818239795
Tukhm shalgham (12),4090.0,579.6812388896942,0,8,0,359,0,1224,0,353,48232,33.460618622448976,50176,0.0,0.0,69.70623405612245
Tukhm shalgham (13),3431.0,505.4558436870575,0,19,0,467,0,1372,0,462,47856,43.65025111607143,50176,0.0,0.0,177.51813616071428
Tukhm shalgham (14),18686.0,1192.4406856298447,0,9,0,247,0,917,0,251,48752,24.119698660714285,50176,0.0,0.0,97.14455117984694
Tukhm shalgham (15),6.5,12.242640614509583,0,25,0,590,0,1365,0,610,47586,48.29021843112245,50176,0.0,0.0,138.36555325255102
Tukhm shalgham (16),0.0,6.0,0,43,0,826,0,2434,0,1145,45728,77.20742984693878,50176,0.0,0.0,138.5332629145408
Tukhm shalgham (17),21390.0,1453.3178824186325,0,38,0,841,0,2597,0,1123,45577,77.8579400510204,50176,0.0,0.0,121.74196827168367
Tukhm shalgham (18),0.0,2.0,0,51,0,760,0,2357,0,1067,45941,74.7476881377551,50176,0.0,0.0,139.02114556760205
Tukhm shalgham (19),0.0,2.0,0,51,0,760,0,2357,0,1067,45941,74.7476881377551,50176,0.0,0.0,139.02114556760205
Tukhm shalgham (20),21390.0,1453.3178824186325,0,38,0,841,0,2597,0,1123,45577,77.8579400510204,50176,0.0,0.0,121.74196827168367
Tukhm shalgham (21),0.0,6.0,0,43,0,826,0,2434,0,1145,45728,77.20742984693878,50176,0.0,0.0,138.5332629145408
Tukhm shalgham (22),6.5,12.242640614509583,0,25,0,590,0,1365,0,610,47586,48.29021843112245,50176,0.0,0.0,138.36555325255102
Tukhm shalgham (23),166.0,54.97056233882904,0,11,0,796,0,2006,0,867,46496,67.12960379464286,50176,0.0,0.0,169.23429528061226
Tukhm shalgham (24),4090.0,579.6812388896942,0,8,0,359,0,1224,0,353,48232,33.460618622448976,50176,0.0,0.0,69.70623405612245
Tukhm shalgham (25),0.0,2.0,1,65,0,1280,0,3073,0,1475,44282,107.2020487882653,50176,0.0,0.0,153.07826450892858
Tukhm shalgham (26),34175.5,1576.295584321022,0,10,0,462,0,999,0,491,48214,37.61270328443877,50176,0.0,0.0,176.78123007015307
Tukhm shalgham (27),115.5,51.21320307254791,0,53,0,1066,0,2017,0,1089,45951,84.57649075255102,50176,0.0,0.0,111.49643255739795
Tukhm shalgham (28),0.0,2.0,1,56,0,1044,0,2484,0,1216,45375,83.77859933035714,50176,0.0,0.0,165.51419005102042
Tukhm shalgham (29),0.0,4.0,0,43,0,914,0,1921,0,928,46370,73.41617506377551,50176,0.0,0.0,122.36198580994898
Tukhm shalgham (30),0.0,2.0,1,65,0,1280,0,3073,0,1475,44282,107.2020487882653,50176,0.0,0.0,153.07826450892858
Tukhm shalgham (31),4090.0,579.6812388896942,0,8,0,359,0,1224,0,353,48232,33.460618622448976,50176,0.0,0.0,69.70623405612245
Tukhm shalgham (32),0.0,4.0,0,43,0,914,0,1921,0,928,46370,73.41617506377551,50176,0.0,0.0,122.36198580994898
Tukhm shalgham (33),4.0,8.828427076339722,0,69,0,1622,0,3297,0,1739,43449,127.98788265306122,50176,0.0,0.0,152.05167809311226
Tukhm shalgham (34),16.0,17.656854152679443,2,43,0,1038,0,2012,0,994,46087,77.94941804846938,50176,0.0,0.0,151.67560188137756
Tukhm shalgham (35),1.5,5.414213538169861,0,51,0,969,0,1958,0,980,46218,79.8958665497449,50176,0.0,0.0,115.05391023596938
Tukhm shalgham (36),0.0,0.0,2,53,0,1240,0,2291,0,1371,45219,95.01514668367346,50176,0.0,0.0,167.90278220663265
Tukhm shalgham (37),0.0,0.0,2,45,0,703,0,1464,0,693,47269,56.40634964923469,50176,0.0,0.0,89.5620416135204
Tukhm shalgham (38),0.0,0.0,1,71,0,1163,0,2136,0,1244,45561,88.9420240752551,50176,0.0,0.0,174.4383769132653
Tukhm shalgham (39),14192.5,1487.1686067581177,0,6,0,268,0,1244,0,260,48398,25.212352519132654,50176,0.0,0.0,78.7320631377551
Tukhm shalgham (40),0.0,0.0,2,69,0,1079,0,2074,0,1080,45872,87.12771045918367,50176,0.0,0.0,132.07389987244898
Tukhm shalgham (41),4090.0,579.6812388896942,0,8,0,359,0,1224,0,353,48232,33.460618622448976,50176,0.0,0.0,69.70623405612245
Tukhm shalgham (42),4.5,12.242640495300293,0,14,0,340,0,1135,0,307,48380,31.737783003826532,50176,0.0,0.0,60.787129304846935
Tukhm shalgham (43),1.5,5.414213538169861,1,33,0,1097,0,2574,0,1140,45331,94.66448102678571,50176,0.0,0.0,150.2881855867347
Tukhm shalgham (44),108.0,58.97056245803833,0,53,0,1311,0,3012,0,1487,44313,108.13207509566327,50176,0.0,0.0,159.64435188137756
Tunga (1),154.0,68.2842710018158,0,17,0,783,0,1319,0,809,47248,59.806281887755105,50176,0.0,0.0,127.91673309948979
Tunga (10),3336.5,382.8355666399002,0,14,0,354,0,801,0,322,48685,26.223692602040817,50176,0.0,0.0,42.857441804846935
Tunga (13),5.0,8.828427076339722,0,15,0,268,0,522,0,227,49144,17.284259406887756,50176,0.0,0.0,17.665417729591837
Tunga (14),0.5,3.414213538169861,1,58,0,1303,0,2363,0,1440,45011,98.55229591836735,50176,0.0,0.0,120.44602997448979
Tunga (15),0.0,0.0,3,135,0,1685,0,3557,0,2043,42753,131.20994100765307,50176,0.0,0.0,133.28344228316325
Tunga (16),3.0,6.828427076339722,0,17,0,884,0,1777,0,846,46652,73.9599609375,50176,0.0,0.0,81.28328284438776
Tunga (17),108.0,60.62741661071777,0,39,0,1092,0,1996,0,1203,45846,83.52449378188776,50176,0.0,0.0,149.87653459821428
Tunga (18),31000.5,1807.8002004623413,0,11,0,780,0,1398,0,861,47126,59.81136399872449,50176,0.0,0.0,152.17873086734693
Tunga (19),0.0,0.0,2,30,0,732,0,1351,0,773,47288,59.28790656887755,50176,0.0,0.0,143.63062021683675
Tunga (2),0.0,0.0,2,39,0,1170,0,1928,0,1230,45807,87.46312978316327,50176,0.0,0.0,143.7271803252551
Tunga (20),0.0,0.0,1,49,0,1180,0,2124,0,1249,45573,92.49950175382654,50176,0.0,0.0,129.83777104591837
Tunga (21),0.0,0.0,1,29,0,506,0,950,0,438,48252,39.6760403380102,50176,0.0,0.0,40.682298309948976
Tunga (22),151.5,66.87005722522736,0,24,0,779,0,1310,0,799,47264,59.83677455357143,50176,0.0,0.0,128.1301817602041
Tunga (23),12.5,22.242640614509583,0,52,0,1217,0,2147,0,1264,45496,91.94555165816327,50176,0.0,0.0,131.27092633928572
Tunga (24),666.0,127.25483274459839,0,8,0,720,0,1279,0,783,47386,57.15341996173469,50176,0.0,0.0,128.4554368622449
Tunga (25),8030.0,518.8284270763397,0,0,0,17,0,1020,0,9,49130,11.444913903061224,50176,0.0,0.0,85.09994818239795
Tunga (26),4.5,9.41421353816986,0,21,0,267,0,476,0,213,49199,18.341338488520407,50176,0.0,0.0,11.495735012755102
Tunga (27),0.0,4.0,0,53,0,829,0,1497,0,802,46995,61.651088169642854,50176,0.0,0.0,53.47905373086735
Tunga (28),49729.0,892.0,0,1,0,173,0,1257,0,201,48544,17.375737404336736,50176,0.0,0.0,158.07397959183675
Tunga (29),32261.5,1456.6000673770905,0,0,0,201,0,1174,0,197,48604,16.715062978316325,50176,0.0,0.0,167.45555644132654
Tunga (3),3345.0,476.0,0,6,0,240,0,1013,0,235,48682,24.150191326530614,50176,0.0,0.0,57.58539939413265
Tunga (30),11.5,14.242640614509583,0,17,0,505,0,944,0,510,48200,39.02044802295919,50176,0.0,0.0,120.54259008290816
Tunga (31),558.0,210.10764598846436,0,16,0,778,0,1624,0,803,46955,63.80590322066327,50176,0.0,0.0,158.4551379145408
Tunga (32),0.0,0.0,1,19,0,512,0,1012,0,485,48147,39.29488201530612,50176,0.0,0.0,46.37426259566327
Tunga (33),2033.0,313.1370825767517,0,4,0,217,0,624,0,193,49138,19.723672672193878,50176,0.0,0.0,29.689692283163264
Tunga (34),0.0,4.0,0,53,0,829,0,1497,0,802,46995,61.651088169642854,50176,0.0,0.0,53.47905373086735
Tunga (35),65.0,41.65685415267944,0,9,0,530,0,1255,0,554,47828,44.84454719387755,50176,0.0,0.0,141.79597815688774
Tunga (36),3194.0,476.48528122901917,0,0,0,10,0,478,0,18,49670,6.098533163265306,50176,0.0,0.0,17.421476403061224
Tunga (37),0.0,0.0,2,39,0,1170,0,1928,0,1230,45807,87.46312978316327,50176,0.0,0.0,143.7271803252551
Tunga (4),3345.0,476.0,0,6,0,240,0,1013,0,235,48682,24.150191326530614,50176,0.0,0.0,57.58539939413265
Tunga (5),0.5,3.414213538169861,0,31,0,1030,0,2147,0,1096,45872,81.65427694515306,50176,0.0,0.0,149.23110650510205
Tunga (6),1.5,5.414213538169861,0,22,0,739,0,1325,0,736,47354,58.368044483418366,50176,0.0,0.0,142.53288424744898
Tunga (7),377.0,192.85281229019165,1,101,0,1225,0,2883,0,1561,44405,92.65704719387755,50176,0.0,0.0,93.83101482780613
Tunga (8),336.5,175.78174459934235,0,109,0,1750,0,3720,0,2126,42471,137.39995216836735,50176,0.0,0.0,140.03756776147958
Tunga (9),3336.5,382.8355666399002,0,14,0,354,0,801,0,322,48685,26.223692602040817,50176,0.0,0.0,42.857441804846935
Turmeric (1),49724.0,893.6568541526794,0,5,0,224,0,1377,0,370,48200,22.864417251275512,50176,0.0,0.0,207.65505420918367
Turmeric (10),49654.5,931.3553383350372,0,4,0,214,0,1327,0,371,48260,19.657605229591837,50176,0.0,0.0,216.84351084183675
Turmeric (12),0.0,2.0,1,72,0,1073,0,3181,0,1785,44064,96.75831074617346,50176,0.0,0.0,177.24878427933675
Turmeric (13),0.0,0.0,1,49,0,887,0,2945,0,1644,44650,85.92325015943878,50176,0.0,0.0,178.4227519132653
Turmeric (14),0.0,4.0,1,52,0,917,0,3207,0,1702,44297,92.36228475765306,50176,0.0,0.0,176.48646763392858
Turmeric (15),49729.0,892.0,0,1,0,190,0,1097,0,190,48698,13.701371173469388,50176,0.0,0.0,188.2159797512755
Turmeric (16),49729.0,892.0,0,2,0,222,0,1280,0,236,48436,18.9664381377551,50176,0.0,0.0,180.35903619260205
Turmeric (17),49729.0,892.0,0,0,0,221,0,1202,0,227,48526,17.096221301020407,50176,0.0,0.0,187.83482142857142
Turmeric (18),49729.0,892.0,0,0,0,221,0,1202,0,227,48526,17.096221301020407,50176,0.0,0.0,187.83482142857142
Turmeric (19),49729.0,892.0,0,0,0,265,0,1292,0,289,48330,21.700613839285715,50176,0.0,0.0,167.8875358737245
Turmeric (2),49729.0,892.0,0,0,0,217,0,1114,0,217,48628,15.119280133928571,50176,0.0,0.0,191.97674186862244
Turmeric (20),49703.0,890.8284270763397,0,3,0,375,0,1635,0,391,47772,34.84803491709184,50176,0.0,0.0,168.06032764668367
Turmeric (21),49729.0,892.0,0,5,0,670,0,2106,0,703,46692,59.57250478316327,50176,0.0,0.0,174.814453125
Turmeric (22),49729.0,892.0,0,0,0,216,0,1238,0,236,48486,17.90427694515306,50176,0.0,0.0,188.52598852040816
Turmeric (23),49729.0,892.0,0,0,0,191,0,1176,0,217,48592,15.50552056760204,50176,0.0,0.0,200.05729830994898
Turmeric (24),49703.0,890.8284270763397,0,3,0,375,0,1635,0,391,47772,34.84803491709184,50176,0.0,0.0,168.06032764668367
Turmeric (25),49716.5,891.4142135381699,0,1,0,113,0,1249,0,147,48666,13.858916613520408,50176,0.0,0.0,232.37444196428572
Turmeric (26),49716.5,891.4142135381699,0,1,0,113,0,1249,0,147,48666,13.858916613520408,50176,0.0,0.0,232.37444196428572
Turmeric (27),32.0,38.485281229019165,1,46,0,1064,0,3516,0,1182,44367,104.00031887755102,50176,0.0,0.0,137.84717793367346
Turmeric (28),45269.0,852.0,0,0,0,356,0,1400,0,368,48052,35.4426419005102,50176,0.0,0.0,137.0035475127551
Turmeric (29),49703.0,890.8284270763397,0,7,0,394,0,1688,0,405,47682,36.814811862244895,50176,0.0,0.0,182.72729990433675
Turmeric (3),49362.5,892.183765411377,0,2,0,169,0,1056,0,169,48780,14.443359375,50176,0.0,0.0,207.92440609056123
Turmeric (30),46607.0,864.0,0,0,0,218,0,1388,0,222,48348,28.490314094387756,50176,0.0,0.0,170.76909279336735
Turmeric (31),58.0,55.11269783973694,0,11,0,545,0,1636,0,606,47378,48.712033641581634,50176,0.0,0.0,200.15894052933675
Turmeric (32),49703.0,890.8284270763397,0,2,0,247,0,1211,0,266,48450,18.671675701530614,50176,0.0,0.0,197.8923190369898
Turmeric (33),42259.5,1634.9919835329056,0,7,0,388,0,1519,0,430,47832,33.404715401785715,50176,0.0,0.0,210.20627391581633
Turmeric (34),42259.5,1634.9919835329056,0,7,0,388,0,1519,0,430,47832,33.404715401785715,50176,0.0,0.0,210.20627391581633
Turmeric (35),1954.5,464.2426406145096,0,1,0,10,0,488,0,3,49674,6.921835140306122,50176,0.0,0.0,11.34327168367347
Turmeric (36),49657.0,892.1421353816986,0,0,0,187,0,1080,0,187,48722,13.777602838010203,50176,0.0,0.0,206.84699856505102
Turmeric (4),43044.0,841.1126978397369,0,1,0,181,0,977,0,181,48836,17.27409518494898,50176,0.0,0.0,175.5564413265306
Turmeric (5),49729.0,892.0,0,2,0,222,0,1280,0,236,48436,18.9664381377551,50176,0.0,0.0,180.35903619260205
Turmeric (6),49716.5,891.4142135381699,0,1,0,113,0,1249,0,147,48666,13.858916613520408,50176,0.0,0.0,232.37444196428572
Turmeric (7),49729.0,892.0,0,0,0,214,0,1160,0,214,48588,16.130620216836736,50176,0.0,0.0,183.92667809311226
Turmeric (8),35451.0,1309.7888845205307,0,3,0,319,0,1360,0,318,48176,33.49111128826531,50176,0.0,0.0,150.09506536989795
Turmeric (9),45269.0,852.0,0,1,0,244,0,1207,0,244,48480,25.3597337372449,50176,0.0,0.0,147.73188376913265
Tuti (1),5.5,9.41421353816986,2,33,0,680,0,1864,0,720,46877,59.90284199617347,50176,0.0,0.0,105.87053571428571
Tuti (10),98.0,42.485281229019165,0,19,0,636,0,1354,0,602,47565,50.78553491709184,50176,0.0,0.0,95.88418765943878
Tuti (11),212.5,62.041630148887634,0,10,0,856,0,1306,0,806,47198,64.50723453443878,50176,0.0,0.0,70.44822225765306
Tuti (12),2.0,6.828427076339722,0,3,0,45,0,75,0,33,50020,3.03402024872449,50176,0.0,0.0,1.7990672831632653
Tuti (13),0.0,2.0,0,23,0,841,0,1615,0,823,46874,64.4564134247449,50176,0.0,0.0,67.70388233418367
Tuti (14),12.0,13.656854152679443,0,14,0,291,0,578,0,227,49066,22.462930484693878,50176,0.0,0.0,15.403878348214286
Tuti (15),49729.0,892.0,0,3,0,416,0,1431,0,426,47900,31.199079241071427,50176,0.0,0.0,195.83406409438774
Tuti (16),0.0,2.0,0,61,0,1150,0,2594,0,1302,45069,90.31419403698979,50176,0.0,0.0,139.35656489158163
Tuti (17),9.0,21.656854152679443,0,23,0,651,0,1556,0,826,47120,54.185467155612244,50176,0.0,0.0,108.12699298469387
Tuti (18),259.0,74.62741649150848,0,19,0,757,0,1427,0,787,47186,59.110032684948976,50176,0.0,0.0,118.6571269132653
Tuti (19),0.0,0.0,1,62,0,1507,0,3118,0,1650,43838,124.07465720663265,50176,0.0,0.0,131.70290577168367
Tuti (20),250.0,113.74011433124542,0,30,0,800,0,1581,0,777,46988,64.03459821428571,50176,0.0,0.0,62.032246492346935
Tuti (21),1204.0,197.8822499513626,0,15,0,590,0,1561,0,568,47442,51.46145567602041,50176,0.0,0.0,111.00346779336735
Tuti (22),3.5,7.414213538169861,1,24,0,554,0,1242,0,530,47825,45.20537707270408,50176,0.0,0.0,42.82694913903061
Tuti (23),49729.0,892.0,0,7,0,237,0,1205,0,241,48486,18.168546715561224,50176,0.0,0.0,172.5325852997449
Tuti (24),1.0,4.828427076339722,1,62,0,1328,0,2595,0,1356,44834,106.60235969387755,50176,0.0,0.0,97.10389429209184
Tuti (25),1.0,4.828427076339722,1,62,0,1328,0,2595,0,1356,44834,106.60235969387755,50176,0.0,0.0,97.10389429209184
Tuti (26),18.5,23.41421353816986,0,2,0,91,0,606,0,77,49400,11.643116230867347,50176,0.0,0.0,20.638452646683675
Tuti (27),1849.5,221.09545290470123,0,13,0,424,0,769,0,385,48585,32.63731664540816,50176,0.0,0.0,38.89339524872449
Tuti (28),0.0,0.0,0,0,0,0,0,0,0,0,50176,0.0,50176,0.0,0.0,0.0
Tuti (29),0.0,2.0,0,23,0,630,0,1655,0,605,47263,55.04942602040816,50176,0.0,0.0,108.76733896683673
Tuti (30),49022.5,979.2964636087418,0,11,0,471,0,1619,0,523,47552,39.47783801020408,50176,0.0,0.0,142.79715401785714
Tuti (31),3.0,8.828427076339722,0,58,0,1203,0,2538,0,1269,45108,94.76104113520408,50176,0.0,0.0,160.83864795918367
Tuti (32),0.0,0.0,0,0,0,0,0,0,0,0,50176,0.0,50176,0.0,0.0,0.0
Tuti (33),3.5,9.41421353816986,0,17,0,467,0,1447,0,459,47786,38.954380580357146,50176,0.0,0.0,99.41625478316327
Tuti (34),4.5,11.41421353816986,1,45,0,1232,0,2395,0,1224,45279,96.64650430484694,50176,0.0,0.0,106.60744180484694
Tuti (35),49729.0,892.0,0,3,0,254,0,1195,0,258,48466,18.478555484693878,50176,0.0,0.0,172.41061463647958
Tuti (36),1798.0,222.16652023792267,0,14,0,412,0,741,0,381,48628,31.956313775510203,50176,0.0,0.0,38.065011160714285
Tuti (37),18.5,23.899494647979736,0,26,0,1169,0,1847,0,1202,45932,84.3782884247449,50176,0.0,0.0,140.54577885841837
Tuti (38),8.5,18.242640614509583,0,24,0,681,0,1377,0,654,47440,52.325414540816325,50176,0.0,0.0,84.3782884247449
Tuti (39),620.5,176.12489020824432,0,28,0,1138,0,2135,0,1118,45757,86.0350566007653,50176,0.0,0.0,114.15437659438776
Tuti (40),495.5,134.18376541137695,0,17,0,663,0,1397,0,635,47464,51.96966677295919,50176,0.0,0.0,84.76961096938776
Tuti (41),1262.0,192.71067714691162,0,23,0,609,0,1540,0,589,47415,52.28475765306123,50176,0.0,0.0,113.31582828443878
Tuti (42),28234.5,2147.668167233467,0,14,0,472,0,1671,0,499,47520,39.89457110969388,50176,0.0,0.0,145.17049984056123
Tuti (8),0.0,4.0,0,2,0,26,0,1268,0,22,48858,13.376116071428571,50176,0.0,0.0,146.24790736607142
Utangana (1),0.0,2.0,1,97,0,1570,0,3013,0,1818,43677,116.31427375637755,50176,0.0,0.0,144.37769052933675
Utangana (11),0.0,0.0,1,27,0,825,0,2386,0,934,46003,69.08113440688776,50176,0.0,0.0,179.69836176658163
Utangana (12),0.0,0.0,1,42,0,1127,0,2606,0,1298,45102,88.29151387117346,50176,0.0,0.0,145.08410395408163
Utangana (13),124.0,46.97056233882904,0,65,0,1780,0,3714,0,2002,42615,139.72247688137756,50176,0.0,0.0,148.9973294005102
Utangana (14),0.0,2.0,0,60,0,1065,0,2066,0,1164,45821,82.78758769132654,50176,0.0,0.0,113.20910395408163
Utangana (15),17.5,19.899494647979736,0,26,0,470,0,1201,0,493,47986,40.36212531887755,50176,0.0,0.0,103.7208027742347
Utangana (16),0.0,2.0,0,79,0,1512,0,2815,0,1731,44039,110.55624202806122,50176,0.0,0.0,144.00669642857142
Utangana (17),0.0,2.0,0,79,0,1512,0,2815,0,1731,44039,110.55624202806122,50176,0.0,0.0,144.00669642857142
Utangana (18),5.5,9.41421353816986,0,46,0,1049,0,2311,0,1129,45641,79.61635044642857,50176,0.0,0.0,102.07928093112245
Utangana (19),17.5,19.899494647979736,0,26,0,470,0,1201,0,493,47986,40.36212531887755,50176,0.0,0.0,103.7208027742347
Utangana (20),17.5,19.899494647979736,0,26,0,470,0,1201,0,493,47986,40.36212531887755,50176,0.0,0.0,103.7208027742347
Utangana (21),0.0,2.0,1,97,0,1570,0,3013,0,1818,43677,116.31427375637755,50176,0.0,0.0,144.37769052933675
Utangana (22),0.0,2.0,1,97,0,1570,0,3013,0,1818,43677,116.31427375637755,50176,0.0,0.0,144.37769052933675
Utangana (23),25.5,23.899494647979736,0,76,0,1580,0,3285,0,1714,43521,128.77052774234693,50176,0.0,0.0,120.01913265306122
Utangana (24),14.5,24.242640614509583,0,35,0,1218,0,2659,0,1247,45017,103.6801458864796,50176,0.0,0.0,110.20049426020408
Utangana (25),0.5,3.414213538169861,0,112,0,2241,0,3990,0,2443,41390,162.42426658163265,50176,0.0,0.0,137.47618383290816
Utangana (26),3.5,7.414213538169861,0,20,0,827,0,2132,0,936,46261,62.149135044642854,50176,0.0,0.0,202.705078125
Utangana (27),0.0,0.0,1,55,0,1846,0,3297,0,2114,42863,139.43787866709184,50176,0.0,0.0,142.05008370535714
Utangana (28),49729.0,892.0,0,39,0,836,0,2159,0,912,46230,61.31058673469388,50176,0.0,0.0,169.833984375
Utangana (29),10.5,14.242640614509583,0,45,0,965,0,1824,0,961,46381,79.16912468112245,50176,0.0,0.0,75.03736846301021
Utangana (30),2710.5,469.7472541332245,0,65,0,1330,0,3197,0,1556,44028,108.01010443239795,50176,0.0,0.0,169.0056002869898
Utangana (31),1.5,5.414213538169861,1,8,0,123,0,469,0,107,49468,10.448820153061224,50176,0.0,0.0,31.529416454081634
Utangana (32),14.5,24.242640614509583,0,35,0,1218,0,2659,0,1247,45017,103.6801458864796,50176,0.0,0.0,110.20049426020408
Utangana (33),0.5,3.414213538169861,0,112,0,2241,0,3990,0,2443,41390,162.42426658163265,50176,0.0,0.0,137.47618383290816
Utangana (34),0.5,3.414213538169861,0,21,0,764,0,2016,0,888,46487,57.28555484693877,50176,0.0,0.0,207.33996332908163
Utangana (35),49729.0,892.0,0,22,0,767,0,2143,0,836,46408,58.72379225127551,50176,0.0,0.0,198.3395448022959
Utangana (36),29.0,34.97056233882904,1,73,0,1960,0,3695,0,2112,42335,145.7244499362245,50176,0.0,0.0,148.57043207908163
Utangana (37),3.5,7.414213538169861,0,17,0,878,0,2137,0,996,46148,63.93803810586735,50176,0.0,0.0,203.52329799107142
Utangana (38),2.0,6.828427076339722,0,22,0,844,0,2104,0,934,46272,61.788305165816325,50176,0.0,0.0,203.1624681122449
Utangana (39),29.0,34.97056233882904,1,73,0,1960,0,3695,0,2112,42335,145.7244499362245,50176,0.0,0.0,148.57043207908163
Utangana (40),3.0,14.828427076339722,0,60,0,1812,0,4022,0,2123,42159,144.74868463010205,50176,0.0,0.0,135.68728077168367
Utangana (41),7.5,19.071067690849304,1,68,0,1421,0,3347,0,1677,43662,114.63209502551021,50176,0.0,0.0,162.4445950255102
Utangana (42),0.0,6.0,0,31,0,853,0,2280,0,942,46070,68.45603475765306,50176,0.0,0.0,166.06814014668367
Utangana (43),8.5,14.242640614509583,0,28,0,872,0,1800,0,838,46638,71.41890545280613,50176,0.0,0.0,103.32439811862245
Utangana (44),1.0,4.0,0,10,0,116,0,461,0,99,49490,10.215043048469388,50176,0.0,0.0,31.463349011479593
Utaran (1),1.5,5.414213538169861,0,50,0,1277,0,2189,0,1316,45344,97.87129304846938,50176,0.0,0.0,111.20675223214286
Utaran (11),2.5,8.242640614509583,0,20,0,497,0,908,0,496,48255,37.96845105229592,50176,0.0,0.0,48.79334741709184
Utaran (12),34388.0,2238.2539550065994,0,17,0,820,0,2568,0,899,45872,78.22385204081633,50176,0.0,0.0,143.0563416772959
Utaran (13),0.0,2.0,1,24,0,744,0,1634,0,772,47001,61.43255739795919,50176,0.0,0.0,159.19204400510205
Utaran (14),52.0,54.485281229019165,0,12,0,500,0,1374,0,564,47726,44.00599888392857,50176,0.0,0.0,184.8973612882653
Utaran (15),11.0,15.656854152679443,0,4,0,159,0,390,0,143,49480,13.208406409438776,50176,0.0,0.0,24.546595982142858
Utaran (16),1.5,5.414213538169861,0,19,0,624,0,970,0,607,47956,46.05408960459184,50176,0.0,0.0,109.04177295918367
Utaran (17),27.0,33.31370830535889,0,24,0,701,0,1333,0,736,47382,52.27967554209184,50176,0.0,0.0,167.10997289540816
Utaran (18),79.5,48.870057225227356,0,7,0,441,0,1211,0,435,48082,34.832788584183675,50176,0.0,0.0,197.02836017219389
Utaran (19),2280.0,226.99494802951813,0,34,0,776,0,1587,0,784,46995,61.70699139030612,50176,0.0,0.0,84.85600685586735
Utaran (20),292.5,105.01219260692596,0,10,0,845,0,1460,0,817,47044,67.4853515625,50176,0.0,0.0,69.24376195790816
Utaran (21),14.0,16.82842707633972,0,5,0,595,0,1094,0,589,47893,47.787089445153065,50176,0.0,0.0,154.97897401147958
Utaran (22),79.5,48.870057225227356,0,7,0,441,0,1211,0,435,48082,34.832788584183675,50176,0.0,0.0,197.02836017219389
Utaran (23),11.0,15.656854152679443,0,3,0,161,0,385,0,143,49484,13.091517857142858,50176,0.0,0.0,24.52118542729592
Utaran (24),14.0,16.82842707633972,0,5,0,595,0,1094,0,589,47893,47.787089445153065,50176,0.0,0.0,154.97897401147958
Utaran (25),285.5,105.35533845424652,0,15,0,841,0,1534,0,825,46961,68.88801419005102,50176,0.0,0.0,68.0240553252551
Utaran (26),4.5,15.071067690849304,0,20,0,810,0,1643,0,874,46829,68.22225765306122,50176,0.0,0.0,144.61146763392858
Utaran (27),79.5,48.870057225227356,0,7,0,441,0,1211,0,435,48082,34.832788584183675,50176,0.0,0.0,197.02836017219389
Utaran (28),52.0,54.485281229019165,0,12,0,500,0,1374,0,564,47726,44.00599888392857,50176,0.0,0.0,184.8973612882653
Utaran (29),4.5,15.071067690849304,0,20,0,810,0,1643,0,874,46829,68.22225765306122,50176,0.0,0.0,144.61146763392858
Utaran (30),1.5,5.414213538169861,0,19,0,624,0,970,0,607,47956,46.05408960459184,50176,0.0,0.0,109.04177295918367
Utaran (31),27.0,33.31370830535889,0,24,0,701,0,1333,0,736,47382,52.27967554209184,50176,0.0,0.0,167.10997289540816
Utaran (32),6.0,14.485281109809875,0,15,0,867,0,1320,0,854,47120,66.33679448341837,50176,0.0,0.0,76.95332429846938
Utaran (33),37.5,29.899494647979736,1,30,0,829,0,1553,0,805,46958,61.544363839285715,50176,0.0,0.0,79.29617745535714
Utaran (34),21005.5,618.9675997495651,0,0,0,255,0,260,0,251,49410,18.864795918367346,50176,0.0,0.0,108.06600765306122
Utaran (35),1.5,5.414213538169861,0,19,0,624,0,970,0,607,47956,46.05408960459184,50176,0.0,0.0,109.04177295918367
Utaran (36),292.5,106.18376564979553,0,9,0,826,0,1522,0,799,47020,67.94782366071429,50176,0.0,0.0,69.19802295918367
Utaran (37),574.0,130.91168689727783,0,8,0,547,0,1457,0,556,47608,44.08731265943877,50176,0.0,0.0,200.03188775510205
Utaran (38),3.0,8.828427076339722,0,43,0,915,0,2037,0,969,46212,73.13665896045919,50176,0.0,0.0,116.81740274234694
Utaran (39),0.0,2.0,0,26,0,838,0,1682,0,812,46818,65.41693239795919,50176,0.0,0.0,152.41250797193877
Utaran (40),384.5,104.04163002967834,0,17,0,471,0,851,0,427,48410,38.77650669642857,50176,0.0,0.0,108.05076132015306
Utaran (41),2280.0,226.99494802951813,0,34,0,776,0,1587,0,784,46995,61.70699139030612,50176,0.0,0.0,84.85600685586735
Utaran (42),283.5,104.18376564979553,1,11,0,851,0,1579,0,823,46911,70.11788504464286,50176,0.0,0.0,66.91107302295919
Utaran (43),0.0,0.0,1,15,0,810,0,1584,0,881,46885,66.73828125,50176,0.0,0.0,146.82218590561226
Utaran (44),2.5,8.242640614509583,0,20,0,497,0,908,0,496,48255,37.96845105229592,50176,0.0,0.0,48.79334741709184
Vacha Bach (1),8.0,12.828427076339722,0,70,0,1556,0,3087,0,1783,43680,118.92139668367346,50176,0.0,0.0,137.27798150510205
Vacha Bach (11),4.5,11.41421353816986,0,16,0,806,0,2551,0,765,46038,85.91816804846938,50176,0.0,0.0,109.7786790497449
Vacha Bach (12),0.0,2.0,0,67,0,1342,0,3017,0,1305,44445,115.01325334821429,50176,0.0,0.0,92.51983019770408
Vacha Bach (13),90.0,43.79898953437805,0,2,0,68,0,1023,0,53,49030,14.956652582908163,50176,0.0,0.0,54.937619579081634
Vacha Bach (14),0.0,2.0,1,77,0,1181,0,2739,0,1278,44900,102.82635124362245,50176,0.0,0.0,87.08705357142857
Vacha Bach (15),6.0,10.828427076339722,0,13,0,532,0,2408,0,553,46670,70.32116948341837,50176,0.0,0.0,98.37950414540816
Vacha Bach (16),20.0,19.656854152679443,0,34,0,941,0,2990,0,981,45230,99.78216677295919,50176,0.0,0.0,118.8705755739796
Vacha Bach (17),22.0,17.656854152679443,0,20,0,782,0,2500,0,730,46144,84.6273118622449,50176,0.0,0.0,109.59572305484694
Vacha Bach (18),12.0,30.485281229019165,0,66,0,997,0,3498,0,917,44698,109.51440927933673,50176,0.0,0.0,65.22889429209184
Vacha Bach (19),12.0,30.485281229019165,0,66,0,997,0,3498,0,917,44698,109.51440927933673,50176,0.0,0.0,65.22889429209184
Vacha Bach (20),1237.0,145.39696848392487,0,0,0,316,0,670,0,292,48898,26.1474609375,50176,0.0,0.0,44.63618064413265
Vacha Bach (21),8.5,12.242640614509583,0,42,0,903,0,3623,0,859,44749,114.07814492984694,50176,0.0,0.0,89.2774433992347
Vacha Bach (22),108.0,78.76955187320709,1,42,0,918,0,2974,0,1140,45101,89.83139349489795,50176,0.0,0.0,188.79534040178572
Vacha Bach (23),2.0,10.828427076339722,0,30,0,855,0,2439,0,888,45964,78.10188137755102,50176,0.0,0.0,93.62773038903062
Vacha Bach (24),602.5,227.92387986183167,0,10,0,418,0,1372,0,469,47907,46.043925382653065,50176,0.0,0.0,72.74533641581633
Vacha Bach (25),4.0,10.0,0,43,0,816,0,2336,0,815,46166,78.71173469387755,50176,0.0,0.0,80.93769929846938
Vacha Bach (26),440.0,164.76955199241638,0,13,0,729,0,2393,0,765,46276,79.03698979591837,50176,0.0,0.0,175.03806600765307
Vacha Bach (27),40.5,48.24264061450958,0,29,0,713,0,2390,0,772,46272,71.67301100127551,50176,0.0,0.0,159.2428651147959
Vacha Bach (28),4.5,9.41421353816986,0,36,0,702,0,1621,0,727,47090,66.34695870535714,50176,0.0,0.0,57.65146683673469
Vacha Bach (29),1.5,5.414213538169861,0,41,0,1056,0,1585,0,1035,46459,71.64760044642857,50176,0.0,0.0,90.79191246811224
Vacha Bach (30),44.0,34.14213538169861,0,2,0,14,0,16,0,10,50134,1.0418327487244898,50176,0.0,0.0,0.31509088010204084
Vacha Bach (31),25.5,29.55634891986847,0,39,0,1050,0,2737,0,1010,45340,102.11485570790816,50176,0.0,0.0,94.34939014668367
Vacha Bach (32),1.5,5.414213538169861,0,36,0,495,0,1333,0,403,47909,46.13032126913265,50176,0.0,0.0,29.786252391581634
Vacha Bach (33),18.0,22.485281229019165,0,61,0,1334,0,3004,0,1343,44434,115.09456712372449,50176,0.0,0.0,91.63554288903062
Vacha Bach (34),101.0,226.82842707633972,0,52,0,1105,0,3455,0,1212,44352,115.61802455357143,50176,0.0,0.0,128.1200175382653
Vacha Bach (35),99.0,52.97056245803833,0,29,0,823,0,1234,0,764,47326,59.989237882653065,50176,0.0,0.0,88.48463408801021
Vacha Bach (36),167.0,250.48528122901917,0,43,0,979,0,3207,0,1030,44917,104.78296396683673,50176,0.0,0.0,118.64188058035714
Vacha Bach (37),8939.5,531.5563489198685,0,2,0,59,0,1086,0,49,48980,14.001215720663266,50176,0.0,0.0,103.55817522321429
Vacha Bach (38),2.0,6.0,0,42,0,1031,0,3102,0,1117,44884,104.24934231505102,50176,0.0,0.0,126.73260124362245
Vacha Bach (39),0.0,4.0,1,72,0,1208,0,3663,0,1292,43940,122.70756935586735,50176,0.0,0.0,127.53557477678571
Vacha Bach (40),40.5,48.24264061450958,0,29,0,713,0,2390,0,772,46272,71.67301100127551,50176,0.0,0.0,159.2428651147959
Vacha Bach (41),40.5,48.24264061450958,0,29,0,713,0,2390,0,772,46272,71.67301100127551,50176,0.0,0.0,159.2428651147959
Vacha Bach (42),1.5,5.414213538169861,0,36,0,495,0,1333,0,403,47909,46.13032126913265,50176,0.0,0.0,29.786252391581634
Vacha Bach (43),49729.0,892.0,0,23,0,796,0,2494,0,910,45953,71.99318399234694,50176,0.0,0.0,90.29894770408163
Vacha Bach (44),6.0,10.828427076339722,1,37,0,818,0,1708,0,773,46839,65.89465082908163,50176,0.0,0.0,71.08348612882654
Vanya yamaani (1),49729.0,892.0,0,0,0,231,0,1100,0,231,48614,15.66814811862245,50176,0.0,0.0,167.5470344387755
Vanya yamaani (11),49729.0,892.0,0,0,0,205,0,1150,0,205,48616,15.332728794642858,50176,0.0,0.0,176.60843829719389
Vanya yamaani (12),49729.0,892.0,0,7,0,280,0,1357,0,284,48248,23.1185227997449,50176,0.0,0.0,101.4745097257653
Vanya yamaani (13),49729.0,892.0,0,0,0,205,0,1150,0,205,48616,15.332728794642858,50176,0.0,0.0,176.60843829719389
Vanya yamaani (14),49729.0,892.0,0,2,0,316,0,1173,0,313,48372,21.1263352997449,50176,0.0,0.0,144.8554089604592
Vanya yamaani (15),49729.0,892.0,0,0,0,207,0,1156,0,211,48602,15.80028300382653,50176,0.0,0.0,165.69206393494898
Vanya yamaani (16),49729.0,892.0,0,0,0,207,0,1156,0,211,48602,15.80028300382653,50176,0.0,0.0,165.69206393494898
Vanya yamaani (17),49729.0,892.0,0,1,0,256,0,1145,0,256,48518,17.9703443877551,50176,0.0,0.0,146.8475964604592
Vanya yamaani (18),49729.0,892.0,0,5,0,277,0,1252,0,276,48366,21.360112404336736,50176,0.0,0.0,129.58874760841837
Vanya yamaani (19),49729.0,892.0,0,0,0,230,0,1100,0,230,48616,15.62240911989796,50176,0.0,0.0,167.5876913265306
Vanya yamaani (20),49729.0,892.0,0,4,0,275,0,1248,0,275,48374,21.19240274234694,50176,0.0,0.0,129.54300860969389
Vanya yamaani (21),49729.0,892.0,0,2,0,316,0,1173,0,313,48372,21.1263352997449,50176,0.0,0.0,144.8554089604592
Vanya yamaani (22),0.0,0.0,0,0,0,0,0,0,0,0,50176,0.0,50176,0.0,0.0,0.0
Vanya yamaani (23),49729.0,892.0,0,0,0,275,0,1260,0,275,48366,20.7096022002551,50176,0.0,0.0,175.66824776785714
Vanya yamaani (24),49729.0,892.0,0,1,0,217,0,1117,0,217,48624,16.049306441326532,50176,0.0,0.0,176.58302774234693
Vanya yamaani (25),49729.0,892.0,0,0,0,204,0,1124,0,204,48644,15.541095344387756,50176,0.0,0.0,179.38835299744898
Vanya yamaani (26),49729.0,892.0,0,0,0,275,0,1260,0,275,48366,20.7096022002551,50176,0.0,0.0,175.66824776785714
Vanya yamaani (27),49729.0,892.0,0,0,0,275,0,1260,0,275,48366,20.7096022002551,50176,0.0,0.0,175.66824776785714
Vanya yamaani (28),49729.0,892.0,0,0,0,204,0,1124,0,204,48644,15.541095344387756,50176,0.0,0.0,179.38835299744898
Vanya yamaani (29),49729.0,892.0,0,5,0,286,0,1269,0,286,48330,21.329619738520407,50176,0.0,0.0,122.72281568877551
Vanya yamaani (30),49729.0,892.0,0,2,0,275,0,1363,0,338,48198,23.489516900510203,50176,0.0,0.0,127.8709941007653
Vanya yamaani (31),49729.0,892.0,0,0,0,198,0,1158,0,198,48622,15.165019132653061,50176,0.0,0.0,187.62137276785714
Vanya yamaani (32),49729.0,892.0,0,1,0,217,0,1191,0,217,48550,16.979332748724488,50176,0.0,0.0,163.50675621811226
Vanya yamaani (33),49729.0,892.0,0,2,0,275,0,1363,0,338,48198,23.489516900510203,50176,0.0,0.0,127.8709941007653
Vanya yamaani (34),49729.0,892.0,0,0,0,216,0,1148,0,216,48596,16.171277104591837,50176,0.0,0.0,162.76476801658163
Vanya yamaani (35),49729.0,892.0,0,0,0,205,0,1150,0,205,48616,15.332728794642858,50176,0.0,0.0,176.60843829719389
Vanya yamaani (36),49729.0,892.0,0,0,0,211,0,1252,0,211,48502,18.45314492984694,50176,0.0,0.0,150.10014748086735
Vanya yamaani (37),49703.0,916.4852812290192,0,0,0,224,0,1136,0,224,48592,16.720145089285715,50176,0.0,0.0,170.23038903061226
Vanya yamaani (38),49729.0,892.0,0,5,0,286,0,1269,0,286,48330,21.329619738520407,50176,0.0,0.0,122.72281568877551
Vanya yamaani (39),49729.0,892.0,0,2,0,230,0,1247,0,226,48471,18.620854591836736,50176,0.0,0.0,153.88632015306123
Vanya yamaani (40),49729.0,892.0,0,0,0,205,0,1150,0,205,48616,15.332728794642858,50176,0.0,0.0,176.60843829719389
Vanya yamaani (41),49729.0,892.0,0,1,0,217,0,1191,0,217,48550,16.979332748724488,50176,0.0,0.0,163.50675621811226
Vanya yamaani (42),49729.0,892.0,0,1,0,227,0,1279,0,227,48442,19.55596301020408,50176,0.0,0.0,127.55590322066327
Vanya yamaani (43),49729.0,892.0,0,0,0,177,0,1052,0,181,48766,11.632952008928571,50176,0.0,0.0,207.69571109693877
Vanya yamaani (44),1.0,4.828427076339722,0,9,0,288,0,1218,0,284,48377,22.3714524872449,50176,0.0,0.0,133.62394371811226
Varuna (1),3.5,7.414213538169861,0,43,0,880,0,1599,0,900,46754,70.71249202806122,50176,0.0,0.0,115.34867267219387
Varuna (10),30.0,21.656854152679443,0,24,0,789,0,1407,0,724,47232,58.07328204719388,50176,0.0,0.0,62.713249362244895
Varuna (11),2707.0,437.36247885227203,0,20,0,661,0,1291,0,654,47550,56.19290098852041,50176,0.0,0.0,96.72781808035714
Varuna (2),2221.5,501.49747371673584,0,22,0,573,0,1585,0,558,47438,51.81720344387755,50176,0.0,0.0,60.30941087372449
Varuna (24),170.0,57.79898929595947,1,16,0,622,0,1048,0,643,47846,49.210080516581634,50176,0.0,0.0,87.70198899872449
Varuna (26),480.5,172.9533176422119,0,51,0,1201,0,2592,0,1211,45121,106.22120137117346,50176,0.0,0.0,103.68522799744898
Varuna (27),182.5,58.72792172431946,0,26,0,1129,0,1805,0,1141,46075,84.44435586734694,50176,0.0,0.0,101.20515784438776
Varuna (28),1090.5,146.61017191410065,0,31,0,881,0,1427,0,890,46947,67.06353635204081,50176,0.0,0.0,80.84113919005102
Varuna (29),469.5,126.32590067386627,0,9,0,337,0,1071,0,360,48399,30.823003029336736,50176,0.0,0.0,107.24778778698979
Varuna (3),26.5,22.242640614509583,0,31,0,941,0,1852,0,1049,46303,77.37005739795919,50176,0.0,0.0,110.53591358418367
Varuna (30),170.0,57.79898929595947,1,16,0,622,0,1048,0,643,47846,49.210080516581634,50176,0.0,0.0,87.70198899872449
Varuna (31),0.0,0.0,1,21,0,700,0,1439,0,782,47233,55.89813855229592,50176,0.0,0.0,119.39403300382654
Varuna (32),12.0,17.656854033470154,0,27,0,663,0,1343,0,707,47436,52.38131776147959,50176,0.0,0.0,61.051399075255105
Varuna (33),3.5,7.414213538169861,0,43,0,880,0,1599,0,900,46754,70.71249202806122,50176,0.0,0.0,115.34867267219387
Varuna (34),0.0,2.0,1,43,0,1161,0,1959,0,1118,45894,88.86579241071429,50176,0.0,0.0,84.71878985969387
Varuna (35),2703.5,426.7766921520233,0,16,0,598,0,1123,0,586,47853,49.6369778380102,50176,0.0,0.0,92.28097098214286
Varuna (36),2.0,6.828427076339722,0,38,0,984,0,2134,0,1004,46016,79.6875,50176,0.0,0.0,108.85881696428571
Varuna (37),6.0,14.828427076339722,0,30,0,676,0,1622,0,778,47070,59.292988679846935,50176,0.0,0.0,103.7563775510204
Varuna (38),18.0,18.82842707633972,0,9,0,304,0,663,0,262,48938,24.06379544005102,50176,0.0,0.0,33.66390306122449
Varuna (39),331.5,82.87005686759949,0,27,0,665,0,1242,0,692,47550,55.22729990433673,50176,0.0,0.0,94.21217315051021
Varuna (4),1816.5,267.66399371623993,0,2,0,108,0,138,0,106,49822,8.03481744260204,50176,0.0,0.0,9.625518176020408
Varuna (40),3815.5,338.63455617427826,0,14,0,385,0,858,0,371,48548,31.75811144770408,50176,0.0,0.0,52.076391103316325
Varuna (41),14.0,22.82842707633972,1,49,0,1130,0,2200,0,1157,45639,84.49517697704081,50176,0.0,0.0,113.17352917729592
Varuna (42),3350.5,330.208150267601,0,20,0,474,0,824,0,512,48346,39.08651546556123,50176,0.0,0.0,64.71560108418367
Varuna (43),3.5,7.414213538169861,0,24,0,727,0,1285,0,686,47454,56.86373963647959,50176,0.0,0.0,48.706951530612244
Varuna (44),11.0,14.828427076339722,0,15,0,273,0,459,0,259,49170,20.85190130739796,50176,0.0,0.0,19.60678411989796
Varuna (45),2.0,6.828427076339722,0,39,0,1148,0,2184,0,1211,45594,90.53272480867346,50176,0.0,0.0,97.21570073341837
Varuna (46),86.5,48.38477599620819,0,18,0,535,0,900,0,545,48178,43.330078125,50176,0.0,0.0,74.98654735331633
Varuna (47),35.5,31.899494647979736,1,41,0,948,0,1785,0,959,46442,75.56590800382654,50176,0.0,0.0,81.56279894770408
Varuna (48),56.0,59.31370830535889,0,27,0,838,0,1668,0,902,46741,70.44314014668367,50176,0.0,0.0,90.6038743622449
Varuna (5),170.0,57.79898929595947,1,16,0,622,0,1048,0,643,47846,49.210080516581634,50176,0.0,0.0,87.70198899872449
Varuna (6),0.0,2.0,1,57,0,1275,0,2401,0,1332,45110,92.09293287627551,50176,0.0,0.0,83.51941167091837
Varuna (7),12.0,17.656854033470154,0,27,0,663,0,1343,0,707,47436,52.38131776147959,50176,0.0,0.0,61.051399075255105
Varuna (8),30.0,21.656854152679443,0,24,0,789,0,1407,0,724,47232,58.07328204719388,50176,0.0,0.0,62.713249362244895
Varuna (9),469.5,126.32590067386627,0,9,0,337,0,1071,0,360,48399,30.823003029336736,50176,0.0,0.0,107.24778778698979
Vikankata (1),13810.0,911.8031647205353,0,8,0,352,0,458,0,374,48984,27.021584024234695,50176,0.0,0.0,71.97793765943878
Vikankata (10),5.0,10.828427076339722,0,8,0,105,0,263,0,82,49718,8.517617984693878,50176,0.0,0.0,12.735770089285714
Vikankata (2),7.5,12.242640614509583,0,23,0,884,0,1661,0,889,46719,70.0975566007653,50176,0.0,0.0,137.80143893494898
Vikankata (27),5.0,10.828427076339722,0,8,0,105,0,263,0,82,49718,8.517617984693878,50176,0.0,0.0,12.735770089285714
Vikankata (28),5.0,10.828427076339722,0,4,0,115,0,245,0,84,49728,8.410893654336734,50176,0.0,0.0,12.456253985969388
Vikankata (29),13803.0,905.1168738603592,0,5,0,371,0,472,0,398,48930,27.30110012755102,50176,0.0,0.0,71.66792889030613
Vikankata (3),49729.0,892.0,0,19,0,602,0,2728,0,655,46172,70.16362404336735,50176,0.0,0.0,122.37215003188776
Vikankata (30),5.0,11.656854152679443,0,8,0,106,0,252,0,80,49730,8.365154655612244,50176,0.0,0.0,12.664620535714286
Vikankata (31),15417.5,1139.5016479492188,0,6,0,385,0,655,0,390,48740,32.266322544642854,50176,0.0,0.0,80.5616230867347
Vikankata (32),471.0,94.42640614509583,0,5,0,340,0,785,0,320,48726,26.650589923469386,50176,0.0,0.0,60.64991230867347
Vikankata (33),86.0,38.485281229019165,0,26,0,820,0,1611,0,790,46929,64.74101163903062,50176,0.0,0.0,84.24615353954081
Vikankata (34),12.5,26.242640614509583,0,47,0,1303,0,2453,0,1302,45071,99.33494100765306,50176,0.0,0.0,126.51915258290816
Vikankata (35),5.0,10.828427076339722,0,4,0,115,0,245,0,84,49728,8.410893654336734,50176,0.0,0.0,12.456253985969388
Vikankata (36),0.0,4.0,0,11,0,282,0,436,0,254,49193,21.461754623724488,50176,0.0,0.0,19.494977678571427
Vikankata (37),15546.5,1216.0701907873154,0,3,0,424,0,641,0,422,48686,33.526686065051024,50176,0.0,0.0,81.54247050382654
Vikankata (38),312.5,87.21320307254791,0,28,0,1089,0,2111,0,1180,45768,87.93068399234694,50176,0.0,0.0,90.59879225127551
Vikankata (39),113.5,54.72792172431946,0,6,0,382,0,928,0,390,48470,33.05913185586735,50176,0.0,0.0,41.35313695790816
Vikankata (4),0.0,0.0,1,75,0,1663,0,2950,0,1629,43858,124.7607421875,50176,0.0,0.0,108.44208386479592
Vikankata (40),16.0,20.82842707633972,1,48,0,996,0,1826,0,987,46318,78.07647082270408,50176,0.0,0.0,67.08386479591837
Vikankata (41),1.0,4.0,0,67,0,1166,0,2085,0,1101,45757,87.39706234056122,50176,0.0,0.0,66.64680325255102
Vikankata (42),70.5,53.69848430156708,0,32,0,967,0,1992,0,992,46193,76.95840640943878,50176,0.0,0.0,89.8110650510204
Vikankata (43),0.0,0.0,1,38,0,1072,0,2572,0,1284,45209,94.0444634885204,50176,0.0,0.0,123.96793287627551
Vikankata (44),0.5,3.414213538169861,0,91,0,1712,0,3253,0,1727,43393,132.1857063137755,50176,0.0,0.0,98.59295280612245
Vikankata (45),205.0,84.42640626430511,0,36,0,1148,0,2194,0,1184,45614,89.6077806122449,50176,0.0,0.0,116.93937340561224
Vikankata (46),2355.0,220.2253955602646,1,7,0,479,0,1002,0,480,48207,42.85235969387755,50176,0.0,0.0,68.08504065688776
Vikankata (47),1.5,5.414213538169861,0,25,0,639,0,1325,0,684,47503,53.61118861607143,50176,0.0,0.0,57.95131138392857
Vikankata (48),11.0,16.82842707633972,0,6,0,241,0,636,0,249,49044,18.65134725765306,50176,0.0,0.0,42.91842713647959
Vikankata (49),1030.0,157.11269772052765,0,5,0,516,0,1168,0,501,47986,46.88247369260204,50176,0.0,0.0,79.96701610331633
Vikankata (5),2.0,6.0,0,72,0,1414,0,2527,0,1441,44722,104.7168965242347,50176,0.0,0.0,131.2302694515306
Vikankata (50),260.0,122.91168713569641,0,23,0,901,0,2115,0,943,46194,81.93379304846938,50176,0.0,0.0,162.69870057397958
Vikankata (51),0.0,2.0,0,20,0,749,0,1343,0,696,47368,60.67532286352041,50176,0.0,0.0,49.764030612244895
Vikankata (6),4.0,10.828427076339722,0,10,0,652,0,1376,0,677,47461,53.570531728316325,50176,0.0,0.0,133.54262994260205
Vikankata (7),115.0,44.14213514328003,0,18,0,630,0,1158,0,618,47752,52.38131776147959,50176,0.0,0.0,83.23989556760205
Vikankata (8),58.5,40.72792172431946,0,12,0,604,0,1248,0,608,47704,49.07794563137755,50176,0.0,0.0,161.60096460459184
Vikankata (9),13803.0,905.1168738603592,0,5,0,371,0,472,0,398,48930,27.30110012755102,50176,0.0,0.0,71.66792889030613
Zergul (1),0.0,2.0,1,34,0,983,0,1577,0,958,46623,74.21406648596938,50176,0.0,0.0,105.13871173469387
Zergul (10),1.5,5.414213538169861,2,36,0,1140,0,2245,0,1272,45481,91.04601801658163,50176,0.0,0.0,101.45418128188776
Zergul (2),6.0,10.828427076339722,0,9,0,90,0,319,0,68,49690,9.244359853316327,50176,0.0,0.0,5.0668646364795915
Zergul (25),6.5,12.242640614509583,1,25,0,462,0,849,0,423,48416,34.60917570153061,50176,0.0,0.0,40.052116549744895
Zergul (26),6.5,12.242640614509583,1,25,0,462,0,849,0,423,48416,34.60917570153061,50176,0.0,0.0,40.052116549744895
Zergul (27),6.5,12.242640614509583,1,25,0,462,0,849,0,423,48416,34.60917570153061,50176,0.0,0.0,40.052116549744895
Zergul (28),39.5,29.899494767189026,0,45,0,635,0,1165,0,563,47768,45.07832429846939,50176,0.0,0.0,36.5251315369898
Zergul (29),0.0,0.0,0,0,0,0,0,0,0,0,50176,0.0,50176,0.0,0.0,0.0
Zergul (3),45.5,32.72792172431946,1,48,0,1113,0,2465,0,1203,45346,95.47253667091837,50176,0.0,0.0,141.53170838647958
Zergul (30),3.5,9.41421353816986,0,12,0,495,0,1736,0,496,47437,42.72022480867347,50176,0.0,0.0,167.61310188137756
Zergul (31),21533.5,1348.9331070184708,0,14,0,563,0,1765,0,565,47269,46.29803093112245,50176,0.0,0.0,210.12496014030611
Zergul (32),49729.0,892.0,0,14,0,322,0,1388,0,322,48130,26.396484375,50176,0.0,0.0,220.44672751913265
Zergul (33),3.0,8.828427076339722,0,11,0,505,0,1671,0,503,47486,41.03804607780612,50176,0.0,0.0,180.1760801977041
Zergul (34),39057.0,2006.9991209506989,0,10,0,604,0,1845,0,633,47084,48.68154097576531,50176,0.0,0.0,191.22458944515307
Zergul (35),31497.5,2681.765709757805,0,8,0,660,0,1744,0,670,47094,51.62408322704081,50176,0.0,0.0,166.15961814413265
Zergul (36),9.5,14.242640614509583,1,60,0,717,0,1359,0,707,47332,53.87545838647959,50176,0.0,0.0,56.131915656887756
Zergul (37),15.5,22.242640614509583,1,35,0,741,0,1450,0,712,47237,54.11431760204081,50176,0.0,0.0,53.941525829081634
Zergul (38),6.5,10.242640614509583,1,46,0,1348,0,2520,0,1379,44882,106.38891103316327,50176,0.0,0.0,105.72823660714286
Zergul (39),1565.0,166.9116871356964,1,14,0,409,0,739,0,382,48631,30.74677136479592,50176,0.0,0.0,46.841816804846935
Zergul (4),104.0,75.94112479686737,0,39,0,1286,0,2465,0,1307,45079,99.06558912627551,50176,0.0,0.0,143.96603954081633
Zergul (40),0.0,0.0,2,95,0,1663,0,3141,0,1758,43517,127.32212611607143,50176,0.0,0.0,107.1207350127551
Zergul (41),0.0,2.0,0,87,0,1687,0,3392,0,1851,43159,133.71542171556123,50176,0.0,0.0,109.27555006377551
Zergul (42),0.5,7.414213538169861,0,67,0,1204,0,2196,0,1252,45457,93.29231106505102,50176,0.0,0.0,92.93148118622449
Zergul (43),49729.0,892.0,0,15,0,816,0,2373,0,877,46095,71.18512834821429,50176,0.0,0.0,170.0372688137755
Zergul (44),12.0,16.82842707633972,1,33,0,803,0,1509,0,765,47065,64.26329320790816,50176,0.0,0.0,113.06172273596938
Zergul (45),49729.0,892.0,0,18,0,701,0,2146,0,709,46602,60.58892697704081,50176,0.0,0.0,167.07439811862244
Zergul (46),53.5,34.72792196273804,0,49,0,1153,0,2725,0,1266,44983,94.84235491071429,50176,0.0,0.0,125.66535794005102
Zergul (47),91.0,44.1421355009079,0,7,0,658,0,1083,0,674,47754,49.962232940051024,50176,0.0,0.0,101.66254783163265
Zergul (48),58.5,36.72792196273804,0,20,0,555,0,1078,0,549,47974,44.89028619260204,50176,0.0,0.0,95.11678890306122
Zergul (49),16.0,19.656854152679443,0,0,0,8,0,10,0,4,50154,0.44722576530612246,50176,0.0,0.0,0.13213488520408162
Zergul (5),49729.0,892.0,0,19,0,566,0,1857,0,587,47147,45.25619818239796,50176,0.0,0.0,190.21833147321428
Zergul (6),3.5,7.414213538169861,0,32,0,471,0,891,0,456,48326,34.42621970663265,50176,0.0,0.0,34.85819913903061
Zergul (7),3.5,7.414213538169861,0,32,0,471,0,891,0,456,48326,34.42621970663265,50176,0.0,0.0,34.85819913903061
Zergul (8),1.0,4.0,0,73,0,1523,0,2923,0,1564,44093,122.33149314413265,50176,0.0,0.0,95.27941645408163
Zergul (9),50.0,30.14213514328003,0,4,0,127,0,205,0,106,49734,9.320591517857142,50176,0.0,0.0,8.741230867346939
